----------------
IN: 
0x00001000:  00000297          auipc                   t0,0                    # 0x1000
0x00001004:  02828613          addi                    a2,t0,40
0x00001008:  f1402573          csrrs                   a0,mhartid,zero

----------------
IN: 
0x0000100c:  0202b583          ld                      a1,32(t0)
0x00001010:  0182b283          ld                      t0,24(t0)
0x00001014:  00028067          jr                      t0

----------------
IN: 
0x80000000:  00024117          auipc                   sp,36                   # 0x80024000
0x80000004:  00010113          mv                      sp,sp
0x80000008:  62c1              lui                     t0,16
0x8000000a:  12fd              addi                    t0,t0,-1
0x8000000c:  30229073          csrrw                   zero,medeleg,t0

----------------
IN: 
0x80000010:  30329073          csrrw                   zero,mideleg,t0

----------------
IN: 
0x80000014:  4285              addi                    t0,zero,1
0x80000016:  02ae              slli                    t0,t0,11
0x80000018:  30029073          csrrw                   zero,mstatus,t0

----------------
IN: 
0x8000001c:  00001317          auipc                   t1,1                    # 0x8000101c
0x80000020:  bb430313          addi                    t1,t1,-1100
0x80000024:  34131073          csrrw                   zero,mepc,t1

----------------
IN: 
0x80000028:  52fd              addi                    t0,zero,-1
0x8000002a:  0022d293          srli                    t0,t0,2
0x8000002e:  3b029073          csrrw                   zero,pmpaddr0,t0

----------------
IN: 
0x80000032:  42bd              addi                    t0,zero,15
0x80000034:  3a029073          csrrw                   zero,pmpcfg0,t0

----------------
IN: 
0x80000038:  30200073          mret                    

----------------
IN: main
0x80000bd0:  d2010113          addi                    sp,sp,-736
0x80000bd4:  2c113c23          sd                      ra,728(sp)
0x80000bd8:  00001097          auipc                   ra,1                    # 0x80001bd8
0x80000bdc:  2fe080e7          jalr                    ra,ra,766

----------------
IN: _RNvNtCsb0QcX9fjLSJ_6tritan6kalloc5kinit
0x80001ed6:  7171              addi                    sp,sp,-176
0x80001ed8:  f506              sd                      ra,168(sp)
0x80001eda:  00022517          auipc                   a0,34                   # 0x80023eda
0x80001ede:  27650593          addi                    a1,a0,630
0x80001ee2:  f82e              sd                      a1,48(sp)
0x80001ee4:  6505              lui                     a0,1
0x80001ee6:  952e              add                     a0,a0,a1
0x80001ee8:  00b56b63          bgtu                    a1,a0,22                # 0x80001efe

----------------
IN: _RNvNtCsb0QcX9fjLSJ_6tritan6kalloc5kinit
0x80001eec:  a009              j                       2                       # 0x80001eee

----------------
IN: _RNvNtCsb0QcX9fjLSJ_6tritan6kalloc5kinit
0x80001eee:  00022517          auipc                   a0,34                   # 0x80023eee
0x80001ef2:  26250513          addi                    a0,a0,610
0x80001ef6:  75fd              lui                     a1,-1
0x80001ef8:  02b50f63          beq                     a0,a1,62                # 0x80001f36

----------------
IN: _RNvNtCsb0QcX9fjLSJ_6tritan6kalloc5kinit
0x80001efc:  a809              j                       18                      # 0x80001f0e

----------------
IN: _RNvNtCsb0QcX9fjLSJ_6tritan6kalloc5kinit
0x80001f0e:  00022517          auipc                   a0,34                   # 0x80023f0e
0x80001f12:  24250513          addi                    a0,a0,578
0x80001f16:  6585              lui                     a1,1
0x80001f18:  15fd              addi                    a1,a1,-1
0x80001f1a:  952e              add                     a0,a0,a1
0x80001f1c:  75fd              lui                     a1,-1
0x80001f1e:  8de9              and                     a1,a1,a0
0x80001f20:  e82e              sd                      a1,16(sp)
0x80001f22:  fc2e              sd                      a1,56(sp)
0x80001f24:  10f00513          addi                    a0,zero,271
0x80001f28:  055e              slli                    a0,a0,23
0x80001f2a:  40b50633          sub                     a2,a0,a1
0x80001f2e:  ec32              sd                      a2,24(sp)
0x80001f30:  0cb56a63          bgtu                    a1,a0,212               # 0x80002004

----------------
IN: _RNvNtCsb0QcX9fjLSJ_6tritan6kalloc5kinit
0x80001f34:  a809              j                       18                      # 0x80001f46

----------------
IN: _RNvNtCsb0QcX9fjLSJ_6tritan6kalloc5kinit
0x80001f46:  6562              ld                      a0,24(sp)
0x80001f48:  e0aa              sd                      a0,64(sp)
0x80001f4a:  00022517          auipc                   a0,34                   # 0x80023f4a
0x80001f4e:  0e650513          addi                    a0,a0,230
0x80001f52:  00002097          auipc                   ra,2                    # 0x80003f52
0x80001f56:  142080e7          jalr                    ra,ra,322

----------------
IN: _RNvXs2_Csd5aZ26uNDBs_22buddy_system_allocatorINtB5_10LockedHeapKj20_ENtNtNtCs4Hpn15vVByi_4core3ops5deref5Deref5derefCsb0QcX9fjLSJ_6tritan
0x80004094:  1141              addi                    sp,sp,-16
0x80004096:  e42a              sd                      a0,8(sp)
0x80004098:  0141              addi                    sp,sp,16
0x8000409a:  8082              ret                     

----------------
IN: _RNvNtCsb0QcX9fjLSJ_6tritan6kalloc5kinit
0x80001f5a:  85aa              mv                      a1,a0
0x80001f5c:  e42e              sd                      a1,8(sp)
0x80001f5e:  e4aa              sd                      a0,72(sp)
0x80001f60:  f0aa              sd                      a0,96(sp)
0x80001f62:  a009              j                       2                       # 0x80001f64

----------------
IN: _RNvNtCsb0QcX9fjLSJ_6tritan6kalloc5kinit
0x80001f64:  6522              ld                      a0,8(sp)
0x80001f66:  e92a              sd                      a0,144(sp)
0x80001f68:  4605              addi                    a2,zero,1
0x80001f6a:  4689              addi                    a3,zero,2
0x80001f6c:  4701              mv                      a4,zero
0x80001f6e:  85ba              mv                      a1,a4
0x80001f70:  00000097          auipc                   ra,0                    # 0x80001f70
0x80001f74:  8ae080e7          jalr                    ra,ra,-1874

----------------
IN: _RNvMs3_NtNtCs4Hpn15vVByi_4core4sync6atomicNtB5_10AtomicBool21compare_exchange_weakCsb0QcX9fjLSJ_6tritan
0x8000181e:  1101              addi                    sp,sp,-32
0x80001820:  ec06              sd                      ra,24(sp)
0x80001822:  e42a              sd                      a0,8(sp)
0x80001824:  00b10a23          sb                      a1,20(sp)
0x80001828:  00c10aa3          sb                      a2,21(sp)
0x8000182c:  00d10b23          sb                      a3,22(sp)
0x80001830:  00e10ba3          sb                      a4,23(sp)
0x80001834:  00000097          auipc                   ra,0                    # 0x80001834
0x80001838:  d32080e7          jalr                    ra,ra,-718

----------------
IN: _RNvMs3_NtNtCs4Hpn15vVByi_4core4sync6atomicNtB5_10AtomicBool16compare_exchangeCsb0QcX9fjLSJ_6tritan
0x80001566:  7119              addi                    sp,sp,-128
0x80001568:  fc86              sd                      ra,120(sp)
0x8000156a:  e42a              sd                      a0,8(sp)
0x8000156c:  87ba              mv                      a5,a4
0x8000156e:  e83e              sd                      a5,16(sp)
0x80001570:  87b2              mv                      a5,a2
0x80001572:  ec3e              sd                      a5,24(sp)
0x80001574:  87ae              mv                      a5,a1
0x80001576:  f03e              sd                      a5,32(sp)
0x80001578:  e4aa              sd                      a0,72(sp)
0x8000157a:  04b10923          sb                      a1,82(sp)
0x8000157e:  04c109a3          sb                      a2,83(sp)
0x80001582:  04d10a23          sb                      a3,84(sp)
0x80001586:  04e10aa3          sb                      a4,85(sp)
0x8000158a:  4501              mv                      a0,zero
0x8000158c:  04a10b23          sb                      a0,86(sp)
0x80001590:  04a10ba3          sb                      a0,87(sp)
0x80001594:  8536              mv                      a0,a3
0x80001596:  f42a              sd                      a0,40(sp)
0x80001598:  4511              addi                    a0,zero,4
0x8000159a:  00a69763          bne                     a3,a0,14                # 0x800015a8

----------------
IN: _RNvMs3_NtNtCs4Hpn15vVByi_4core4sync6atomicNtB5_10AtomicBool16compare_exchangeCsb0QcX9fjLSJ_6tritan
0x800015a8:  6542              ld                      a0,16(sp)
0x800015aa:  0ff57513          andi                    a0,a0,255
0x800015ae:  e02a              sd                      a0,0(sp)
0x800015b0:  4591              addi                    a1,zero,4
0x800015b2:  02b50063          beq                     a0,a1,32                # 0x800015d2

----------------
IN: _RNvMs3_NtNtCs4Hpn15vVByi_4core4sync6atomicNtB5_10AtomicBool16compare_exchangeCsb0QcX9fjLSJ_6tritan
0x800015b6:  a015              j                       36                      # 0x800015da

----------------
IN: _RNvMs3_NtNtCs4Hpn15vVByi_4core4sync6atomicNtB5_10AtomicBool16compare_exchangeCsb0QcX9fjLSJ_6tritan
0x800015da:  7522              ld                      a0,40(sp)
0x800015dc:  458d              addi                    a1,zero,3
0x800015de:  04b50763          beq                     a0,a1,78                # 0x8000162c

----------------
IN: _RNvMs3_NtNtCs4Hpn15vVByi_4core4sync6atomicNtB5_10AtomicBool16compare_exchangeCsb0QcX9fjLSJ_6tritan
0x800015e2:  a889              j                       82                      # 0x80001634

----------------
IN: _RNvMs3_NtNtCs4Hpn15vVByi_4core4sync6atomicNtB5_10AtomicBool16compare_exchangeCsb0QcX9fjLSJ_6tritan
0x80001634:  6502              ld                      a0,0(sp)
0x80001636:  4589              addi                    a1,zero,2
0x80001638:  02b50a63          beq                     a0,a1,52                # 0x8000166c

----------------
IN: _RNvMs3_NtNtCs4Hpn15vVByi_4core4sync6atomicNtB5_10AtomicBool16compare_exchangeCsb0QcX9fjLSJ_6tritan
0x8000163c:  a009              j                       2                       # 0x8000163e

----------------
IN: _RNvMs3_NtNtCs4Hpn15vVByi_4core4sync6atomicNtB5_10AtomicBool16compare_exchangeCsb0QcX9fjLSJ_6tritan
0x8000163e:  6502              ld                      a0,0(sp)
0x80001640:  458d              addi                    a1,zero,3
0x80001642:  02b50a63          beq                     a0,a1,52                # 0x80001676

----------------
IN: _RNvMs3_NtNtCs4Hpn15vVByi_4core4sync6atomicNtB5_10AtomicBool16compare_exchangeCsb0QcX9fjLSJ_6tritan
0x80001646:  a831              j                       28                      # 0x80001662

----------------
IN: _RNvMs3_NtNtCs4Hpn15vVByi_4core4sync6atomicNtB5_10AtomicBool16compare_exchangeCsb0QcX9fjLSJ_6tritan
0x80001662:  7522              ld                      a0,40(sp)
0x80001664:  4589              addi                    a1,zero,2
0x80001666:  06b50463          beq                     a0,a1,104               # 0x800016ce

----------------
IN: _RNvMs3_NtNtCs4Hpn15vVByi_4core4sync6atomicNtB5_10AtomicBool16compare_exchangeCsb0QcX9fjLSJ_6tritan
0x800016ce:  4509              addi                    a0,zero,2
0x800016d0:  02a10a23          sb                      a0,52(sp)
0x800016d4:  a831              j                       28                      # 0x800016f0

----------------
IN: _RNvMs3_NtNtCs4Hpn15vVByi_4core4sync6atomicNtB5_10AtomicBool16compare_exchangeCsb0QcX9fjLSJ_6tritan
0x800016f0:  7502              ld                      a0,32(sp)
0x800016f2:  65e2              ld                      a1,24(sp)
0x800016f4:  8d2d              xor                     a0,a0,a1
0x800016f6:  fff54513          not                     a0,a0
0x800016fa:  8905              andi                    a0,a0,1
0x800016fc:  02a10b23          sb                      a0,54(sp)
0x80001700:  03614503          lbu                     a0,54(sp)
0x80001704:  8905              andi                    a0,a0,1
0x80001706:  ed45              bnez                    a0,184                  # 0x800017be

----------------
IN: _RNvMs3_NtNtCs4Hpn15vVByi_4core4sync6atomicNtB5_10AtomicBool16compare_exchangeCsb0QcX9fjLSJ_6tritan
0x80001708:  bdf1              j                       -292                    # 0x800015e4

----------------
IN: _RNvMs3_NtNtCs4Hpn15vVByi_4core4sync6atomicNtB5_10AtomicBool16compare_exchangeCsb0QcX9fjLSJ_6tritan
0x800015e4:  6522              ld                      a0,8(sp)
0x800015e6:  65e2              ld                      a1,24(sp)
0x800015e8:  03414603          lbu                     a2,52(sp)
0x800015ec:  8985              andi                    a1,a1,1
0x800015ee:  00000097          auipc                   ra,0                    # 0x800015ee
0x800015f2:  274080e7          jalr                    ra,ra,628

----------------
IN: _RNvMs3_NtNtCs4Hpn15vVByi_4core4sync6atomicNtB5_10AtomicBool4swapCsb0QcX9fjLSJ_6tritan
0x80001862:  715d              addi                    sp,sp,-80
0x80001864:  ec2a              sd                      a0,24(sp)
0x80001866:  86b2              mv                      a3,a2
0x80001868:  f036              sd                      a3,32(sp)
0x8000186a:  f82a              sd                      a0,48(sp)
0x8000186c:  02b10d23          sb                      a1,58(sp)
0x80001870:  02c10da3          sb                      a2,59(sp)
0x80001874:  4505              addi                    a0,zero,1
0x80001876:  02a10e23          sb                      a0,60(sp)
0x8000187a:  02a10ea3          sb                      a0,61(sp)
0x8000187e:  4501              mv                      a0,zero
0x80001880:  02a10f23          sb                      a0,62(sp)
0x80001884:  02a10fa3          sb                      a0,63(sp)
0x80001888:  e195              bnez                    a1,36                   # 0x800018ac

----------------
IN: _RNvMs3_NtNtCs4Hpn15vVByi_4core4sync6atomicNtB5_10AtomicBool4swapCsb0QcX9fjLSJ_6tritan
0x800018ac:  7502              ld                      a0,32(sp)
0x800018ae:  65e2              ld                      a1,24(sp)
0x800018b0:  e4ae              sd                      a1,72(sp)
0x800018b2:  0ff57513          andi                    a0,a0,255
0x800018b6:  e42a              sd                      a0,8(sp)
0x800018b8:  6522              ld                      a0,8(sp)
0x800018ba:  00351593          slli                    a1,a0,3
0x800018be:  0000a517          auipc                   a0,10                   # 0x8000b8be
0x800018c2:  c5250513          addi                    a0,a0,-942
0x800018c6:  952e              add                     a0,a0,a1
0x800018c8:  6108              ld                      a0,0(a0)
0x800018ca:  8502              jr                      a0

----------------
IN: _RNvMs3_NtNtCs4Hpn15vVByi_4core4sync6atomicNtB5_10AtomicBool4swapCsb0QcX9fjLSJ_6tritan
0x800019d4:  6562              ld                      a0,24(sp)
0x800019d6:  ffc57613          andi                    a2,a0,-4
0x800019da:  0035159b          slliw                   a1,a0,3
0x800019de:  4505              addi                    a0,zero,1
0x800019e0:  00b5153b          sllw                    a0,a0,a1
0x800019e4:  44a6252f          amoor.w.aq              a0,a0,(a2)
0x800019e8:  00b5553b          srlw                    a0,a0,a1
0x800019ec:  02a10723          sb                      a0,46(sp)
0x800019f0:  a83d              j                       62                      # 0x80001a2e

----------------
IN: _RNvMs3_NtNtCs4Hpn15vVByi_4core4sync6atomicNtB5_10AtomicBool4swapCsb0QcX9fjLSJ_6tritan
0x80001a2e:  02e14503          lbu                     a0,46(sp)
0x80001a32:  00a03533          snez                    a0,a0
0x80001a36:  02a106a3          sb                      a0,45(sp)
0x80001a3a:  bf99              j                       -170                    # 0x80001990

----------------
IN: _RNvMs3_NtNtCs4Hpn15vVByi_4core4sync6atomicNtB5_10AtomicBool4swapCsb0QcX9fjLSJ_6tritan
0x80001990:  02d14503          lbu                     a0,45(sp)
0x80001994:  6161              addi                    sp,sp,80
0x80001996:  8082              ret                     

----------------
IN: _RNvMs3_NtNtCs4Hpn15vVByi_4core4sync6atomicNtB5_10AtomicBool16compare_exchangeCsb0QcX9fjLSJ_6tritan
0x800015f6:  02a10aa3          sb                      a0,53(sp)
0x800015fa:  a2dd              j                       486                     # 0x800017e0

----------------
IN: _RNvMs3_NtNtCs4Hpn15vVByi_4core4sync6atomicNtB5_10AtomicBool16compare_exchangeCsb0QcX9fjLSJ_6tritan
0x800017e0:  7582              ld                      a1,32(sp)
0x800017e2:  03514503          lbu                     a0,53(sp)
0x800017e6:  8905              andi                    a0,a0,1
0x800017e8:  8985              andi                    a1,a1,1
0x800017ea:  00b50b63          beq                     a0,a1,22                # 0x80001800

----------------
IN: _RNvMs3_NtNtCs4Hpn15vVByi_4core4sync6atomicNtB5_10AtomicBool16compare_exchangeCsb0QcX9fjLSJ_6tritan
0x80001800:  03514503          lbu                     a0,53(sp)
0x80001804:  02a109a3          sb                      a0,51(sp)
0x80001808:  4501              mv                      a0,zero
0x8000180a:  02a10923          sb                      a0,50(sp)
0x8000180e:  a009              j                       2                       # 0x80001810

----------------
IN: _RNvMs3_NtNtCs4Hpn15vVByi_4core4sync6atomicNtB5_10AtomicBool16compare_exchangeCsb0QcX9fjLSJ_6tritan
0x80001810:  03214503          lbu                     a0,50(sp)
0x80001814:  03314583          lbu                     a1,51(sp)
0x80001818:  70e6              ld                      ra,120(sp)
0x8000181a:  6109              addi                    sp,sp,128
0x8000181c:  8082              ret                     

----------------
IN: _RNvMs3_NtNtCs4Hpn15vVByi_4core4sync6atomicNtB5_10AtomicBool21compare_exchange_weakCsb0QcX9fjLSJ_6tritan
0x8000183c:  60e2              ld                      ra,24(sp)
0x8000183e:  6105              addi                    sp,sp,32
0x80001840:  8082              ret                     

----------------
IN: _RNvNtCsb0QcX9fjLSJ_6tritan6kalloc5kinit
0x80001f78:  8905              andi                    a0,a0,1
0x80001f7a:  08a10723          sb                      a0,142(sp)
0x80001f7e:  08b107a3          sb                      a1,143(sp)
0x80001f82:  08e10513          addi                    a0,sp,142
0x80001f86:  00002097          auipc                   ra,2                    # 0x80003f86
0x80001f8a:  9c4080e7          jalr                    ra,ra,-1596

----------------
IN: _RNvMNtCs4Hpn15vVByi_4core6resultINtB2_6ResultbbE5is_okCsb0QcX9fjLSJ_6tritan
0x8000394a:  1141              addi                    sp,sp,-16
0x8000394c:  e42a              sd                      a0,8(sp)
0x8000394e:  00054503          lbu                     a0,0(a0)
0x80003952:  fff54513          not                     a0,a0
0x80003956:  8905              andi                    a0,a0,1
0x80003958:  0141              addi                    sp,sp,16
0x8000395a:  8082              ret                     

----------------
IN: _RNvNtCsb0QcX9fjLSJ_6tritan6kalloc5kinit
0x80001f8e:  e509              bnez                    a0,10                   # 0x80001f98

----------------
IN: _RNvNtCsb0QcX9fjLSJ_6tritan6kalloc5kinit
0x80001f98:  65a2              ld                      a1,8(sp)
0x80001f9a:  00858513          addi                    a0,a1,8
0x80001f9e:  f12a              sd                      a0,160(sp)
0x80001fa0:  fcae              sd                      a1,120(sp)
0x80001fa2:  e12a              sd                      a0,128(sp)
0x80001fa4:  a009              j                       2                       # 0x80001fa6

----------------
IN: _RNvNtCsb0QcX9fjLSJ_6tritan6kalloc5kinit
0x80001fa6:  75e6              ld                      a1,120(sp)
0x80001fa8:  650a              ld                      a0,128(sp)
0x80001faa:  e8ae              sd                      a1,80(sp)
0x80001fac:  ecaa              sd                      a0,88(sp)
0x80001fae:  6546              ld                      a0,80(sp)
0x80001fb0:  e105              bnez                    a0,32                   # 0x80001fd0

----------------
IN: _RNvNtCsb0QcX9fjLSJ_6tritan6kalloc5kinit
0x80001fd0:  65c6              ld                      a1,80(sp)
0x80001fd2:  6566              ld                      a0,88(sp)
0x80001fd4:  f4ae              sd                      a1,104(sp)
0x80001fd6:  f8aa              sd                      a0,112(sp)
0x80001fd8:  f02e              sd                      a1,32(sp)
0x80001fda:  f42a              sd                      a0,40(sp)
0x80001fdc:  1008              addi                    a0,sp,32
0x80001fde:  e02a              sd                      a0,0(sp)
0x80001fe0:  00001097          auipc                   ra,1                    # 0x80002fe0
0x80001fe4:  50c080e7          jalr                    ra,ra,1292

----------------
IN: _RNvXsa_NtCsek73zhQAbPJ_4spin5mutexINtB5_10MutexGuardINtCsd5aZ26uNDBs_22buddy_system_allocator4HeapKj20_EENtNtNtCs4Hpn15vVByi_4core3ops5deref8DerefMut9deref_mutCsb0QcX9fjLSJ_6tritan
0x800034ec:  1141              addi                    sp,sp,-16
0x800034ee:  e406              sd                      ra,8(sp)
0x800034f0:  e02a              sd                      a0,0(sp)
0x800034f2:  00000097          auipc                   ra,0                    # 0x800034f2
0x800034f6:  51a080e7          jalr                    ra,ra,1306

----------------
IN: _RNvXsc_NtNtCsek73zhQAbPJ_4spin5mutex4spinINtB5_14SpinMutexGuardINtCsd5aZ26uNDBs_22buddy_system_allocator4HeapKj20_EENtNtNtCs4Hpn15vVByi_4core3ops5deref8DerefMut9deref_mutCsb0QcX9fjLSJ_6tritan
0x80003a0c:  1141              addi                    sp,sp,-16
0x80003a0e:  e42a              sd                      a0,8(sp)
0x80003a10:  6508              ld                      a0,8(a0)
0x80003a12:  0141              addi                    sp,sp,16
0x80003a14:  8082              ret                     

----------------
IN: _RNvXsa_NtCsek73zhQAbPJ_4spin5mutexINtB5_10MutexGuardINtCsd5aZ26uNDBs_22buddy_system_allocator4HeapKj20_EENtNtNtCs4Hpn15vVByi_4core3ops5deref8DerefMut9deref_mutCsb0QcX9fjLSJ_6tritan
0x800034fa:  60a2              ld                      ra,8(sp)
0x800034fc:  0141              addi                    sp,sp,16
0x800034fe:  8082              ret                     

----------------
IN: _RNvNtCsb0QcX9fjLSJ_6tritan6kalloc5kinit
0x80001fe8:  65c2              ld                      a1,16(sp)
0x80001fea:  6662              ld                      a2,24(sp)
0x80001fec:  00002097          auipc                   ra,2                    # 0x80003fec
0x80001ff0:  ce0080e7          jalr                    ra,ra,-800

----------------
IN: _RNvMCsd5aZ26uNDBs_22buddy_system_allocatorINtB2_4HeapKj20_E4initCsb0QcX9fjLSJ_6tritan
0x80003ccc:  7139              addi                    sp,sp,-64
0x80003cce:  fc06              sd                      ra,56(sp)
0x80003cd0:  e42e              sd                      a1,8(sp)
0x80003cd2:  e82a              sd                      a0,16(sp)
0x80003cd4:  f02a              sd                      a0,32(sp)
0x80003cd6:  f42e              sd                      a1,40(sp)
0x80003cd8:  f832              sd                      a2,48(sp)
0x80003cda:  00c58533          add                     a0,a1,a2
0x80003cde:  ec2a              sd                      a0,24(sp)
0x80003ce0:  00b56d63          bgtu                    a1,a0,26                # 0x80003cfa

----------------
IN: _RNvMCsd5aZ26uNDBs_22buddy_system_allocatorINtB2_4HeapKj20_E4initCsb0QcX9fjLSJ_6tritan
0x80003ce4:  a009              j                       2                       # 0x80003ce6

----------------
IN: _RNvMCsd5aZ26uNDBs_22buddy_system_allocatorINtB2_4HeapKj20_E4initCsb0QcX9fjLSJ_6tritan
0x80003ce6:  6662              ld                      a2,24(sp)
0x80003ce8:  65a2              ld                      a1,8(sp)
0x80003cea:  6542              ld                      a0,16(sp)
0x80003cec:  00000097          auipc                   ra,0                    # 0x80003cec
0x80003cf0:  d74080e7          jalr                    ra,ra,-652

----------------
IN: _RNvMCsd5aZ26uNDBs_22buddy_system_allocatorINtB2_4HeapKj20_E11add_to_heapCsb0QcX9fjLSJ_6tritan
0x80003a60:  7115              addi                    sp,sp,-224
0x80003a62:  ed86              sd                      ra,216(sp)
0x80003a64:  fcaa              sd                      a0,120(sp)
0x80003a66:  e52e              sd                      a1,136(sp)
0x80003a68:  e932              sd                      a2,144(sp)
0x80003a6a:  fd2a              sd                      a0,184(sp)
0x80003a6c:  65aa              ld                      a1,136(sp)
0x80003a6e:  00858513          addi                    a0,a1,8
0x80003a72:  e12a              sd                      a0,128(sp)
0x80003a74:  00b56963          bgtu                    a1,a0,18                # 0x80003a86

----------------
IN: _RNvMCsd5aZ26uNDBs_22buddy_system_allocatorINtB2_4HeapKj20_E11add_to_heapCsb0QcX9fjLSJ_6tritan
0x80003a78:  a009              j                       2                       # 0x80003a7a

----------------
IN: _RNvMCsd5aZ26uNDBs_22buddy_system_allocatorINtB2_4HeapKj20_E11add_to_heapCsb0QcX9fjLSJ_6tritan
0x80003a7a:  650a              ld                      a0,128(sp)
0x80003a7c:  fff50593          addi                    a1,a0,-1
0x80003a80:  f8ae              sd                      a1,112(sp)
0x80003a82:  cd19              beqz                    a0,30                   # 0x80003aa0

----------------
IN: _RNvMCsd5aZ26uNDBs_22buddy_system_allocatorINtB2_4HeapKj20_E11add_to_heapCsb0QcX9fjLSJ_6tritan
0x80003a84:  a809              j                       18                      # 0x80003a96

----------------
IN: _RNvMCsd5aZ26uNDBs_22buddy_system_allocatorINtB2_4HeapKj20_E11add_to_heapCsb0QcX9fjLSJ_6tritan
0x80003a96:  5561              addi                    a0,zero,-8
0x80003a98:  f4aa              sd                      a0,104(sp)
0x80003a9a:  4501              mv                      a0,zero
0x80003a9c:  e11d              bnez                    a0,38                   # 0x80003ac2

----------------
IN: _RNvMCsd5aZ26uNDBs_22buddy_system_allocatorINtB2_4HeapKj20_E11add_to_heapCsb0QcX9fjLSJ_6tritan
0x80003a9e:  a809              j                       18                      # 0x80003ab0

----------------
IN: _RNvMCsd5aZ26uNDBs_22buddy_system_allocatorINtB2_4HeapKj20_E11add_to_heapCsb0QcX9fjLSJ_6tritan
0x80003ab0:  7546              ld                      a0,112(sp)
0x80003ab2:  75a6              ld                      a1,104(sp)
0x80003ab4:  8d6d              and                     a0,a0,a1
0x80003ab6:  e52a              sd                      a0,136(sp)
0x80003ab8:  5561              addi                    a0,zero,-8
0x80003aba:  f0aa              sd                      a0,96(sp)
0x80003abc:  4501              mv                      a0,zero
0x80003abe:  e11d              bnez                    a0,38                   # 0x80003ae4

----------------
IN: _RNvMCsd5aZ26uNDBs_22buddy_system_allocatorINtB2_4HeapKj20_E11add_to_heapCsb0QcX9fjLSJ_6tritan
0x80003ac0:  a809              j                       18                      # 0x80003ad2

----------------
IN: _RNvMCsd5aZ26uNDBs_22buddy_system_allocatorINtB2_4HeapKj20_E11add_to_heapCsb0QcX9fjLSJ_6tritan
0x80003ad2:  7586              ld                      a1,96(sp)
0x80003ad4:  654a              ld                      a0,144(sp)
0x80003ad6:  8d6d              and                     a0,a0,a1
0x80003ad8:  e92a              sd                      a0,144(sp)
0x80003ada:  65aa              ld                      a1,136(sp)
0x80003adc:  654a              ld                      a0,144(sp)
0x80003ade:  02b57863          bleu                    a1,a0,48                # 0x80003b0e

----------------
IN: _RNvMCsd5aZ26uNDBs_22buddy_system_allocatorINtB2_4HeapKj20_E11add_to_heapCsb0QcX9fjLSJ_6tritan
0x80003b0e:  4501              mv                      a0,zero
0x80003b10:  ed2a              sd                      a0,152(sp)
0x80003b12:  652a              ld                      a0,136(sp)
0x80003b14:  f12a              sd                      a0,160(sp)
0x80003b16:  a009              j                       2                       # 0x80003b18

----------------
IN: _RNvMCsd5aZ26uNDBs_22buddy_system_allocatorINtB2_4HeapKj20_E11add_to_heapCsb0QcX9fjLSJ_6tritan
0x80003b18:  758a              ld                      a1,160(sp)
0x80003b1a:  00858513          addi                    a0,a1,8
0x80003b1e:  ecaa              sd                      a0,88(sp)
0x80003b20:  00b56863          bgtu                    a1,a0,16                # 0x80003b30

----------------
IN: _RNvMCsd5aZ26uNDBs_22buddy_system_allocatorINtB2_4HeapKj20_E11add_to_heapCsb0QcX9fjLSJ_6tritan
0x80003b24:  a009              j                       2                       # 0x80003b26

----------------
IN: _RNvMCsd5aZ26uNDBs_22buddy_system_allocatorINtB2_4HeapKj20_E11add_to_heapCsb0QcX9fjLSJ_6tritan
0x80003b26:  65e6              ld                      a1,88(sp)
0x80003b28:  654a              ld                      a0,144(sp)
0x80003b2a:  02b57463          bleu                    a1,a0,40                # 0x80003b52

----------------
IN: _RNvMCsd5aZ26uNDBs_22buddy_system_allocatorINtB2_4HeapKj20_E11add_to_heapCsb0QcX9fjLSJ_6tritan
0x80003b52:  760a              ld                      a2,160(sp)
0x80003b54:  e0b2              sd                      a2,64(sp)
0x80003b56:  fff64593          not                     a1,a2
0x80003b5a:  4501              mv                      a0,zero
0x80003b5c:  8d11              sub                     a0,a0,a2
0x80003b5e:  e4aa              sd                      a0,72(sp)
0x80003b60:  02b56f63          bgtu                    a1,a0,62                # 0x80003b9e

----------------
IN: _RNvMCsd5aZ26uNDBs_22buddy_system_allocatorINtB2_4HeapKj20_E11add_to_heapCsb0QcX9fjLSJ_6tritan
0x80003b64:  a005              j                       32                      # 0x80003b84

----------------
IN: _RNvMCsd5aZ26uNDBs_22buddy_system_allocatorINtB2_4HeapKj20_E11add_to_heapCsb0QcX9fjLSJ_6tritan
0x80003b84:  6506              ld                      a0,64(sp)
0x80003b86:  65a6              ld                      a1,72(sp)
0x80003b88:  8d6d              and                     a0,a0,a1
0x80003b8a:  f82a              sd                      a0,48(sp)
0x80003b8c:  e1aa              sd                      a0,192(sp)
0x80003b8e:  654a              ld                      a0,144(sp)
0x80003b90:  758a              ld                      a1,160(sp)
0x80003b92:  40b50633          sub                     a2,a0,a1
0x80003b96:  fc32              sd                      a2,56(sp)
0x80003b98:  06b56d63          bgtu                    a1,a0,122               # 0x80003c12

----------------
IN: _RNvMCsd5aZ26uNDBs_22buddy_system_allocatorINtB2_4HeapKj20_E11add_to_heapCsb0QcX9fjLSJ_6tritan
0x80003b9c:  a809              j                       18                      # 0x80003bae

----------------
IN: _RNvMCsd5aZ26uNDBs_22buddy_system_allocatorINtB2_4HeapKj20_E11add_to_heapCsb0QcX9fjLSJ_6tritan
0x80003bae:  7562              ld                      a0,56(sp)
0x80003bb0:  00001097          auipc                   ra,1                    # 0x80004bb0
0x80003bb4:  6c6080e7          jalr                    ra,ra,1734

----------------
IN: _RNvCsd5aZ26uNDBs_22buddy_system_allocator17prev_power_of_two
0x80005276:  7179              addi                    sp,sp,-48
0x80005278:  ec2a              sd                      a0,24(sp)
0x8000527a:  f02a              sd                      a0,32(sp)
0x8000527c:  00155593          srli                    a1,a0,1
0x80005280:  8d4d              or                      a0,a0,a1
0x80005282:  00255593          srli                    a1,a0,2
0x80005286:  8d4d              or                      a0,a0,a1
0x80005288:  00455593          srli                    a1,a0,4
0x8000528c:  8d4d              or                      a0,a0,a1
0x8000528e:  00855593          srli                    a1,a0,8
0x80005292:  8d4d              or                      a0,a0,a1
0x80005294:  01055593          srli                    a1,a0,16
0x80005298:  8d4d              or                      a0,a0,a1
0x8000529a:  02055593          srli                    a1,a0,32
0x8000529e:  8d4d              or                      a0,a0,a1
0x800052a0:  fff54513          not                     a0,a0
0x800052a4:  00155593          srli                    a1,a0,1
0x800052a8:  55555637          lui                     a2,349525
0x800052ac:  55560613          addi                    a2,a2,1365
0x800052b0:  02061693          slli                    a3,a2,32
0x800052b4:  9636              add                     a2,a2,a3
0x800052b6:  8df1              and                     a1,a1,a2
0x800052b8:  40b505b3          sub                     a1,a0,a1
0x800052bc:  33333537          lui                     a0,209715
0x800052c0:  33350513          addi                    a0,a0,819
0x800052c4:  02051613          slli                    a2,a0,32
0x800052c8:  962a              add                     a2,a2,a0
0x800052ca:  00c5f533          and                     a0,a1,a2
0x800052ce:  8189              srli                    a1,a1,2
0x800052d0:  8df1              and                     a1,a1,a2
0x800052d2:  952e              add                     a0,a0,a1
0x800052d4:  00455593          srli                    a1,a0,4
0x800052d8:  952e              add                     a0,a0,a1
0x800052da:  0f0f15b7          lui                     a1,61681
0x800052de:  f0f58593          addi                    a1,a1,-241
0x800052e2:  02059613          slli                    a2,a1,32
0x800052e6:  95b2              add                     a1,a1,a2
0x800052e8:  8d6d              and                     a0,a0,a1
0x800052ea:  010105b7          lui                     a1,4112
0x800052ee:  10158593          addi                    a1,a1,257
0x800052f2:  02059613          slli                    a2,a1,32
0x800052f6:  95b2              add                     a1,a1,a2
0x800052f8:  02b50533          mul                     a0,a0,a1
0x800052fc:  9161              srli                    a0,a0,56
0x800052fe:  d62a              sw                      a0,44(sp)
0x80005300:  02c16583          lwu                     a1,44(sp)
0x80005304:  04000513          addi                    a0,zero,64
0x80005308:  40b50633          sub                     a2,a0,a1
0x8000530c:  e832              sd                      a2,16(sp)
0x8000530e:  00b56963          bgtu                    a1,a0,18                # 0x80005320

----------------
IN: _RNvCsd5aZ26uNDBs_22buddy_system_allocator17prev_power_of_two
0x80005312:  a009              j                       2                       # 0x80005314

----------------
IN: _RNvCsd5aZ26uNDBs_22buddy_system_allocator17prev_power_of_two
0x80005314:  6542              ld                      a0,16(sp)
0x80005316:  fff50593          addi                    a1,a0,-1
0x8000531a:  e42e              sd                      a1,8(sp)
0x8000531c:  c105              beqz                    a0,32                   # 0x8000533c

----------------
IN: _RNvCsd5aZ26uNDBs_22buddy_system_allocator17prev_power_of_two
0x8000531e:  a809              j                       18                      # 0x80005330

----------------
IN: _RNvCsd5aZ26uNDBs_22buddy_system_allocator17prev_power_of_two
0x80005330:  6522              ld                      a0,8(sp)
0x80005332:  04000593          addi                    a1,zero,64
0x80005336:  00b56b63          bgtu                    a1,a0,22                # 0x8000534c

----------------
IN: _RNvCsd5aZ26uNDBs_22buddy_system_allocator17prev_power_of_two
0x8000534c:  65a2              ld                      a1,8(sp)
0x8000534e:  4505              addi                    a0,zero,1
0x80005350:  00b51533          sll                     a0,a0,a1
0x80005354:  6145              addi                    sp,sp,48
0x80005356:  8082              ret                     

----------------
IN: _RNvMCsd5aZ26uNDBs_22buddy_system_allocatorINtB2_4HeapKj20_E11add_to_heapCsb0QcX9fjLSJ_6tritan
0x80003bb8:  85aa              mv                      a1,a0
0x80003bba:  7542              ld                      a0,48(sp)
0x80003bbc:  ffffe097          auipc                   ra,-2                   # 0x80001bbc
0x80003bc0:  078080e7          jalr                    ra,ra,120

----------------
IN: _RINvNtCs4Hpn15vVByi_4core3cmp3minjECsb0QcX9fjLSJ_6tritan
0x80001c34:  1101              addi                    sp,sp,-32
0x80001c36:  ec06              sd                      ra,24(sp)
0x80001c38:  e42a              sd                      a0,8(sp)
0x80001c3a:  e82e              sd                      a1,16(sp)
0x80001c3c:  00003097          auipc                   ra,3                    # 0x80004c3c
0x80001c40:  610080e7          jalr                    ra,ra,1552

----------------
IN: _RNvYjNtNtCs4Hpn15vVByi_4core3cmp3Ord3minCscQj4IemQydr_4talc
0x8000524c:  7179              addi                    sp,sp,-48
0x8000524e:  e42a              sd                      a0,8(sp)
0x80005250:  e82e              sd                      a1,16(sp)
0x80005252:  0808              addi                    a0,sp,16
0x80005254:  f02a              sd                      a0,32(sp)
0x80005256:  0028              addi                    a0,sp,8
0x80005258:  f42a              sd                      a0,40(sp)
0x8000525a:  6542              ld                      a0,16(sp)
0x8000525c:  65a2              ld                      a1,8(sp)
0x8000525e:  00b56663          bgtu                    a1,a0,12                # 0x8000526a

----------------
IN: _RNvYjNtNtCs4Hpn15vVByi_4core3cmp3Ord3minCscQj4IemQydr_4talc
0x80005262:  a009              j                       2                       # 0x80005264

----------------
IN: _RNvYjNtNtCs4Hpn15vVByi_4core3cmp3Ord3minCscQj4IemQydr_4talc
0x80005264:  6522              ld                      a0,8(sp)
0x80005266:  ec2a              sd                      a0,24(sp)
0x80005268:  a021              j                       8                       # 0x80005270

----------------
IN: _RNvYjNtNtCs4Hpn15vVByi_4core3cmp3Ord3minCscQj4IemQydr_4talc
0x80005270:  6562              ld                      a0,24(sp)
0x80005272:  6145              addi                    sp,sp,48
0x80005274:  8082              ret                     

----------------
IN: _RINvNtCs4Hpn15vVByi_4core3cmp3minjECsb0QcX9fjLSJ_6tritan
0x80001c44:  60e2              ld                      ra,24(sp)
0x80001c46:  6105              addi                    sp,sp,32
0x80001c48:  8082              ret                     

----------------
IN: _RNvMCsd5aZ26uNDBs_22buddy_system_allocatorINtB2_4HeapKj20_E11add_to_heapCsb0QcX9fjLSJ_6tritan
0x80003bc4:  f52a              sd                      a0,168(sp)
0x80003bc6:  752a              ld                      a0,168(sp)
0x80003bc8:  e5aa              sd                      a0,200(sp)
0x80003bca:  4581              mv                      a1,zero
0x80003bcc:  8d89              sub                     a1,a1,a0
0x80003bce:  8de9              and                     a1,a1,a0
0x80003bd0:  00007617          auipc                   a2,7                    # 0x8000abd0
0x80003bd4:  5a860613          addi                    a2,a2,1448
0x80003bd8:  6210              ld                      a2,0(a2)
0x80003bda:  02c585b3          mul                     a1,a1,a2
0x80003bde:  03a5d613          srli                    a2,a1,58
0x80003be2:  00009597          auipc                   a1,9                    # 0x8000cbe2
0x80003be6:  97e58593          addi                    a1,a1,-1666
0x80003bea:  95b2              add                     a1,a1,a2
0x80003bec:  0005c583          lbu                     a1,0(a1)
0x80003bf0:  04000613          addi                    a2,zero,64
0x80003bf4:  f032              sd                      a2,32(sp)
0x80003bf6:  f42e              sd                      a1,40(sp)
0x80003bf8:  e119              bnez                    a0,6                    # 0x80003bfe

----------------
IN: _RNvMCsd5aZ26uNDBs_22buddy_system_allocatorINtB2_4HeapKj20_E11add_to_heapCsb0QcX9fjLSJ_6tritan
0x80003bfe:  7522              ld                      a0,40(sp)
0x80003c00:  cbaa              sw                      a0,212(sp)
0x80003c02:  0d416503          lwu                     a0,212(sp)
0x80003c06:  f92a              sd                      a0,176(sp)
0x80003c08:  75ca              ld                      a1,176(sp)
0x80003c0a:  457d              addi                    a0,zero,31
0x80003c0c:  02b56263          bgtu                    a1,a0,36                # 0x80003c30

----------------
IN: _RNvMCsd5aZ26uNDBs_22buddy_system_allocatorINtB2_4HeapKj20_E11add_to_heapCsb0QcX9fjLSJ_6tritan
0x80003c10:  a809              j                       18                      # 0x80003c22

----------------
IN: _RNvMCsd5aZ26uNDBs_22buddy_system_allocatorINtB2_4HeapKj20_E11add_to_heapCsb0QcX9fjLSJ_6tritan
0x80003c22:  752a              ld                      a0,168(sp)
0x80003c24:  65ea              ld                      a1,152(sp)
0x80003c26:  952e              add                     a0,a0,a1
0x80003c28:  ec2a              sd                      a0,24(sp)
0x80003c2a:  04b56363          bgtu                    a1,a0,70                # 0x80003c70

----------------
IN: _RNvMCsd5aZ26uNDBs_22buddy_system_allocatorINtB2_4HeapKj20_E11add_to_heapCsb0QcX9fjLSJ_6tritan
0x80003c2e:  a805              j                       48                      # 0x80003c5e

----------------
IN: _RNvMCsd5aZ26uNDBs_22buddy_system_allocatorINtB2_4HeapKj20_E11add_to_heapCsb0QcX9fjLSJ_6tritan
0x80003c5e:  6562              ld                      a0,24(sp)
0x80003c60:  ed2a              sd                      a0,152(sp)
0x80003c62:  754a              ld                      a0,176(sp)
0x80003c64:  e42a              sd                      a0,8(sp)
0x80003c66:  02000593          addi                    a1,zero,32
0x80003c6a:  00b56b63          bgtu                    a1,a0,22                # 0x80003c80

----------------
IN: _RNvMCsd5aZ26uNDBs_22buddy_system_allocatorINtB2_4HeapKj20_E11add_to_heapCsb0QcX9fjLSJ_6tritan
0x80003c80:  7566              ld                      a0,120(sp)
0x80003c82:  65a2              ld                      a1,8(sp)
0x80003c84:  058e              slli                    a1,a1,3
0x80003c86:  952e              add                     a0,a0,a1
0x80003c88:  758a              ld                      a1,160(sp)
0x80003c8a:  00001097          auipc                   ra,1                    # 0x80004c8a
0x80003c8e:  720080e7          jalr                    ra,ra,1824

----------------
IN: _RNvMs_NtCsd5aZ26uNDBs_22buddy_system_allocator11linked_listNtB4_10LinkedList4push
0x800053aa:  1141              addi                    sp,sp,-16
0x800053ac:  e02a              sd                      a0,0(sp)
0x800053ae:  e42e              sd                      a1,8(sp)
0x800053b0:  6110              ld                      a2,0(a0)
0x800053b2:  e190              sd                      a2,0(a1)
0x800053b4:  e10c              sd                      a1,0(a0)
0x800053b6:  0141              addi                    sp,sp,16
0x800053b8:  8082              ret                     

----------------
IN: _RNvMCsd5aZ26uNDBs_22buddy_system_allocatorINtB2_4HeapKj20_E11add_to_heapCsb0QcX9fjLSJ_6tritan
0x80003c92:  752a              ld                      a0,168(sp)
0x80003c94:  758a              ld                      a1,160(sp)
0x80003c96:  952e              add                     a0,a0,a1
0x80003c98:  e02a              sd                      a0,0(sp)
0x80003c9a:  02b56163          bgtu                    a1,a0,34                # 0x80003cbc

----------------
IN: _RNvMCsd5aZ26uNDBs_22buddy_system_allocatorINtB2_4HeapKj20_E11add_to_heapCsb0QcX9fjLSJ_6tritan
0x80003c9e:  a821              j                       24                      # 0x80003cb6

----------------
IN: _RNvMCsd5aZ26uNDBs_22buddy_system_allocatorINtB2_4HeapKj20_E11add_to_heapCsb0QcX9fjLSJ_6tritan
0x80003cb6:  6502              ld                      a0,0(sp)
0x80003cb8:  f12a              sd                      a0,160(sp)
0x80003cba:  bdb9              j                       -418                    # 0x80003b18

----------------
IN: _RNvYjNtNtCs4Hpn15vVByi_4core3cmp3Ord3minCscQj4IemQydr_4talc
0x8000526a:  6542              ld                      a0,16(sp)
0x8000526c:  ec2a              sd                      a0,24(sp)
0x8000526e:  a009              j                       2                       # 0x80005270

----------------
IN: _RNvMCsd5aZ26uNDBs_22buddy_system_allocatorINtB2_4HeapKj20_E11add_to_heapCsb0QcX9fjLSJ_6tritan
0x80003b2e:  a809              j                       18                      # 0x80003b40

----------------
IN: _RNvMCsd5aZ26uNDBs_22buddy_system_allocatorINtB2_4HeapKj20_E11add_to_heapCsb0QcX9fjLSJ_6tritan
0x80003b40:  75e6              ld                      a1,120(sp)
0x80003b42:  656a              ld                      a0,152(sp)
0x80003b44:  1105b583          ld                      a1,272(a1)
0x80003b48:  952e              add                     a0,a0,a1
0x80003b4a:  e8aa              sd                      a0,80(sp)
0x80003b4c:  02b56463          bgtu                    a1,a0,40                # 0x80003b74

----------------
IN: _RNvMCsd5aZ26uNDBs_22buddy_system_allocatorINtB2_4HeapKj20_E11add_to_heapCsb0QcX9fjLSJ_6tritan
0x80003b50:  a819              j                       22                      # 0x80003b66

----------------
IN: _RNvMCsd5aZ26uNDBs_22buddy_system_allocatorINtB2_4HeapKj20_E11add_to_heapCsb0QcX9fjLSJ_6tritan
0x80003b66:  6546              ld                      a0,80(sp)
0x80003b68:  75e6              ld                      a1,120(sp)
0x80003b6a:  10a5b823          sd                      a0,272(a1)
0x80003b6e:  60ee              ld                      ra,216(sp)
0x80003b70:  612d              addi                    sp,sp,224
0x80003b72:  8082              ret                     

----------------
IN: _RNvMCsd5aZ26uNDBs_22buddy_system_allocatorINtB2_4HeapKj20_E4initCsb0QcX9fjLSJ_6tritan
0x80003cf4:  70e2              ld                      ra,56(sp)
0x80003cf6:  6121              addi                    sp,sp,64
0x80003cf8:  8082              ret                     

----------------
IN: _RNvNtCsb0QcX9fjLSJ_6tritan6kalloc5kinit
0x80001ff4:  6502              ld                      a0,0(sp)
0x80001ff6:  00001097          auipc                   ra,1                    # 0x80002ff6
0x80001ffa:  83c080e7          jalr                    ra,ra,-1988

----------------
IN: _RINvNtCs4Hpn15vVByi_4core3ptr13drop_in_placeINtNtCsek73zhQAbPJ_4spin5mutex10MutexGuardINtCsd5aZ26uNDBs_22buddy_system_allocator4HeapKj20_EEECsb0QcX9fjLSJ_6tritan
0x80002832:  1141              addi                    sp,sp,-16
0x80002834:  e406              sd                      ra,8(sp)
0x80002836:  e02a              sd                      a0,0(sp)
0x80002838:  00000097          auipc                   ra,0                    # 0x80002838
0x8000283c:  04a080e7          jalr                    ra,ra,74

----------------
IN: _RINvNtCs4Hpn15vVByi_4core3ptr13drop_in_placeINtNtNtCsek73zhQAbPJ_4spin5mutex4spin14SpinMutexGuardINtCsd5aZ26uNDBs_22buddy_system_allocator4HeapKj20_EEECsb0QcX9fjLSJ_6tritan
0x80002882:  1141              addi                    sp,sp,-16
0x80002884:  e406              sd                      ra,8(sp)
0x80002886:  e02a              sd                      a0,0(sp)
0x80002888:  00000097          auipc                   ra,0                    # 0x80002888
0x8000288c:  04c080e7          jalr                    ra,ra,76

----------------
IN: _RNvXsd_NtNtCsek73zhQAbPJ_4spin5mutex4spinINtB5_14SpinMutexGuardINtCsd5aZ26uNDBs_22buddy_system_allocator4HeapKj20_EENtNtNtCs4Hpn15vVByi_4core3ops4drop4Drop4dropCsb0QcX9fjLSJ_6tritan
0x800028d4:  1141              addi                    sp,sp,-16
0x800028d6:  e406              sd                      ra,8(sp)
0x800028d8:  e02a              sd                      a0,0(sp)
0x800028da:  6108              ld                      a0,0(a0)
0x800028dc:  4581              mv                      a1,zero
0x800028de:  4605              addi                    a2,zero,1
0x800028e0:  fffff097          auipc                   ra,-1                   # 0x800018e0
0x800028e4:  15c080e7          jalr                    ra,ra,348

----------------
IN: _RNvMs3_NtNtCs4Hpn15vVByi_4core4sync6atomicNtB5_10AtomicBool5storeCsb0QcX9fjLSJ_6tritan
0x80001a3c:  1101              addi                    sp,sp,-32
0x80001a3e:  ec06              sd                      ra,24(sp)
0x80001a40:  e42a              sd                      a0,8(sp)
0x80001a42:  00b10b23          sb                      a1,22(sp)
0x80001a46:  00c10ba3          sb                      a2,23(sp)
0x80001a4a:  00004097          auipc                   ra,4                    # 0x80005a4a
0x80001a4e:  986080e7          jalr                    ra,ra,-1658

----------------
IN: _RINvNtNtCs4Hpn15vVByi_4core4sync6atomic12atomic_storehECsek73zhQAbPJ_4spin
0x800053d0:  715d              addi                    sp,sp,-80
0x800053d2:  e42a              sd                      a0,8(sp)
0x800053d4:  86ae              mv                      a3,a1
0x800053d6:  e836              sd                      a3,16(sp)
0x800053d8:  f02a              sd                      a0,32(sp)
0x800053da:  02b10723          sb                      a1,46(sp)
0x800053de:  02c107a3          sb                      a2,47(sp)
0x800053e2:  ec32              sd                      a2,24(sp)
0x800053e4:  6562              ld                      a0,24(sp)
0x800053e6:  00351593          slli                    a1,a0,3
0x800053ea:  00008517          auipc                   a0,8                    # 0x8000d3ea
0x800053ee:  c4650513          addi                    a0,a0,-954
0x800053f2:  952e              add                     a0,a0,a1
0x800053f4:  6108              ld                      a0,0(a0)
0x800053f6:  8502              jr                      a0

----------------
IN: _RINvNtNtCs4Hpn15vVByi_4core4sync6atomic12atomic_storehECsek73zhQAbPJ_4spin
0x80005404:  6542              ld                      a0,16(sp)
0x80005406:  65a2              ld                      a1,8(sp)
0x80005408:  0310000f          fence                   rw,w
0x8000540c:  00a58023          sb                      a0,0(a1)
0x80005410:  a8b1              j                       92                      # 0x8000546c

----------------
IN: _RINvNtNtCs4Hpn15vVByi_4core4sync6atomic12atomic_storehECsek73zhQAbPJ_4spin
0x8000546c:  6161              addi                    sp,sp,80
0x8000546e:  8082              ret                     

----------------
IN: _RNvMs3_NtNtCs4Hpn15vVByi_4core4sync6atomicNtB5_10AtomicBool5storeCsb0QcX9fjLSJ_6tritan
0x80001a52:  60e2              ld                      ra,24(sp)
0x80001a54:  6105              addi                    sp,sp,32
0x80001a56:  8082              ret                     

----------------
IN: _RNvXsd_NtNtCsek73zhQAbPJ_4spin5mutex4spinINtB5_14SpinMutexGuardINtCsd5aZ26uNDBs_22buddy_system_allocator4HeapKj20_EENtNtNtCs4Hpn15vVByi_4core3ops4drop4Drop4dropCsb0QcX9fjLSJ_6tritan
0x800028e8:  60a2              ld                      ra,8(sp)
0x800028ea:  0141              addi                    sp,sp,16
0x800028ec:  8082              ret                     

----------------
IN: _RINvNtCs4Hpn15vVByi_4core3ptr13drop_in_placeINtNtNtCsek73zhQAbPJ_4spin5mutex4spin14SpinMutexGuardINtCsd5aZ26uNDBs_22buddy_system_allocator4HeapKj20_EEECsb0QcX9fjLSJ_6tritan
0x80002890:  60a2              ld                      ra,8(sp)
0x80002892:  0141              addi                    sp,sp,16
0x80002894:  8082              ret                     

----------------
IN: _RINvNtCs4Hpn15vVByi_4core3ptr13drop_in_placeINtNtCsek73zhQAbPJ_4spin5mutex10MutexGuardINtCsd5aZ26uNDBs_22buddy_system_allocator4HeapKj20_EEECsb0QcX9fjLSJ_6tritan
0x80002840:  60a2              ld                      ra,8(sp)
0x80002842:  0141              addi                    sp,sp,16
0x80002844:  8082              ret                     

----------------
IN: _RNvNtCsb0QcX9fjLSJ_6tritan6kalloc5kinit
0x80001ffe:  70aa              ld                      ra,168(sp)

----------------
IN: _RNvNtCsb0QcX9fjLSJ_6tritan6kalloc5kinit
0x80002000:  614d              addi                    sp,sp,176
0x80002002:  8082              ret                     

----------------
IN: main
0x80000be0:  0000a517          auipc                   a0,10                   # 0x8000abe0
0x80000be4:  63850513          addi                    a0,a0,1592
0x80000be8:  45d9              addi                    a1,zero,22
0x80000bea:  00001097          auipc                   ra,1                    # 0x80001bea
0x80000bee:  f04080e7          jalr                    ra,ra,-252

----------------
IN: _RNvMs2_NtCs4Hpn15vVByi_4core3fmtNtB5_9Arguments17from_str_nonconstCsb0QcX9fjLSJ_6tritan
0x80001aee:  1101              addi                    sp,sp,-32
0x80001af0:  ec06              sd                      ra,24(sp)
0x80001af2:  e42a              sd                      a0,8(sp)
0x80001af4:  e82e              sd                      a1,16(sp)
0x80001af6:  00000097          auipc                   ra,0                    # 0x80001af6
0x80001afa:  09e080e7          jalr                    ra,ra,158

----------------
IN: _RNvMs4_NtCs4Hpn15vVByi_4core3fmtNtB5_9Arguments8from_strCsb0QcX9fjLSJ_6tritan
0x80001b94:  1141              addi                    sp,sp,-16
0x80001b96:  e02a              sd                      a0,0(sp)
0x80001b98:  e42e              sd                      a1,8(sp)
0x80001b9a:  0586              slli                    a1,a1,1
0x80001b9c:  0585              addi                    a1,a1,1
0x80001b9e:  0141              addi                    sp,sp,16
0x80001ba0:  8082              ret                     

----------------
IN: _RNvMs2_NtCs4Hpn15vVByi_4core3fmtNtB5_9Arguments17from_str_nonconstCsb0QcX9fjLSJ_6tritan
0x80001afe:  60e2              ld                      ra,24(sp)
0x80001b00:  6105              addi                    sp,sp,32
0x80001b02:  8082              ret                     

----------------
IN: main
0x80000bf2:  00004097          auipc                   ra,4                    # 0x80004bf2
0x80000bf6:  93a080e7          jalr                    ra,ra,-1734

----------------
IN: _RNvNtCsb0QcX9fjLSJ_6tritan7console6__print
0x8000452c:  7135              addi                    sp,sp,-160
0x8000452e:  ed06              sd                      ra,152(sp)
0x80004530:  e02e              sd                      a1,0(sp)
0x80004532:  e42a              sd                      a0,8(sp)
0x80004534:  f02a              sd                      a0,32(sp)
0x80004536:  f42e              sd                      a1,40(sp)
0x80004538:  0000c517          auipc                   a0,12                   # 0x80010538
0x8000453c:  ac850513          addi                    a0,a0,-1336
0x80004540:  fc2a              sd                      a0,56(sp)
0x80004542:  e8aa              sd                      a0,80(sp)
0x80004544:  a009              j                       2                       # 0x80004546

----------------
IN: _RNvNtCsb0QcX9fjLSJ_6tritan7console6__print
0x80004546:  0000c517          auipc                   a0,12                   # 0x80010546
0x8000454a:  aba50513          addi                    a0,a0,-1350
0x8000454e:  e12a              sd                      a0,128(sp)
0x80004550:  4605              addi                    a2,zero,1
0x80004552:  4689              addi                    a3,zero,2
0x80004554:  4701              mv                      a4,zero
0x80004556:  85ba              mv                      a1,a4
0x80004558:  ffffd097          auipc                   ra,-3                   # 0x80001558
0x8000455c:  2c6080e7          jalr                    ra,ra,710

----------------
IN: _RNvNtCsb0QcX9fjLSJ_6tritan7console6__print
0x80004560:  8905              andi                    a0,a0,1
0x80004562:  06a10f23          sb                      a0,126(sp)
0x80004566:  06b10fa3          sb                      a1,127(sp)
0x8000456a:  07e10513          addi                    a0,sp,126
0x8000456e:  fffff097          auipc                   ra,-1                   # 0x8000356e
0x80004572:  3dc080e7          jalr                    ra,ra,988

----------------
IN: _RNvNtCsb0QcX9fjLSJ_6tritan7console6__print
0x80004576:  e509              bnez                    a0,10                   # 0x80004580

----------------
IN: _RNvNtCsb0QcX9fjLSJ_6tritan7console6__print
0x80004580:  0000c517          auipc                   a0,12                   # 0x80010580
0x80004584:  a8050593          addi                    a1,a0,-1408
0x80004588:  00858513          addi                    a0,a1,8
0x8000458c:  e92a              sd                      a0,144(sp)
0x8000458e:  f4ae              sd                      a1,104(sp)
0x80004590:  f8aa              sd                      a0,112(sp)
0x80004592:  a009              j                       2                       # 0x80004594

----------------
IN: _RNvNtCsb0QcX9fjLSJ_6tritan7console6__print
0x80004594:  75a6              ld                      a1,104(sp)
0x80004596:  7546              ld                      a0,112(sp)
0x80004598:  e0ae              sd                      a1,64(sp)
0x8000459a:  e4aa              sd                      a0,72(sp)
0x8000459c:  6506              ld                      a0,64(sp)
0x8000459e:  e11d              bnez                    a0,38                   # 0x800045c4

----------------
IN: _RNvNtCsb0QcX9fjLSJ_6tritan7console6__print
0x800045c4:  6586              ld                      a1,64(sp)
0x800045c6:  6526              ld                      a0,72(sp)
0x800045c8:  ecae              sd                      a1,88(sp)
0x800045ca:  f0aa              sd                      a0,96(sp)
0x800045cc:  e82e              sd                      a1,16(sp)
0x800045ce:  ec2a              sd                      a0,24(sp)
0x800045d0:  0808              addi                    a0,sp,16
0x800045d2:  fffff097          auipc                   ra,-1                   # 0x800035d2
0x800045d6:  f2e080e7          jalr                    ra,ra,-210

----------------
IN: _RNvXsa_NtCsek73zhQAbPJ_4spin5mutexINtB5_10MutexGuardNtNtCsb0QcX9fjLSJ_6tritan7console4UartENtNtNtCs4Hpn15vVByi_4core3ops5deref8DerefMut9deref_mutBS_
0x80003500:  1141              addi                    sp,sp,-16
0x80003502:  e406              sd                      ra,8(sp)
0x80003504:  e02a              sd                      a0,0(sp)
0x80003506:  00000097          auipc                   ra,0                    # 0x80003506
0x8000350a:  510080e7          jalr                    ra,ra,1296

----------------
IN: _RNvXsc_NtNtCsek73zhQAbPJ_4spin5mutex4spinINtB5_14SpinMutexGuardNtNtCsb0QcX9fjLSJ_6tritan7console4UartENtNtNtCs4Hpn15vVByi_4core3ops5deref8DerefMut9deref_mutB13_
0x80003a16:  1141              addi                    sp,sp,-16
0x80003a18:  e42a              sd                      a0,8(sp)
0x80003a1a:  6508              ld                      a0,8(a0)
0x80003a1c:  0141              addi                    sp,sp,16
0x80003a1e:  8082              ret                     

----------------
IN: _RNvXsa_NtCsek73zhQAbPJ_4spin5mutexINtB5_10MutexGuardNtNtCsb0QcX9fjLSJ_6tritan7console4UartENtNtNtCs4Hpn15vVByi_4core3ops5deref8DerefMut9deref_mutBS_
0x8000350e:  60a2              ld                      ra,8(sp)
0x80003510:  0141              addi                    sp,sp,16
0x80003512:  8082              ret                     

----------------
IN: _RNvNtCsb0QcX9fjLSJ_6tritan7console6__print
0x800045da:  65a2              ld                      a1,8(sp)
0x800045dc:  6602              ld                      a2,0(sp)
0x800045de:  fffff097          auipc                   ra,-1                   # 0x800035de
0x800045e2:  bea080e7          jalr                    ra,ra,-1046

----------------
IN: _RNvYNtNtCsb0QcX9fjLSJ_6tritan7console4UartNtNtCs4Hpn15vVByi_4core3fmt5Write9write_fmtB6_
0x800031c8:  1101              addi                    sp,sp,-32
0x800031ca:  ec06              sd                      ra,24(sp)
0x800031cc:  e02a              sd                      a0,0(sp)
0x800031ce:  e42e              sd                      a1,8(sp)
0x800031d0:  e832              sd                      a2,16(sp)
0x800031d2:  00000097          auipc                   ra,0                    # 0x800031d2
0x800031d6:  f58080e7          jalr                    ra,ra,-168

----------------
IN: _RNvXs_NvNtNtCs4Hpn15vVByi_4core3fmt5Write9write_fmtQNtNtCsb0QcX9fjLSJ_6tritan7console4UartNtB4_12SpecWriteFmt14spec_write_fmtBS_
0x8000312a:  715d              addi                    sp,sp,-80
0x8000312c:  e486              sd                      ra,72(sp)
0x8000312e:  e02a              sd                      a0,0(sp)
0x80003130:  e42e              sd                      a1,8(sp)
0x80003132:  e832              sd                      a2,16(sp)
0x80003134:  f82a              sd                      a0,48(sp)
0x80003136:  0028              addi                    a0,sp,8
0x80003138:  fffff097          auipc                   ra,-1                   # 0x80002138
0x8000313c:  9cc080e7          jalr                    ra,ra,-1588

----------------
IN: _RNvMs4_NtCs4Hpn15vVByi_4core3fmtNtB5_9Arguments23as_statically_known_strCsb0QcX9fjLSJ_6tritan
0x80001b04:  7119              addi                    sp,sp,-128
0x80001b06:  fc86              sd                      ra,120(sp)
0x80001b08:  ec2a              sd                      a0,24(sp)
0x80001b0a:  fc2a              sd                      a0,56(sp)
0x80001b0c:  6508              ld                      a0,8(a0)
0x80001b0e:  f02a              sd                      a0,32(sp)
0x80001b10:  e0aa              sd                      a0,64(sp)
0x80001b12:  8905              andi                    a0,a0,1
0x80001b14:  cd01              beqz                    a0,24                   # 0x80001b2c

----------------
IN: _RNvMs4_NtCs4Hpn15vVByi_4core3fmtNtB5_9Arguments23as_statically_known_strCsb0QcX9fjLSJ_6tritan
0x80001b16:  a009              j                       2                       # 0x80001b18

----------------
IN: _RNvMs4_NtCs4Hpn15vVByi_4core3fmtNtB5_9Arguments23as_statically_known_strCsb0QcX9fjLSJ_6tritan
0x80001b18:  7502              ld                      a0,32(sp)
0x80001b1a:  65e2              ld                      a1,24(sp)
0x80001b1c:  618c              ld                      a1,0(a1)
0x80001b1e:  e42e              sd                      a1,8(sp)
0x80001b20:  e4ae              sd                      a1,72(sp)
0x80001b22:  e8ae              sd                      a1,80(sp)
0x80001b24:  8105              srli                    a0,a0,1
0x80001b26:  e82a              sd                      a0,16(sp)
0x80001b28:  ecaa              sd                      a0,88(sp)
0x80001b2a:  a811              j                       20                      # 0x80001b3e

----------------
IN: _RNvMs4_NtCs4Hpn15vVByi_4core3fmtNtB5_9Arguments23as_statically_known_strCsb0QcX9fjLSJ_6tritan
0x80001b3e:  66c2              ld                      a3,16(sp)
0x80001b40:  6522              ld                      a0,8(sp)
0x80001b42:  0000a597          auipc                   a1,10                   # 0x8000bb42
0x80001b46:  b6658713          addi                    a4,a1,-1178
0x80001b4a:  4605              addi                    a2,zero,1
0x80001b4c:  85b2              mv                      a1,a2
0x80001b4e:  00001097          auipc                   ra,1                    # 0x80002b4e
0x80001b52:  1de080e7          jalr                    ra,ra,478

----------------
IN: _RNvNvNtNtCs4Hpn15vVByi_4core5slice3raw14from_raw_parts18precondition_checkCsb0QcX9fjLSJ_6tritan
0x80002d2c:  7119              addi                    sp,sp,-128
0x80002d2e:  fc86              sd                      ra,120(sp)
0x80002d30:  e43a              sd                      a4,8(sp)
0x80002d32:  e836              sd                      a3,16(sp)
0x80002d34:  ec32              sd                      a2,24(sp)
0x80002d36:  862e              mv                      a2,a1
0x80002d38:  65e2              ld                      a1,24(sp)
0x80002d3a:  f032              sd                      a2,32(sp)
0x80002d3c:  f42a              sd                      a0,40(sp)
0x80002d3e:  fc2a              sd                      a0,56(sp)
0x80002d40:  e0b2              sd                      a2,64(sp)
0x80002d42:  e4ae              sd                      a1,72(sp)
0x80002d44:  e8b6              sd                      a3,80(sp)
0x80002d46:  4601              mv                      a2,zero
0x80002d48:  04c10fa3          sb                      a2,95(sp)
0x80002d4c:  f0aa              sd                      a0,96(sp)
0x80002d4e:  00002097          auipc                   ra,2                    # 0x80004d4e
0x80002d52:  d30080e7          jalr                    ra,ra,-720

----------------
IN: _RNvMNtNtCs4Hpn15vVByi_4core3ptr9const_ptrPu13is_aligned_toCsoBFtlNyUFT_11riscv_types
0x80004a7e:  7139              addi                    sp,sp,-64
0x80004a80:  e42e              sd                      a1,8(sp)
0x80004a82:  e82a              sd                      a0,16(sp)
0x80004a84:  ec2a              sd                      a0,24(sp)
0x80004a86:  f02e              sd                      a1,32(sp)
0x80004a88:  0015d513          srli                    a0,a1,1
0x80004a8c:  55555637          lui                     a2,349525
0x80004a90:  55560613          addi                    a2,a2,1365
0x80004a94:  02061693          slli                    a3,a2,32
0x80004a98:  9636              add                     a2,a2,a3
0x80004a9a:  8d71              and                     a0,a0,a2
0x80004a9c:  8d89              sub                     a1,a1,a0
0x80004a9e:  33333537          lui                     a0,209715
0x80004aa2:  33350513          addi                    a0,a0,819
0x80004aa6:  02051613          slli                    a2,a0,32
0x80004aaa:  962a              add                     a2,a2,a0
0x80004aac:  00c5f533          and                     a0,a1,a2
0x80004ab0:  8189              srli                    a1,a1,2
0x80004ab2:  8df1              and                     a1,a1,a2
0x80004ab4:  952e              add                     a0,a0,a1
0x80004ab6:  00455593          srli                    a1,a0,4
0x80004aba:  952e              add                     a0,a0,a1
0x80004abc:  0f0f15b7          lui                     a1,61681
0x80004ac0:  f0f58593          addi                    a1,a1,-241
0x80004ac4:  02059613          slli                    a2,a1,32
0x80004ac8:  95b2              add                     a1,a1,a2
0x80004aca:  8d6d              and                     a0,a0,a1
0x80004acc:  010105b7          lui                     a1,4112
0x80004ad0:  10158593          addi                    a1,a1,257
0x80004ad4:  02059613          slli                    a2,a1,32
0x80004ad8:  95b2              add                     a1,a1,a2
0x80004ada:  02b50533          mul                     a0,a0,a1
0x80004ade:  9161              srli                    a0,a0,56
0x80004ae0:  d62a              sw                      a0,44(sp)
0x80004ae2:  5532              lw                      a0,44(sp)
0x80004ae4:  4585              addi                    a1,zero,1
0x80004ae6:  00b51b63          bne                     a0,a1,22                # 0x80004afc

----------------
IN: _RNvMNtNtCs4Hpn15vVByi_4core3ptr9const_ptrPu13is_aligned_toCsoBFtlNyUFT_11riscv_types
0x80004aea:  a009              j                       2                       # 0x80004aec

----------------
IN: _RNvMNtNtCs4Hpn15vVByi_4core3ptr9const_ptrPu13is_aligned_toCsoBFtlNyUFT_11riscv_types
0x80004aec:  6542              ld                      a0,16(sp)
0x80004aee:  65a2              ld                      a1,8(sp)
0x80004af0:  15fd              addi                    a1,a1,-1
0x80004af2:  8d6d              and                     a0,a0,a1
0x80004af4:  00153513          seqz                    a0,a0
0x80004af8:  6121              addi                    sp,sp,64
0x80004afa:  8082              ret                     

----------------
IN: _RNvNvNtNtCs4Hpn15vVByi_4core5slice3raw14from_raw_parts18precondition_checkCsb0QcX9fjLSJ_6tritan
0x80002d56:  e119              bnez                    a0,6                    # 0x80002d5c

----------------
IN: _RNvNvNtNtCs4Hpn15vVByi_4core5slice3raw14from_raw_parts18precondition_checkCsb0QcX9fjLSJ_6tritan
0x80002d5c:  7522              ld                      a0,40(sp)
0x80002d5e:  e119              bnez                    a0,6                    # 0x80002d64

----------------
IN: _RNvNvNtNtCs4Hpn15vVByi_4core5slice3raw14from_raw_parts18precondition_checkCsb0QcX9fjLSJ_6tritan
0x80002d64:  7502              ld                      a0,32(sp)
0x80002d66:  c115              beqz                    a0,36                   # 0x80002d8a

----------------
IN: _RNvNvNtNtCs4Hpn15vVByi_4core5slice3raw14from_raw_parts18precondition_checkCsb0QcX9fjLSJ_6tritan
0x80002d68:  a025              j                       40                      # 0x80002d90

----------------
IN: _RNvNvNtNtCs4Hpn15vVByi_4core5slice3raw14from_raw_parts18precondition_checkCsb0QcX9fjLSJ_6tritan
0x80002d90:  7582              ld                      a1,32(sp)
0x80002d92:  557d              addi                    a0,zero,-1
0x80002d94:  8105              srli                    a0,a0,1
0x80002d96:  02b55533          divu                    a0,a0,a1
0x80002d9a:  f82a              sd                      a0,48(sp)
0x80002d9c:  a009              j                       2                       # 0x80002d9e

----------------
IN: _RNvNvNtNtCs4Hpn15vVByi_4core5slice3raw14from_raw_parts18precondition_checkCsb0QcX9fjLSJ_6tritan
0x80002d9e:  65c2              ld                      a1,16(sp)
0x80002da0:  7542              ld                      a0,48(sp)
0x80002da2:  00b57463          bleu                    a1,a0,8                 # 0x80002daa

----------------
IN: _RNvNvNtNtCs4Hpn15vVByi_4core5slice3raw14from_raw_parts18precondition_checkCsb0QcX9fjLSJ_6tritan
0x80002daa:  70e6              ld                      ra,120(sp)
0x80002dac:  6109              addi                    sp,sp,128
0x80002dae:  8082              ret                     

----------------
IN: _RNvMs4_NtCs4Hpn15vVByi_4core3fmtNtB5_9Arguments23as_statically_known_strCsb0QcX9fjLSJ_6tritan
0x80001b56:  a009              j                       2                       # 0x80001b58

----------------
IN: _RNvMs4_NtCs4Hpn15vVByi_4core3fmtNtB5_9Arguments23as_statically_known_strCsb0QcX9fjLSJ_6tritan
0x80001b58:  6542              ld                      a0,16(sp)
0x80001b5a:  65a2              ld                      a1,8(sp)
0x80001b5c:  f0ae              sd                      a1,96(sp)
0x80001b5e:  f4aa              sd                      a0,104(sp)
0x80001b60:  f42e              sd                      a1,40(sp)
0x80001b62:  f82a              sd                      a0,48(sp)
0x80001b64:  a009              j                       2                       # 0x80001b66

----------------
IN: _RNvMs4_NtCs4Hpn15vVByi_4core3fmtNtB5_9Arguments23as_statically_known_strCsb0QcX9fjLSJ_6tritan
0x80001b66:  4501              mv                      a0,zero
0x80001b68:  06a10ba3          sb                      a0,119(sp)
0x80001b6c:  07714503          lbu                     a0,119(sp)
0x80001b70:  8905              andi                    a0,a0,1
0x80001b72:  e919              bnez                    a0,22                   # 0x80001b88

----------------
IN: _RNvMs4_NtCs4Hpn15vVByi_4core3fmtNtB5_9Arguments23as_statically_known_strCsb0QcX9fjLSJ_6tritan
0x80001b74:  a009              j                       2                       # 0x80001b76

----------------
IN: _RNvMs4_NtCs4Hpn15vVByi_4core3fmtNtB5_9Arguments23as_statically_known_strCsb0QcX9fjLSJ_6tritan
0x80001b76:  0000a517          auipc                   a0,10                   # 0x8000bb76
0x80001b7a:  b6a50513          addi                    a0,a0,-1174
0x80001b7e:  610c              ld                      a1,0(a0)
0x80001b80:  6508              ld                      a0,8(a0)
0x80001b82:  f42e              sd                      a1,40(sp)
0x80001b84:  f82a              sd                      a0,48(sp)
0x80001b86:  a011              j                       4                       # 0x80001b8a

----------------
IN: _RNvMs4_NtCs4Hpn15vVByi_4core3fmtNtB5_9Arguments23as_statically_known_strCsb0QcX9fjLSJ_6tritan
0x80001b8a:  7522              ld                      a0,40(sp)
0x80001b8c:  75c2              ld                      a1,48(sp)
0x80001b8e:  70e6              ld                      ra,120(sp)
0x80001b90:  6109              addi                    sp,sp,128
0x80001b92:  8082              ret                     

----------------
IN: _RNvXs_NvNtNtCs4Hpn15vVByi_4core3fmt5Write9write_fmtQNtNtCsb0QcX9fjLSJ_6tritan7console4UartNtB4_12SpecWriteFmt14spec_write_fmtBS_
0x80003140:  f02a              sd                      a0,32(sp)
0x80003142:  f42e              sd                      a1,40(sp)
0x80003144:  7502              ld                      a0,32(sp)
0x80003146:  cd11              beqz                    a0,28                   # 0x80003162

----------------
IN: _RNvXs_NvNtNtCs4Hpn15vVByi_4core3fmt5Write9write_fmtQNtNtCsb0QcX9fjLSJ_6tritan7console4UartNtB4_12SpecWriteFmt14spec_write_fmtBS_
0x80003162:  6502              ld                      a0,0(sp)
0x80003164:  6622              ld                      a2,8(sp)
0x80003166:  66c2              ld                      a3,16(sp)
0x80003168:  00009597          auipc                   a1,9                    # 0x8000c168
0x8000316c:  e4058593          addi                    a1,a1,-448
0x80003170:  00003097          auipc                   ra,3                    # 0x80006170
0x80003174:  fc8080e7          jalr                    ra,ra,-56

----------------
IN: _RNvNtCs4Hpn15vVByi_4core3fmt5write
0x80006138:  7119              addi                    sp,sp,-128
0x8000613a:  fc86              sd                      ra,120(sp)
0x8000613c:  f8a2              sd                      s0,112(sp)
0x8000613e:  f4a6              sd                      s1,104(sp)
0x80006140:  f0ca              sd                      s2,96(sp)
0x80006142:  ecce              sd                      s3,88(sp)
0x80006144:  e8d2              sd                      s4,80(sp)
0x80006146:  e4d6              sd                      s5,72(sp)
0x80006148:  e0da              sd                      s6,64(sp)
0x8000614a:  fc5e              sd                      s7,56(sp)
0x8000614c:  f862              sd                      s8,48(sp)
0x8000614e:  f466              sd                      s9,40(sp)
0x80006150:  f06a              sd                      s10,32(sp)
0x80006152:  0100              addi                    s0,sp,128
0x80006154:  89b6              mv                      s3,a3
0x80006156:  892e              mv                      s2,a1
0x80006158:  0016f593          andi                    a1,a3,1
0x8000615c:  8a2a              mv                      s4,a0
0x8000615e:  16059063          bnez                    a1,352                  # 0x800062be

----------------
IN: _RNvNtCs4Hpn15vVByi_4core3fmt5write
0x800062be:  01893783          ld                      a5,24(s2)
0x800062c2:  0019d693          srli                    a3,s3,1
0x800062c6:  8552              mv                      a0,s4
0x800062c8:  85b2              mv                      a1,a2
0x800062ca:  8636              mv                      a2,a3
0x800062cc:  70e6              ld                      ra,120(sp)
0x800062ce:  7446              ld                      s0,112(sp)
0x800062d0:  74a6              ld                      s1,104(sp)
0x800062d2:  7906              ld                      s2,96(sp)
0x800062d4:  69e6              ld                      s3,88(sp)
0x800062d6:  6a46              ld                      s4,80(sp)
0x800062d8:  6aa6              ld                      s5,72(sp)
0x800062da:  6b06              ld                      s6,64(sp)
0x800062dc:  7be2              ld                      s7,56(sp)
0x800062de:  7c42              ld                      s8,48(sp)
0x800062e0:  7ca2              ld                      s9,40(sp)
0x800062e2:  7d02              ld                      s10,32(sp)
0x800062e4:  6109              addi                    sp,sp,128
0x800062e6:  8782              jr                      a5

----------------
IN: _RNvXs1_NtCsb0QcX9fjLSJ_6tritan7consoleNtB5_4UartNtNtCs4Hpn15vVByi_4core3fmt5Write9write_str
0x8000462c:  711d              addi                    sp,sp,-96
0x8000462e:  ec86              sd                      ra,88(sp)
0x80004630:  e432              sd                      a2,8(sp)
0x80004632:  862e              mv                      a2,a1
0x80004634:  65a2              ld                      a1,8(sp)
0x80004636:  e832              sd                      a2,16(sp)
0x80004638:  862a              mv                      a2,a0
0x8000463a:  6542              ld                      a0,16(sp)
0x8000463c:  ec32              sd                      a2,24(sp)
0x8000463e:  fc32              sd                      a2,56(sp)
0x80004640:  e0aa              sd                      a0,64(sp)
0x80004642:  e4ae              sd                      a1,72(sp)
0x80004644:  ffffe097          auipc                   ra,-2                   # 0x80002644
0x80004648:  040080e7          jalr                    ra,ra,64

----------------
IN: _RNvMNtCs4Hpn15vVByi_4core3stre5bytesCsb0QcX9fjLSJ_6tritan
0x80002684:  1141              addi                    sp,sp,-16
0x80002686:  e02a              sd                      a0,0(sp)
0x80002688:  e42e              sd                      a1,8(sp)
0x8000268a:  95aa              add                     a1,a1,a0
0x8000268c:  0141              addi                    sp,sp,16
0x8000268e:  8082              ret                     

----------------
IN: _RNvXs1_NtCsb0QcX9fjLSJ_6tritan7consoleNtB5_4UartNtNtCs4Hpn15vVByi_4core3fmt5Write9write_str
0x8000464c:  ffffc097          auipc                   ra,-4                   # 0x8000064c
0x80004650:  9f0080e7          jalr                    ra,ra,-1552

----------------
IN: _RNvXNtNtNtCs4Hpn15vVByi_4core4iter6traits7collectNtNtNtB8_3str4iter5BytesNtB2_12IntoIterator9into_iterCsb0QcX9fjLSJ_6tritan
0x8000003c:  1141              addi                    sp,sp,-16
0x8000003e:  e02a              sd                      a0,0(sp)
0x80000040:  e42e              sd                      a1,8(sp)
0x80000042:  0141              addi                    sp,sp,16
0x80000044:  8082              ret                     

----------------
IN: _RNvXs1_NtCsb0QcX9fjLSJ_6tritan7consoleNtB5_4UartNtNtCs4Hpn15vVByi_4core3fmt5Write9write_str
0x80004654:  f02a              sd                      a0,32(sp)
0x80004656:  f42e              sd                      a1,40(sp)
0x80004658:  a009              j                       2                       # 0x8000465a

----------------
IN: _RNvXs1_NtCsb0QcX9fjLSJ_6tritan7consoleNtB5_4UartNtNtCs4Hpn15vVByi_4core3fmt5Write9write_str
0x8000465a:  1008              addi                    a0,sp,32
0x8000465c:  00000097          auipc                   ra,0                    # 0x8000465c
0x80004660:  2be080e7          jalr                    ra,ra,702

----------------
IN: _RNvXs7_NtNtCs4Hpn15vVByi_4core3str4iterNtB5_5BytesNtNtNtNtB9_4iter6traits8iterator8Iterator4nextCsb0QcX9fjLSJ_6tritan
0x8000491a:  7179              addi                    sp,sp,-48
0x8000491c:  f406              sd                      ra,40(sp)
0x8000491e:  ec2a              sd                      a0,24(sp)
0x80004920:  ffffe097          auipc                   ra,-2                   # 0x80002920
0x80004924:  3ca080e7          jalr                    ra,ra,970

----------------
IN: _RNvXs2J_NtNtCs4Hpn15vVByi_4core5slice4iterINtB6_4IterhENtNtNtNtBa_4iter6traits8iterator8Iterator4nextCsb0QcX9fjLSJ_6tritan
0x80002cea:  715d              addi                    sp,sp,-80
0x80002cec:  e42a              sd                      a0,8(sp)
0x80002cee:  f42a              sd                      a0,40(sp)
0x80002cf0:  4585              addi                    a1,zero,1
0x80002cf2:  f82e              sd                      a1,48(sp)
0x80002cf4:  fc2e              sd                      a1,56(sp)
0x80002cf6:  610c              ld                      a1,0(a0)
0x80002cf8:  e82e              sd                      a1,16(sp)
0x80002cfa:  e0ae              sd                      a1,64(sp)
0x80002cfc:  6508              ld                      a0,8(a0)
0x80002cfe:  ec2a              sd                      a0,24(sp)
0x80002d00:  e4aa              sd                      a0,72(sp)
0x80002d02:  a009              j                       2                       # 0x80002d04

----------------
IN: _RNvXs2J_NtNtCs4Hpn15vVByi_4core5slice4iterINtB6_4IterhENtNtNtNtBa_4iter6traits8iterator8Iterator4nextCsb0QcX9fjLSJ_6tritan
0x80002d04:  6542              ld                      a0,16(sp)
0x80002d06:  65e2              ld                      a1,24(sp)
0x80002d08:  00b50863          beq                     a0,a1,16                # 0x80002d18

----------------
IN: _RNvXs2J_NtNtCs4Hpn15vVByi_4core5slice4iterINtB6_4IterhENtNtNtNtBa_4iter6traits8iterator8Iterator4nextCsb0QcX9fjLSJ_6tritan
0x80002d0c:  a009              j                       2                       # 0x80002d0e

----------------
IN: _RNvXs2J_NtNtCs4Hpn15vVByi_4core5slice4iterINtB6_4IterhENtNtNtNtBa_4iter6traits8iterator8Iterator4nextCsb0QcX9fjLSJ_6tritan
0x80002d0e:  65a2              ld                      a1,8(sp)
0x80002d10:  6542              ld                      a0,16(sp)
0x80002d12:  0505              addi                    a0,a0,1
0x80002d14:  e188              sd                      a0,0(a1)
0x80002d16:  a021              j                       8                       # 0x80002d1e

----------------
IN: _RNvXs2J_NtNtCs4Hpn15vVByi_4core5slice4iterINtB6_4IterhENtNtNtNtBa_4iter6traits8iterator8Iterator4nextCsb0QcX9fjLSJ_6tritan
0x80002d1e:  6542              ld                      a0,16(sp)
0x80002d20:  f02a              sd                      a0,32(sp)
0x80002d22:  a009              j                       2                       # 0x80002d24

----------------
IN: _RNvXs2J_NtNtCs4Hpn15vVByi_4core5slice4iterINtB6_4IterhENtNtNtNtBa_4iter6traits8iterator8Iterator4nextCsb0QcX9fjLSJ_6tritan
0x80002d24:  7502              ld                      a0,32(sp)
0x80002d26:  6161              addi                    sp,sp,80
0x80002d28:  8082              ret                     

----------------
IN: _RNvXs7_NtNtCs4Hpn15vVByi_4core3str4iterNtB5_5BytesNtNtNtNtB9_4iter6traits8iterator8Iterator4nextCsb0QcX9fjLSJ_6tritan
0x80004928:  e82a              sd                      a0,16(sp)
0x8000492a:  6542              ld                      a0,16(sp)
0x8000492c:  cd09              beqz                    a0,26                   # 0x80004946

----------------
IN: _RNvXs7_NtNtCs4Hpn15vVByi_4core3str4iterNtB5_5BytesNtNtNtNtB9_4iter6traits8iterator8Iterator4nextCsb0QcX9fjLSJ_6tritan
0x8000492e:  a009              j                       2                       # 0x80004930

----------------
IN: _RNvXs7_NtNtCs4Hpn15vVByi_4core3str4iterNtB5_5BytesNtNtNtNtB9_4iter6traits8iterator8Iterator4nextCsb0QcX9fjLSJ_6tritan
0x80004930:  6542              ld                      a0,16(sp)
0x80004932:  00054503          lbu                     a0,0(a0)
0x80004936:  02a103a3          sb                      a0,39(sp)
0x8000493a:  00a107a3          sb                      a0,15(sp)
0x8000493e:  4505              addi                    a0,zero,1
0x80004940:  00a10723          sb                      a0,14(sp)
0x80004944:  a831              j                       28                      # 0x80004960

----------------
IN: _RNvXs7_NtNtCs4Hpn15vVByi_4core3str4iterNtB5_5BytesNtNtNtNtB9_4iter6traits8iterator8Iterator4nextCsb0QcX9fjLSJ_6tritan
0x80004960:  00e14503          lbu                     a0,14(sp)
0x80004964:  00f14583          lbu                     a1,15(sp)
0x80004968:  70a2              ld                      ra,40(sp)
0x8000496a:  6145              addi                    sp,sp,48
0x8000496c:  8082              ret                     

----------------
IN: _RNvXs1_NtCsb0QcX9fjLSJ_6tritan7consoleNtB5_4UartNtNtCs4Hpn15vVByi_4core3fmt5Write9write_str
0x80004664:  8905              andi                    a0,a0,1
0x80004666:  02a10b23          sb                      a0,54(sp)
0x8000466a:  02b10ba3          sb                      a1,55(sp)
0x8000466e:  03614503          lbu                     a0,54(sp)
0x80004672:  8905              andi                    a0,a0,1
0x80004674:  cd01              beqz                    a0,24                   # 0x8000468c

----------------
IN: _RNvXs1_NtCsb0QcX9fjLSJ_6tritan7consoleNtB5_4UartNtNtCs4Hpn15vVByi_4core3fmt5Write9write_str
0x80004676:  a009              j                       2                       # 0x80004678

----------------
IN: _RNvXs1_NtCsb0QcX9fjLSJ_6tritan7consoleNtB5_4UartNtNtCs4Hpn15vVByi_4core3fmt5Write9write_str
0x80004678:  6562              ld                      a0,24(sp)
0x8000467a:  03714583          lbu                     a1,55(sp)
0x8000467e:  04b10ba3          sb                      a1,87(sp)
0x80004682:  00000097          auipc                   ra,0                    # 0x80004682
0x80004686:  e72080e7          jalr                    ra,ra,-398

----------------
IN: _RNvMs0_NtCsb0QcX9fjLSJ_6tritan7consoleNtB5_4Uart4putc
0x800044f4:  7139              addi                    sp,sp,-64
0x800044f6:  fc06              sd                      ra,56(sp)
0x800044f8:  e42e              sd                      a1,8(sp)
0x800044fa:  e82a              sd                      a0,16(sp)
0x800044fc:  00b10fa3          sb                      a1,31(sp)
0x80004500:  6108              ld                      a0,0(a0)
0x80004502:  e02a              sd                      a0,0(sp)
0x80004504:  f02a              sd                      a0,32(sp)
0x80004506:  f42a              sd                      a0,40(sp)
0x80004508:  02b10ba3          sb                      a1,55(sp)
0x8000450c:  00008597          auipc                   a1,8                    # 0x8000c50c
0x80004510:  68c58613          addi                    a2,a1,1676
0x80004514:  4585              addi                    a1,zero,1
0x80004516:  fffff097          auipc                   ra,-1                   # 0x80003516
0x8000451a:  2d2080e7          jalr                    ra,ra,722

----------------
IN: _RNvNvNtCs4Hpn15vVByi_4core3ptr14write_volatile18precondition_checkCsb0QcX9fjLSJ_6tritan
0x800037e8:  7139              addi                    sp,sp,-64
0x800037ea:  fc06              sd                      ra,56(sp)
0x800037ec:  e432              sd                      a2,8(sp)
0x800037ee:  e82a              sd                      a0,16(sp)
0x800037f0:  ec2e              sd                      a1,24(sp)
0x800037f2:  f02a              sd                      a0,32(sp)
0x800037f4:  00001097          auipc                   ra,1                    # 0x800047f4
0x800037f8:  28a080e7          jalr                    ra,ra,650

----------------
IN: _RNvNvNtCs4Hpn15vVByi_4core3ptr14write_volatile18precondition_checkCsb0QcX9fjLSJ_6tritan
0x800037fc:  e115              bnez                    a0,36                   # 0x80003820

----------------
IN: _RNvNvNtCs4Hpn15vVByi_4core3ptr14write_volatile18precondition_checkCsb0QcX9fjLSJ_6tritan
0x80003820:  70e2              ld                      ra,56(sp)
0x80003822:  6121              addi                    sp,sp,64
0x80003824:  8082              ret                     

----------------
IN: _RNvMs0_NtCsb0QcX9fjLSJ_6tritan7consoleNtB5_4Uart4putc
0x8000451e:  6502              ld                      a0,0(sp)
0x80004520:  65a2              ld                      a1,8(sp)
0x80004522:  00b50023          sb                      a1,0(a0)
0x80004526:  70e2              ld                      ra,56(sp)
0x80004528:  6121              addi                    sp,sp,64
0x8000452a:  8082              ret                     

----------------
IN: _RNvMs0_NtCsb0QcX9fjLSJ_6tritan7consoleNtB5_4Uart4putc
0x80004522:  00b50023          sb                      a1,0(a0)

----------------
IN: _RNvMs0_NtCsb0QcX9fjLSJ_6tritan7consoleNtB5_4Uart4putc
0x80004526:  70e2              ld                      ra,56(sp)
0x80004528:  6121              addi                    sp,sp,64
0x8000452a:  8082              ret                     

----------------
IN: _RNvXs1_NtCsb0QcX9fjLSJ_6tritan7consoleNtB5_4UartNtNtCs4Hpn15vVByi_4core3fmt5Write9write_str
0x8000468a:  bfc1              j                       -48                     # 0x8000465a

----------------
IN: _RNvXs2J_NtNtCs4Hpn15vVByi_4core5slice4iterINtB6_4IterhENtNtNtNtBa_4iter6traits8iterator8Iterator4nextCsb0QcX9fjLSJ_6tritan
0x80002d18:  4501              mv                      a0,zero
0x80002d1a:  f02a              sd                      a0,32(sp)
0x80002d1c:  a039              j                       14                      # 0x80002d2a

----------------
IN: _RNvXs2J_NtNtCs4Hpn15vVByi_4core5slice4iterINtB6_4IterhENtNtNtNtBa_4iter6traits8iterator8Iterator4nextCsb0QcX9fjLSJ_6tritan
0x80002d2a:  bfed              j                       -6                      # 0x80002d24

----------------
IN: _RNvXs7_NtNtCs4Hpn15vVByi_4core3str4iterNtB5_5BytesNtNtNtNtB9_4iter6traits8iterator8Iterator4nextCsb0QcX9fjLSJ_6tritan
0x80004946:  00008517          auipc                   a0,8                    # 0x8000c946
0x8000494a:  2f950513          addi                    a0,a0,761
0x8000494e:  00054583          lbu                     a1,0(a0)
0x80004952:  00154503          lbu                     a0,1(a0)
0x80004956:  00b10723          sb                      a1,14(sp)
0x8000495a:  00a107a3          sb                      a0,15(sp)
0x8000495e:  a009              j                       2                       # 0x80004960

----------------
IN: _RNvXs1_NtCsb0QcX9fjLSJ_6tritan7consoleNtB5_4UartNtNtCs4Hpn15vVByi_4core3fmt5Write9write_str
0x8000468c:  4501              mv                      a0,zero
0x8000468e:  60e6              ld                      ra,88(sp)
0x80004690:  6125              addi                    sp,sp,96
0x80004692:  8082              ret                     

----------------
IN: _RNvXs_NvNtNtCs4Hpn15vVByi_4core3fmt5Write9write_fmtQNtNtCsb0QcX9fjLSJ_6tritan7console4UartNtB4_12SpecWriteFmt14spec_write_fmtBS_
0x80003178:  00a10fa3          sb                      a0,31(sp)
0x8000317c:  a009              j                       2                       # 0x8000317e

----------------
IN: _RNvXs_NvNtNtCs4Hpn15vVByi_4core3fmt5Write9write_fmtQNtNtCsb0QcX9fjLSJ_6tritan7console4UartNtB4_12SpecWriteFmt14spec_write_fmtBS_
0x8000317e:  01f14503          lbu                     a0,31(sp)
0x80003182:  60a6              ld                      ra,72(sp)
0x80003184:  6161              addi                    sp,sp,80
0x80003186:  8082              ret                     

----------------
IN: _RNvYNtNtCsb0QcX9fjLSJ_6tritan7console4UartNtNtCs4Hpn15vVByi_4core3fmt5Write9write_fmtB6_
0x800031da:  60e2              ld                      ra,24(sp)
0x800031dc:  6105              addi                    sp,sp,32
0x800031de:  8082              ret                     

----------------
IN: _RNvNtCsb0QcX9fjLSJ_6tritan7console6__print
0x800045e6:  02a10b23          sb                      a0,54(sp)
0x800045ea:  03614503          lbu                     a0,54(sp)
0x800045ee:  8905              andi                    a0,a0,1
0x800045f0:  c515              beqz                    a0,44                   # 0x8000461c

----------------
IN: _RNvNtCsb0QcX9fjLSJ_6tritan7console6__print
0x8000461c:  0808              addi                    a0,sp,16
0x8000461e:  ffffe097          auipc                   ra,-2                   # 0x8000261e
0x80004622:  228080e7          jalr                    ra,ra,552

----------------
IN: _RINvNtCs4Hpn15vVByi_4core3ptr13drop_in_placeINtNtCsek73zhQAbPJ_4spin5mutex10MutexGuardNtNtCsb0QcX9fjLSJ_6tritan7console4UartEEB1q_
0x80002846:  1141              addi                    sp,sp,-16
0x80002848:  e406              sd                      ra,8(sp)
0x8000284a:  e02a              sd                      a0,0(sp)
0x8000284c:  00000097          auipc                   ra,0                    # 0x8000284c
0x80002850:  04a080e7          jalr                    ra,ra,74

----------------
IN: _RINvNtCs4Hpn15vVByi_4core3ptr13drop_in_placeINtNtNtCsek73zhQAbPJ_4spin5mutex4spin14SpinMutexGuardNtNtCsb0QcX9fjLSJ_6tritan7console4UartEEB1B_
0x80002896:  1141              addi                    sp,sp,-16
0x80002898:  e406              sd                      ra,8(sp)
0x8000289a:  e02a              sd                      a0,0(sp)
0x8000289c:  00000097          auipc                   ra,0                    # 0x8000289c
0x800028a0:  052080e7          jalr                    ra,ra,82

----------------
IN: _RNvXsd_NtNtCsek73zhQAbPJ_4spin5mutex4spinINtB5_14SpinMutexGuardNtNtCsb0QcX9fjLSJ_6tritan7console4UartENtNtNtCs4Hpn15vVByi_4core3ops4drop4Drop4dropB13_
0x800028ee:  1141              addi                    sp,sp,-16
0x800028f0:  e406              sd                      ra,8(sp)
0x800028f2:  e02a              sd                      a0,0(sp)
0x800028f4:  6108              ld                      a0,0(a0)
0x800028f6:  4581              mv                      a1,zero
0x800028f8:  4605              addi                    a2,zero,1
0x800028fa:  fffff097          auipc                   ra,-1                   # 0x800018fa
0x800028fe:  142080e7          jalr                    ra,ra,322

----------------
IN: _RNvXsd_NtNtCsek73zhQAbPJ_4spin5mutex4spinINtB5_14SpinMutexGuardNtNtCsb0QcX9fjLSJ_6tritan7console4UartENtNtNtCs4Hpn15vVByi_4core3ops4drop4Drop4dropB13_
0x80002902:  60a2              ld                      ra,8(sp)
0x80002904:  0141              addi                    sp,sp,16
0x80002906:  8082              ret                     

----------------
IN: _RINvNtCs4Hpn15vVByi_4core3ptr13drop_in_placeINtNtNtCsek73zhQAbPJ_4spin5mutex4spin14SpinMutexGuardNtNtCsb0QcX9fjLSJ_6tritan7console4UartEEB1B_
0x800028a4:  60a2              ld                      ra,8(sp)
0x800028a6:  0141              addi                    sp,sp,16
0x800028a8:  8082              ret                     

----------------
IN: _RINvNtCs4Hpn15vVByi_4core3ptr13drop_in_placeINtNtCsek73zhQAbPJ_4spin5mutex10MutexGuardNtNtCsb0QcX9fjLSJ_6tritan7console4UartEEB1q_
0x80002854:  60a2              ld                      ra,8(sp)
0x80002856:  0141              addi                    sp,sp,16
0x80002858:  8082              ret                     

----------------
IN: _RNvNtCsb0QcX9fjLSJ_6tritan7console6__print
0x80004626:  60ea              ld                      ra,152(sp)
0x80004628:  610d              addi                    sp,sp,160
0x8000462a:  8082              ret                     

----------------
IN: main
0x80000bfa:  00001097          auipc                   ra,1                    # 0x80001bfa
0x80000bfe:  41a080e7          jalr                    ra,ra,1050

----------------
IN: _RNvNtCsb0QcX9fjLSJ_6tritan6kalloc6kalloc
0x80002014:  7155              addi                    sp,sp,-208
0x80002016:  e586              sd                      ra,200(sp)
0x80002018:  6585              lui                     a1,1
0x8000201a:  852e              mv                      a0,a1
0x8000201c:  00001097          auipc                   ra,1                    # 0x8000301c
0x80002020:  004080e7          jalr                    ra,ra,4

----------------
IN: _RNvMNtNtCs4Hpn15vVByi_4core5alloc6layoutNtB2_6Layout15from_size_alignCsb0QcX9fjLSJ_6tritan
0x80003020:  715d              addi                    sp,sp,-80
0x80003022:  e486              sd                      ra,72(sp)
0x80003024:  e42e              sd                      a1,8(sp)
0x80003026:  e82a              sd                      a0,16(sp)
0x80003028:  f42a              sd                      a0,40(sp)
0x8000302a:  f82e              sd                      a1,48(sp)
0x8000302c:  0015d513          srli                    a0,a1,1
0x80003030:  55555637          lui                     a2,349525
0x80003034:  55560613          addi                    a2,a2,1365
0x80003038:  02061693          slli                    a3,a2,32
0x8000303c:  9636              add                     a2,a2,a3
0x8000303e:  8d71              and                     a0,a0,a2
0x80003040:  8d89              sub                     a1,a1,a0
0x80003042:  33333537          lui                     a0,209715
0x80003046:  33350513          addi                    a0,a0,819
0x8000304a:  02051613          slli                    a2,a0,32
0x8000304e:  962a              add                     a2,a2,a0
0x80003050:  00c5f533          and                     a0,a1,a2
0x80003054:  8189              srli                    a1,a1,2
0x80003056:  8df1              and                     a1,a1,a2
0x80003058:  952e              add                     a0,a0,a1
0x8000305a:  00455593          srli                    a1,a0,4
0x8000305e:  952e              add                     a0,a0,a1
0x80003060:  0f0f15b7          lui                     a1,61681
0x80003064:  f0f58593          addi                    a1,a1,-241
0x80003068:  02059613          slli                    a2,a1,32
0x8000306c:  95b2              add                     a1,a1,a2
0x8000306e:  8d6d              and                     a0,a0,a1
0x80003070:  010105b7          lui                     a1,4112
0x80003074:  10158593          addi                    a1,a1,257
0x80003078:  02059613          slli                    a2,a1,32
0x8000307c:  95b2              add                     a1,a1,a2
0x8000307e:  02b50533          mul                     a0,a0,a1
0x80003082:  9161              srli                    a0,a0,56
0x80003084:  de2a              sw                      a0,60(sp)
0x80003086:  5572              lw                      a0,60(sp)
0x80003088:  4585              addi                    a1,zero,1
0x8000308a:  00b51463          bne                     a0,a1,8                 # 0x80003092

----------------
IN: _RNvMNtNtCs4Hpn15vVByi_4core5alloc6layoutNtB2_6Layout15from_size_alignCsb0QcX9fjLSJ_6tritan
0x8000308e:  a009              j                       2                       # 0x80003090

----------------
IN: _RNvMNtNtCs4Hpn15vVByi_4core5alloc6layoutNtB2_6Layout15from_size_alignCsb0QcX9fjLSJ_6tritan
0x80003090:  a011              j                       4                       # 0x80003094

----------------
IN: _RNvMNtNtCs4Hpn15vVByi_4core5alloc6layoutNtB2_6Layout15from_size_alignCsb0QcX9fjLSJ_6tritan
0x80003094:  6522              ld                      a0,8(sp)
0x80003096:  00009597          auipc                   a1,9                    # 0x8000c096
0x8000309a:  efa58593          addi                    a1,a1,-262
0x8000309e:  fffff097          auipc                   ra,-1                   # 0x8000209e
0x800030a2:  9c0080e7          jalr                    ra,ra,-1600

----------------
IN: _RNvNvMNtNtCs4Hpn15vVByi_4core3ptr9alignmentNtB4_9Alignment13new_unchecked18precondition_checkCsb0QcX9fjLSJ_6tritan
0x80001a5e:  7179              addi                    sp,sp,-48
0x80001a60:  e42e              sd                      a1,8(sp)
0x80001a62:  e82a              sd                      a0,16(sp)
0x80001a64:  00155593          srli                    a1,a0,1
0x80001a68:  55555637          lui                     a2,349525
0x80001a6c:  55560613          addi                    a2,a2,1365
0x80001a70:  02061693          slli                    a3,a2,32
0x80001a74:  9636              add                     a2,a2,a3
0x80001a76:  8df1              and                     a1,a1,a2
0x80001a78:  40b505b3          sub                     a1,a0,a1
0x80001a7c:  33333537          lui                     a0,209715
0x80001a80:  33350513          addi                    a0,a0,819
0x80001a84:  02051613          slli                    a2,a0,32
0x80001a88:  962a              add                     a2,a2,a0
0x80001a8a:  00c5f533          and                     a0,a1,a2
0x80001a8e:  8189              srli                    a1,a1,2
0x80001a90:  8df1              and                     a1,a1,a2
0x80001a92:  952e              add                     a0,a0,a1
0x80001a94:  00455593          srli                    a1,a0,4
0x80001a98:  952e              add                     a0,a0,a1
0x80001a9a:  0f0f15b7          lui                     a1,61681
0x80001a9e:  f0f58593          addi                    a1,a1,-241
0x80001aa2:  02059613          slli                    a2,a1,32
0x80001aa6:  95b2              add                     a1,a1,a2
0x80001aa8:  8d6d              and                     a0,a0,a1
0x80001aaa:  010105b7          lui                     a1,4112
0x80001aae:  10158593          addi                    a1,a1,257
0x80001ab2:  02059613          slli                    a2,a1,32
0x80001ab6:  95b2              add                     a1,a1,a2
0x80001ab8:  02b50533          mul                     a0,a0,a1
0x80001abc:  9161              srli                    a0,a0,56
0x80001abe:  ce2a              sw                      a0,28(sp)
0x80001ac0:  4572              lw                      a0,28(sp)
0x80001ac2:  4585              addi                    a1,zero,1
0x80001ac4:  00b51563          bne                     a0,a1,10                # 0x80001ace

----------------
IN: _RNvNvMNtNtCs4Hpn15vVByi_4core3ptr9alignmentNtB4_9Alignment13new_unchecked18precondition_checkCsb0QcX9fjLSJ_6tritan
0x80001ac8:  a009              j                       2                       # 0x80001aca

----------------
IN: _RNvNvMNtNtCs4Hpn15vVByi_4core3ptr9alignmentNtB4_9Alignment13new_unchecked18precondition_checkCsb0QcX9fjLSJ_6tritan
0x80001aca:  6145              addi                    sp,sp,48
0x80001acc:  8082              ret                     

----------------
IN: _RNvMNtNtCs4Hpn15vVByi_4core5alloc6layoutNtB2_6Layout15from_size_alignCsb0QcX9fjLSJ_6tritan
0x800030a6:  a009              j                       2                       # 0x800030a8

----------------
IN: _RNvMNtNtCs4Hpn15vVByi_4core5alloc6layoutNtB2_6Layout15from_size_alignCsb0QcX9fjLSJ_6tritan
0x800030a8:  65c2              ld                      a1,16(sp)
0x800030aa:  6622              ld                      a2,8(sp)
0x800030ac:  e0b2              sd                      a2,64(sp)
0x800030ae:  557d              addi                    a0,zero,-1
0x800030b0:  157e              slli                    a0,a0,63
0x800030b2:  8d11              sub                     a0,a0,a2
0x800030b4:  00b57c63          bleu                    a1,a0,24                # 0x800030cc

----------------
IN: _RNvMNtNtCs4Hpn15vVByi_4core5alloc6layoutNtB2_6Layout15from_size_alignCsb0QcX9fjLSJ_6tritan
0x800030cc:  6542              ld                      a0,16(sp)
0x800030ce:  65a2              ld                      a1,8(sp)
0x800030d0:  ec2e              sd                      a1,24(sp)
0x800030d2:  f02a              sd                      a0,32(sp)
0x800030d4:  a009              j                       2                       # 0x800030d6

----------------
IN: _RNvMNtNtCs4Hpn15vVByi_4core5alloc6layoutNtB2_6Layout15from_size_alignCsb0QcX9fjLSJ_6tritan
0x800030d6:  6562              ld                      a0,24(sp)
0x800030d8:  7582              ld                      a1,32(sp)
0x800030da:  60a6              ld                      ra,72(sp)
0x800030dc:  6161              addi                    sp,sp,80
0x800030de:  8082              ret                     

----------------
IN: _RNvNtCsb0QcX9fjLSJ_6tritan6kalloc6kalloc
0x80002024:  00002097          auipc                   ra,2                    # 0x80004024
0x80002028:  8f6080e7          jalr                    ra,ra,-1802

----------------
IN: _RNvMNtCs4Hpn15vVByi_4core6resultINtB2_6ResultNtNtNtB4_5alloc6layout6LayoutNtBJ_11LayoutErrorE2okCsb0QcX9fjLSJ_6tritan
0x8000391a:  7179              addi                    sp,sp,-48
0x8000391c:  e02a              sd                      a0,0(sp)
0x8000391e:  e42e              sd                      a1,8(sp)
0x80003920:  6502              ld                      a0,0(sp)
0x80003922:  e509              bnez                    a0,10                   # 0x8000392c

----------------
IN: _RNvMNtCs4Hpn15vVByi_4core6resultINtB2_6ResultNtNtNtB4_5alloc6layout6LayoutNtBJ_11LayoutErrorE2okCsb0QcX9fjLSJ_6tritan
0x8000392c:  6582              ld                      a1,0(sp)
0x8000392e:  6522              ld                      a0,8(sp)
0x80003930:  f02e              sd                      a1,32(sp)
0x80003932:  f42a              sd                      a0,40(sp)
0x80003934:  e82e              sd                      a1,16(sp)
0x80003936:  ec2a              sd                      a0,24(sp)
0x80003938:  a009              j                       2                       # 0x8000393a

----------------
IN: _RNvMNtCs4Hpn15vVByi_4core6resultINtB2_6ResultNtNtNtB4_5alloc6layout6LayoutNtBJ_11LayoutErrorE2okCsb0QcX9fjLSJ_6tritan
0x8000393a:  6502              ld                      a0,0(sp)
0x8000393c:  e119              bnez                    a0,6                    # 0x80003942

----------------
IN: _RNvMNtCs4Hpn15vVByi_4core6resultINtB2_6ResultNtNtNtB4_5alloc6layout6LayoutNtBJ_11LayoutErrorE2okCsb0QcX9fjLSJ_6tritan
0x80003942:  6542              ld                      a0,16(sp)
0x80003944:  65e2              ld                      a1,24(sp)
0x80003946:  6145              addi                    sp,sp,48
0x80003948:  8082              ret                     

----------------
IN: _RNvNtCsb0QcX9fjLSJ_6tritan6kalloc6kalloc
0x8000202c:  00000097          auipc                   ra,0                    # 0x8000202c
0x80002030:  7d6080e7          jalr                    ra,ra,2006

----------------
IN: _RNvXsJ_NtCs4Hpn15vVByi_4core6optionINtB5_6OptionNtNtNtB7_5alloc6layout6LayoutENtNtNtB7_3ops9try_trait3Try6branchCsb0QcX9fjLSJ_6tritan
0x80002802:  7179              addi                    sp,sp,-48
0x80002804:  e02a              sd                      a0,0(sp)
0x80002806:  e42e              sd                      a1,8(sp)
0x80002808:  6502              ld                      a0,0(sp)
0x8000280a:  c909              beqz                    a0,18                   # 0x8000281c

----------------
IN: _RNvXsJ_NtCs4Hpn15vVByi_4core6optionINtB5_6OptionNtNtNtB7_5alloc6layout6LayoutENtNtNtB7_3ops9try_trait3Try6branchCsb0QcX9fjLSJ_6tritan
0x8000280c:  a009              j                       2                       # 0x8000280e

----------------
IN: _RNvXsJ_NtCs4Hpn15vVByi_4core6optionINtB5_6OptionNtNtNtB7_5alloc6layout6LayoutENtNtNtB7_3ops9try_trait3Try6branchCsb0QcX9fjLSJ_6tritan
0x8000280e:  6582              ld                      a1,0(sp)
0x80002810:  6522              ld                      a0,8(sp)
0x80002812:  f02e              sd                      a1,32(sp)
0x80002814:  f42a              sd                      a0,40(sp)
0x80002816:  e82e              sd                      a1,16(sp)
0x80002818:  ec2a              sd                      a0,24(sp)
0x8000281a:  a021              j                       8                       # 0x80002822

----------------
IN: _RNvXsJ_NtCs4Hpn15vVByi_4core6optionINtB5_6OptionNtNtNtB7_5alloc6layout6LayoutENtNtNtB7_3ops9try_trait3Try6branchCsb0QcX9fjLSJ_6tritan
0x80002822:  6542              ld                      a0,16(sp)
0x80002824:  65e2              ld                      a1,24(sp)
0x80002826:  6145              addi                    sp,sp,48
0x80002828:  8082              ret                     

----------------
IN: _RNvNtCsb0QcX9fjLSJ_6tritan6kalloc6kalloc
0x80002034:  f82a              sd                      a0,48(sp)
0x80002036:  fc2e              sd                      a1,56(sp)
0x80002038:  7542              ld                      a0,48(sp)
0x8000203a:  e909              bnez                    a0,18                   # 0x8000204c

----------------
IN: _RNvNtCsb0QcX9fjLSJ_6tritan6kalloc6kalloc
0x8000204c:  75c2              ld                      a1,48(sp)
0x8000204e:  e42e              sd                      a1,8(sp)
0x80002050:  7562              ld                      a0,56(sp)
0x80002052:  e82a              sd                      a0,16(sp)
0x80002054:  ecae              sd                      a1,88(sp)
0x80002056:  f0aa              sd                      a0,96(sp)
0x80002058:  00022517          auipc                   a0,34                   # 0x80024058
0x8000205c:  fd850513          addi                    a0,a0,-40
0x80002060:  00002097          auipc                   ra,2                    # 0x80004060
0x80002064:  034080e7          jalr                    ra,ra,52

----------------
IN: _RNvNtCsb0QcX9fjLSJ_6tritan6kalloc6kalloc
0x80002068:  85aa              mv                      a1,a0
0x8000206a:  ec2e              sd                      a1,24(sp)
0x8000206c:  f4aa              sd                      a0,104(sp)
0x8000206e:  e12a              sd                      a0,128(sp)
0x80002070:  a009              j                       2                       # 0x80002072

----------------
IN: _RNvNtCsb0QcX9fjLSJ_6tritan6kalloc6kalloc
0x80002072:  6562              ld                      a0,24(sp)
0x80002074:  f92a              sd                      a0,176(sp)
0x80002076:  4605              addi                    a2,zero,1
0x80002078:  4689              addi                    a3,zero,2
0x8000207a:  4701              mv                      a4,zero
0x8000207c:  85ba              mv                      a1,a4
0x8000207e:  fffff097          auipc                   ra,-1                   # 0x8000107e
0x80002082:  7a0080e7          jalr                    ra,ra,1952

----------------
IN: _RNvNtCsb0QcX9fjLSJ_6tritan6kalloc6kalloc
0x80002086:  8905              andi                    a0,a0,1
0x80002088:  0aa10723          sb                      a0,174(sp)
0x8000208c:  0ab107a3          sb                      a1,175(sp)
0x80002090:  0ae10513          addi                    a0,sp,174
0x80002094:  00002097          auipc                   ra,2                    # 0x80004094
0x80002098:  8b6080e7          jalr                    ra,ra,-1866

----------------
IN: _RNvNtCsb0QcX9fjLSJ_6tritan6kalloc6kalloc
0x8000209c:  e509              bnez                    a0,10                   # 0x800020a6

----------------
IN: _RNvNtCsb0QcX9fjLSJ_6tritan6kalloc6kalloc
0x800020a6:  65e2              ld                      a1,24(sp)
0x800020a8:  00858513          addi                    a0,a1,8
0x800020ac:  e1aa              sd                      a0,192(sp)
0x800020ae:  ed2e              sd                      a1,152(sp)
0x800020b0:  f12a              sd                      a0,160(sp)
0x800020b2:  a009              j                       2                       # 0x800020b4

----------------
IN: _RNvNtCsb0QcX9fjLSJ_6tritan6kalloc6kalloc
0x800020b4:  65ea              ld                      a1,152(sp)
0x800020b6:  750a              ld                      a0,160(sp)
0x800020b8:  f8ae              sd                      a1,112(sp)
0x800020ba:  fcaa              sd                      a0,120(sp)
0x800020bc:  7546              ld                      a0,112(sp)
0x800020be:  e105              bnez                    a0,32                   # 0x800020de

----------------
IN: _RNvNtCsb0QcX9fjLSJ_6tritan6kalloc6kalloc
0x800020de:  75c6              ld                      a1,112(sp)
0x800020e0:  7566              ld                      a0,120(sp)
0x800020e2:  e52e              sd                      a1,136(sp)
0x800020e4:  e92a              sd                      a0,144(sp)
0x800020e6:  e0ae              sd                      a1,64(sp)
0x800020e8:  e4aa              sd                      a0,72(sp)
0x800020ea:  0088              addi                    a0,sp,64
0x800020ec:  e02a              sd                      a0,0(sp)
0x800020ee:  00001097          auipc                   ra,1                    # 0x800030ee
0x800020f2:  3fe080e7          jalr                    ra,ra,1022

----------------
IN: _RNvNtCsb0QcX9fjLSJ_6tritan6kalloc6kalloc
0x800020f6:  65a2              ld                      a1,8(sp)
0x800020f8:  6642              ld                      a2,16(sp)
0x800020fa:  00002097          auipc                   ra,2                    # 0x800040fa
0x800020fe:  c10080e7          jalr                    ra,ra,-1008

----------------
IN: _RNvMCsd5aZ26uNDBs_22buddy_system_allocatorINtB2_4HeapKj20_E5allocCsb0QcX9fjLSJ_6tritan
0x80003d0a:  7149              addi                    sp,sp,-368
0x80003d0c:  f686              sd                      ra,360(sp)
0x80003d0e:  e12a              sd                      a0,128(sp)
0x80003d10:  f92e              sd                      a1,176(sp)
0x80003d12:  fd32              sd                      a2,184(sp)
0x80003d14:  f22a              sd                      a0,288(sp)
0x80003d16:  1908              addi                    a0,sp,176
0x80003d18:  e52a              sd                      a0,136(sp)
0x80003d1a:  fffff097          auipc                   ra,-1                   # 0x80002d1a
0x80003d1e:  3c6080e7          jalr                    ra,ra,966

----------------
IN: _RNvMNtNtCs4Hpn15vVByi_4core5alloc6layoutNtB2_6Layout4sizeCsb0QcX9fjLSJ_6tritan
0x800030e0:  1141              addi                    sp,sp,-16
0x800030e2:  e42a              sd                      a0,8(sp)
0x800030e4:  6508              ld                      a0,8(a0)
0x800030e6:  0141              addi                    sp,sp,16
0x800030e8:  8082              ret                     

----------------
IN: _RNvMCsd5aZ26uNDBs_22buddy_system_allocatorINtB2_4HeapKj20_E5allocCsb0QcX9fjLSJ_6tritan
0x80003d22:  fffff097          auipc                   ra,-1                   # 0x80002d22
0x80003d26:  112080e7          jalr                    ra,ra,274

----------------
IN: _RNvMs9_NtCs4Hpn15vVByi_4core3numj17next_power_of_twoCsb0QcX9fjLSJ_6tritan
0x80002e34:  7179              addi                    sp,sp,-48
0x80002e36:  e42a              sd                      a0,8(sp)
0x80002e38:  ec2a              sd                      a0,24(sp)
0x80002e3a:  4589              addi                    a1,zero,2
0x80002e3c:  0ab56063          bgtu                    a1,a0,160               # 0x80002edc

----------------
IN: _RNvMs9_NtCs4Hpn15vVByi_4core3numj17next_power_of_twoCsb0QcX9fjLSJ_6tritan
0x80002e40:  a009              j                       2                       # 0x80002e42

----------------
IN: _RNvMs9_NtCs4Hpn15vVByi_4core3numj17next_power_of_twoCsb0QcX9fjLSJ_6tritan
0x80002e42:  6522              ld                      a0,8(sp)
0x80002e44:  157d              addi                    a0,a0,-1
0x80002e46:  f02a              sd                      a0,32(sp)
0x80002e48:  00155593          srli                    a1,a0,1
0x80002e4c:  8d4d              or                      a0,a0,a1
0x80002e4e:  00255593          srli                    a1,a0,2
0x80002e52:  8d4d              or                      a0,a0,a1
0x80002e54:  00455593          srli                    a1,a0,4
0x80002e58:  8d4d              or                      a0,a0,a1
0x80002e5a:  00855593          srli                    a1,a0,8
0x80002e5e:  8d4d              or                      a0,a0,a1
0x80002e60:  01055593          srli                    a1,a0,16
0x80002e64:  8d4d              or                      a0,a0,a1
0x80002e66:  02055593          srli                    a1,a0,32
0x80002e6a:  8d4d              or                      a0,a0,a1
0x80002e6c:  fff54513          not                     a0,a0
0x80002e70:  00155593          srli                    a1,a0,1
0x80002e74:  55555637          lui                     a2,349525
0x80002e78:  55560613          addi                    a2,a2,1365
0x80002e7c:  02061693          slli                    a3,a2,32
0x80002e80:  9636              add                     a2,a2,a3
0x80002e82:  8df1              and                     a1,a1,a2
0x80002e84:  40b505b3          sub                     a1,a0,a1
0x80002e88:  33333537          lui                     a0,209715
0x80002e8c:  33350513          addi                    a0,a0,819
0x80002e90:  02051613          slli                    a2,a0,32
0x80002e94:  962a              add                     a2,a2,a0
0x80002e96:  00c5f533          and                     a0,a1,a2
0x80002e9a:  8189              srli                    a1,a1,2
0x80002e9c:  8df1              and                     a1,a1,a2
0x80002e9e:  952e              add                     a0,a0,a1
0x80002ea0:  00455593          srli                    a1,a0,4
0x80002ea4:  952e              add                     a0,a0,a1
0x80002ea6:  0f0f15b7          lui                     a1,61681
0x80002eaa:  f0f58593          addi                    a1,a1,-241
0x80002eae:  02059613          slli                    a2,a1,32
0x80002eb2:  95b2              add                     a1,a1,a2
0x80002eb4:  8d6d              and                     a0,a0,a1
0x80002eb6:  010105b7          lui                     a1,4112
0x80002eba:  10158593          addi                    a1,a1,257
0x80002ebe:  02059613          slli                    a2,a1,32
0x80002ec2:  95b2              add                     a1,a1,a2
0x80002ec4:  02b50533          mul                     a0,a0,a1
0x80002ec8:  9161              srli                    a0,a0,56
0x80002eca:  d42a              sw                      a0,40(sp)
0x80002ecc:  02816583          lwu                     a1,40(sp)
0x80002ed0:  d62e              sw                      a1,44(sp)
0x80002ed2:  557d              addi                    a0,zero,-1
0x80002ed4:  00b55533          srl                     a0,a0,a1
0x80002ed8:  e82a              sd                      a0,16(sp)
0x80002eda:  a021              j                       8                       # 0x80002ee2

----------------
IN: _RNvMs9_NtCs4Hpn15vVByi_4core3numj17next_power_of_twoCsb0QcX9fjLSJ_6tritan
0x80002ee2:  65c2              ld                      a1,16(sp)
0x80002ee4:  00158513          addi                    a0,a1,1
0x80002ee8:  e02a              sd                      a0,0(sp)
0x80002eea:  00b56663          bgtu                    a1,a0,12                # 0x80002ef6

----------------
IN: _RNvMs9_NtCs4Hpn15vVByi_4core3numj17next_power_of_twoCsb0QcX9fjLSJ_6tritan
0x80002eee:  a009              j                       2                       # 0x80002ef0

----------------
IN: _RNvMs9_NtCs4Hpn15vVByi_4core3numj17next_power_of_twoCsb0QcX9fjLSJ_6tritan
0x80002ef0:  6502              ld                      a0,0(sp)
0x80002ef2:  6145              addi                    sp,sp,48
0x80002ef4:  8082              ret                     

----------------
IN: _RNvMCsd5aZ26uNDBs_22buddy_system_allocatorINtB2_4HeapKj20_E5allocCsb0QcX9fjLSJ_6tritan
0x80003d2a:  85aa              mv                      a1,a0
0x80003d2c:  652a              ld                      a0,136(sp)
0x80003d2e:  e92e              sd                      a1,144(sp)
0x80003d30:  fffff097          auipc                   ra,-1                   # 0x80002d30
0x80003d34:  3ba080e7          jalr                    ra,ra,954

----------------
IN: _RNvMNtNtCs4Hpn15vVByi_4core5alloc6layoutNtB2_6Layout5alignCsb0QcX9fjLSJ_6tritan
0x800030ea:  1141              addi                    sp,sp,-16
0x800030ec:  e42a              sd                      a0,8(sp)
0x800030ee:  6108              ld                      a0,0(a0)
0x800030f0:  0141              addi                    sp,sp,16
0x800030f2:  8082              ret                     

----------------
IN: _RNvMCsd5aZ26uNDBs_22buddy_system_allocatorINtB2_4HeapKj20_E5allocCsb0QcX9fjLSJ_6tritan
0x80003d38:  45a1              addi                    a1,zero,8
0x80003d3a:  ffffe097          auipc                   ra,-2                   # 0x80001d3a
0x80003d3e:  ee4080e7          jalr                    ra,ra,-284

----------------
IN: _RINvNtCs4Hpn15vVByi_4core3cmp3maxjECsb0QcX9fjLSJ_6tritan
0x80001c1e:  1101              addi                    sp,sp,-32
0x80001c20:  ec06              sd                      ra,24(sp)
0x80001c22:  e42a              sd                      a0,8(sp)
0x80001c24:  e82e              sd                      a1,16(sp)
0x80001c26:  00000097          auipc                   ra,0                    # 0x80001c26
0x80001c2a:  024080e7          jalr                    ra,ra,36

----------------
IN: _RNvYjNtNtCs4Hpn15vVByi_4core3cmp3Ord3maxCsb0QcX9fjLSJ_6tritan
0x80001c4a:  7179              addi                    sp,sp,-48
0x80001c4c:  e42a              sd                      a0,8(sp)
0x80001c4e:  e82e              sd                      a1,16(sp)
0x80001c50:  0808              addi                    a0,sp,16
0x80001c52:  f02a              sd                      a0,32(sp)
0x80001c54:  0028              addi                    a0,sp,8
0x80001c56:  f42a              sd                      a0,40(sp)
0x80001c58:  6542              ld                      a0,16(sp)
0x80001c5a:  65a2              ld                      a1,8(sp)
0x80001c5c:  00b56663          bgtu                    a1,a0,12                # 0x80001c68

----------------
IN: _RNvYjNtNtCs4Hpn15vVByi_4core3cmp3Ord3maxCsb0QcX9fjLSJ_6tritan
0x80001c68:  6522              ld                      a0,8(sp)
0x80001c6a:  ec2a              sd                      a0,24(sp)
0x80001c6c:  a009              j                       2                       # 0x80001c6e

----------------
IN: _RNvYjNtNtCs4Hpn15vVByi_4core3cmp3Ord3maxCsb0QcX9fjLSJ_6tritan
0x80001c6e:  6562              ld                      a0,24(sp)
0x80001c70:  6145              addi                    sp,sp,48
0x80001c72:  8082              ret                     

----------------
IN: _RINvNtCs4Hpn15vVByi_4core3cmp3maxjECsb0QcX9fjLSJ_6tritan
0x80001c2e:  60e2              ld                      ra,24(sp)
0x80001c30:  6105              addi                    sp,sp,32
0x80001c32:  8082              ret                     

----------------
IN: _RNvMCsd5aZ26uNDBs_22buddy_system_allocatorINtB2_4HeapKj20_E5allocCsb0QcX9fjLSJ_6tritan
0x80003d42:  85aa              mv                      a1,a0
0x80003d44:  654a              ld                      a0,144(sp)
0x80003d46:  ffffe097          auipc                   ra,-2                   # 0x80001d46
0x80003d4a:  ed8080e7          jalr                    ra,ra,-296

----------------
IN: _RNvYjNtNtCs4Hpn15vVByi_4core3cmp3Ord3maxCsb0QcX9fjLSJ_6tritan
0x80001c60:  a009              j                       2                       # 0x80001c62

----------------
IN: _RNvYjNtNtCs4Hpn15vVByi_4core3cmp3Ord3maxCsb0QcX9fjLSJ_6tritan
0x80001c62:  6542              ld                      a0,16(sp)
0x80001c64:  ec2a              sd                      a0,24(sp)
0x80001c66:  a021              j                       8                       # 0x80001c6e

----------------
IN: _RNvMCsd5aZ26uNDBs_22buddy_system_allocatorINtB2_4HeapKj20_E5allocCsb0QcX9fjLSJ_6tritan
0x80003d4e:  85aa              mv                      a1,a0
0x80003d50:  ed2e              sd                      a1,152(sp)
0x80003d52:  f62a              sd                      a0,296(sp)
0x80003d54:  eeaa              sd                      a0,344(sp)
0x80003d56:  4581              mv                      a1,zero
0x80003d58:  8d89              sub                     a1,a1,a0
0x80003d5a:  8de9              and                     a1,a1,a0
0x80003d5c:  00007617          auipc                   a2,7                    # 0x8000ad5c
0x80003d60:  41c60613          addi                    a2,a2,1052
0x80003d64:  6210              ld                      a2,0(a2)
0x80003d66:  02c585b3          mul                     a1,a1,a2
0x80003d6a:  03a5d613          srli                    a2,a1,58
0x80003d6e:  00009597          auipc                   a1,9                    # 0x8000cd6e
0x80003d72:  83258593          addi                    a1,a1,-1998
0x80003d76:  95b2              add                     a1,a1,a2
0x80003d78:  0005c583          lbu                     a1,0(a1)
0x80003d7c:  04000613          addi                    a2,zero,64
0x80003d80:  f132              sd                      a2,160(sp)
0x80003d82:  f52e              sd                      a1,168(sp)
0x80003d84:  e119              bnez                    a0,6                    # 0x80003d8a

----------------
IN: _RNvMCsd5aZ26uNDBs_22buddy_system_allocatorINtB2_4HeapKj20_E5allocCsb0QcX9fjLSJ_6tritan
0x80003d8a:  752a              ld                      a0,168(sp)
0x80003d8c:  16a12223          sw                      a0,356(sp)
0x80003d90:  16416503          lwu                     a0,356(sp)
0x80003d94:  fcaa              sd                      a0,120(sp)
0x80003d96:  fa2a              sd                      a0,304(sp)
0x80003d98:  02000593          addi                    a1,zero,32
0x80003d9c:  00001097          auipc                   ra,1                    # 0x80004d9c
0x80003da0:  2c8080e7          jalr                    ra,ra,712

----------------
IN: _RNvXNtNtNtCs4Hpn15vVByi_4core4iter6traits7collectINtNtNtB8_3ops5range5RangejENtB2_12IntoIterator9into_iterCscQj4IemQydr_4talc
0x80005064:  1141              addi                    sp,sp,-16
0x80005066:  e02a              sd                      a0,0(sp)
0x80005068:  e42e              sd                      a1,8(sp)
0x8000506a:  0141              addi                    sp,sp,16
0x8000506c:  8082              ret                     

----------------
IN: _RNvMCsd5aZ26uNDBs_22buddy_system_allocatorINtB2_4HeapKj20_E5allocCsb0QcX9fjLSJ_6tritan
0x80003da4:  e5aa              sd                      a0,200(sp)
0x80003da6:  e9ae              sd                      a1,208(sp)
0x80003da8:  a009              j                       2                       # 0x80003daa

----------------
IN: _RNvMCsd5aZ26uNDBs_22buddy_system_allocatorINtB2_4HeapKj20_E5allocCsb0QcX9fjLSJ_6tritan
0x80003daa:  01a8              addi                    a0,sp,200
0x80003dac:  00001097          auipc                   ra,1                    # 0x80004dac
0x80003db0:  35c080e7          jalr                    ra,ra,860

----------------
IN: _RNvXs4_NtNtCs4Hpn15vVByi_4core4iter5rangeINtNtNtB9_3ops5range5RangejENtNtNtB7_6traits8iterator8Iterator4nextCscQj4IemQydr_4talc
0x80005108:  1141              addi                    sp,sp,-16
0x8000510a:  e406              sd                      ra,8(sp)
0x8000510c:  e02a              sd                      a0,0(sp)
0x8000510e:  00000097          auipc                   ra,0                    # 0x8000510e
0x80005112:  faa080e7          jalr                    ra,ra,-86

----------------
IN: _RNvXs3_NtNtCs4Hpn15vVByi_4core4iter5rangeINtNtNtB9_3ops5range5RangejENtB5_17RangeIteratorImpl9spec_nextCscQj4IemQydr_4talc
0x800050b8:  715d              addi                    sp,sp,-80
0x800050ba:  e486              sd                      ra,72(sp)
0x800050bc:  85aa              mv                      a1,a0
0x800050be:  e82e              sd                      a1,16(sp)
0x800050c0:  f42e              sd                      a1,40(sp)
0x800050c2:  00858513          addi                    a0,a1,8
0x800050c6:  fc2e              sd                      a1,56(sp)
0x800050c8:  e0aa              sd                      a0,64(sp)
0x800050ca:  6188              ld                      a0,0(a1)
0x800050cc:  658c              ld                      a1,8(a1)
0x800050ce:  00b56663          bgtu                    a1,a0,12                # 0x800050da

----------------
IN: _RNvXs3_NtNtCs4Hpn15vVByi_4core4iter5rangeINtNtNtB9_3ops5range5RangejENtB5_17RangeIteratorImpl9spec_nextCscQj4IemQydr_4talc
0x800050da:  6542              ld                      a0,16(sp)
0x800050dc:  6108              ld                      a0,0(a0)
0x800050de:  e02a              sd                      a0,0(sp)
0x800050e0:  f82a              sd                      a0,48(sp)
0x800050e2:  4585              addi                    a1,zero,1
0x800050e4:  e42e              sd                      a1,8(sp)
0x800050e6:  00000097          auipc                   ra,0                    # 0x800050e6
0x800050ea:  036080e7          jalr                    ra,ra,54

----------------
IN: _RNvXsF_NtNtCs4Hpn15vVByi_4core4iter5rangejNtB5_4Step17forward_uncheckedCscQj4IemQydr_4talc
0x8000511c:  7179              addi                    sp,sp,-48
0x8000511e:  f406              sd                      ra,40(sp)
0x80005120:  e42e              sd                      a1,8(sp)
0x80005122:  e82a              sd                      a0,16(sp)
0x80005124:  ec2a              sd                      a0,24(sp)
0x80005126:  f02e              sd                      a1,32(sp)
0x80005128:  a009              j                       2                       # 0x8000512a

----------------
IN: _RNvXsF_NtNtCs4Hpn15vVByi_4core4iter5rangejNtB5_4Step17forward_uncheckedCscQj4IemQydr_4talc
0x8000512a:  65a2              ld                      a1,8(sp)
0x8000512c:  6542              ld                      a0,16(sp)
0x8000512e:  00008617          auipc                   a2,8                    # 0x8000d12e
0x80005132:  e6a60613          addi                    a2,a2,-406
0x80005136:  00000097          auipc                   ra,0                    # 0x80005136
0x8000513a:  ef4080e7          jalr                    ra,ra,-268

----------------
IN: _RNvNvMs9_NtCs4Hpn15vVByi_4core3numj13unchecked_add18precondition_checkCscQj4IemQydr_4talc
0x8000502a:  7179              addi                    sp,sp,-48
0x8000502c:  e032              sd                      a2,0(sp)
0x8000502e:  e42e              sd                      a1,8(sp)
0x80005030:  85aa              mv                      a1,a0
0x80005032:  6522              ld                      a0,8(sp)
0x80005034:  e82e              sd                      a1,16(sp)
0x80005036:  ec2a              sd                      a0,24(sp)
0x80005038:  952e              add                     a0,a0,a1
0x8000503a:  00b56563          bgtu                    a1,a0,10                # 0x80005044

----------------
IN: _RNvNvMs9_NtCs4Hpn15vVByi_4core3numj13unchecked_add18precondition_checkCscQj4IemQydr_4talc
0x8000503e:  a009              j                       2                       # 0x80005040

----------------
IN: _RNvNvMs9_NtCs4Hpn15vVByi_4core3numj13unchecked_add18precondition_checkCscQj4IemQydr_4talc
0x80005040:  6145              addi                    sp,sp,48
0x80005042:  8082              ret                     

----------------
IN: _RNvXsF_NtNtCs4Hpn15vVByi_4core4iter5rangejNtB5_4Step17forward_uncheckedCscQj4IemQydr_4talc
0x8000513e:  a009              j                       2                       # 0x80005140

----------------
IN: _RNvXsF_NtNtCs4Hpn15vVByi_4core4iter5rangejNtB5_4Step17forward_uncheckedCscQj4IemQydr_4talc
0x80005140:  6542              ld                      a0,16(sp)
0x80005142:  65a2              ld                      a1,8(sp)
0x80005144:  952e              add                     a0,a0,a1
0x80005146:  70a2              ld                      ra,40(sp)
0x80005148:  6145              addi                    sp,sp,48
0x8000514a:  8082              ret                     

----------------
IN: _RNvXs3_NtNtCs4Hpn15vVByi_4core4iter5rangeINtNtNtB9_3ops5range5RangejENtB5_17RangeIteratorImpl9spec_nextCscQj4IemQydr_4talc
0x800050ee:  66c2              ld                      a3,16(sp)
0x800050f0:  6582              ld                      a1,0(sp)
0x800050f2:  862a              mv                      a2,a0
0x800050f4:  6522              ld                      a0,8(sp)
0x800050f6:  e290              sd                      a2,0(a3)
0x800050f8:  f02e              sd                      a1,32(sp)
0x800050fa:  ec2a              sd                      a0,24(sp)
0x800050fc:  a009              j                       2                       # 0x800050fe

----------------
IN: _RNvXs3_NtNtCs4Hpn15vVByi_4core4iter5rangeINtNtNtB9_3ops5range5RangejENtB5_17RangeIteratorImpl9spec_nextCscQj4IemQydr_4talc
0x800050fe:  6562              ld                      a0,24(sp)
0x80005100:  7582              ld                      a1,32(sp)
0x80005102:  60a6              ld                      ra,72(sp)
0x80005104:  6161              addi                    sp,sp,80
0x80005106:  8082              ret                     

----------------
IN: _RNvXs4_NtNtCs4Hpn15vVByi_4core4iter5rangeINtNtNtB9_3ops5range5RangejENtNtNtB7_6traits8iterator8Iterator4nextCscQj4IemQydr_4talc
0x80005116:  60a2              ld                      ra,8(sp)
0x80005118:  0141              addi                    sp,sp,16
0x8000511a:  8082              ret                     

----------------
IN: _RNvMCsd5aZ26uNDBs_22buddy_system_allocatorINtB2_4HeapKj20_E5allocCsb0QcX9fjLSJ_6tritan
0x80003db4:  edaa              sd                      a0,216(sp)
0x80003db6:  f1ae              sd                      a1,224(sp)
0x80003db8:  656e              ld                      a0,216(sp)
0x80003dba:  4585              addi                    a1,zero,1
0x80003dbc:  00b51b63          bne                     a0,a1,22                # 0x80003dd2

----------------
IN: _RNvMCsd5aZ26uNDBs_22buddy_system_allocatorINtB2_4HeapKj20_E5allocCsb0QcX9fjLSJ_6tritan
0x80003dc0:  a009              j                       2                       # 0x80003dc2

----------------
IN: _RNvMCsd5aZ26uNDBs_22buddy_system_allocatorINtB2_4HeapKj20_E5allocCsb0QcX9fjLSJ_6tritan
0x80003dc2:  750e              ld                      a0,224(sp)
0x80003dc4:  f8aa              sd                      a0,112(sp)
0x80003dc6:  fe2a              sd                      a0,312(sp)
0x80003dc8:  02000593          addi                    a1,zero,32
0x80003dcc:  00b56a63          bgtu                    a1,a0,20                # 0x80003de0

----------------
IN: _RNvMCsd5aZ26uNDBs_22buddy_system_allocatorINtB2_4HeapKj20_E5allocCsb0QcX9fjLSJ_6tritan
0x80003de0:  650a              ld                      a0,128(sp)
0x80003de2:  75c6              ld                      a1,112(sp)
0x80003de4:  058e              slli                    a1,a1,3
0x80003de6:  952e              add                     a0,a0,a1
0x80003de8:  00001097          auipc                   ra,1                    # 0x80004de8
0x80003dec:  5d2080e7          jalr                    ra,ra,1490

----------------
IN: _RNvMs_NtCsd5aZ26uNDBs_22buddy_system_allocator11linked_listNtB4_10LinkedList8is_empty
0x800053ba:  1141              addi                    sp,sp,-16
0x800053bc:  e406              sd                      ra,8(sp)
0x800053be:  e02a              sd                      a0,0(sp)
0x800053c0:  6108              ld                      a0,0(a0)
0x800053c2:  00000097          auipc                   ra,0                    # 0x800053c2
0x800053c6:  fa6080e7          jalr                    ra,ra,-90

----------------
IN: _RNvMNtNtCs4Hpn15vVByi_4core3ptr7mut_ptrOj7is_nullCsd5aZ26uNDBs_22buddy_system_allocator
0x80005368:  1141              addi                    sp,sp,-16
0x8000536a:  e42a              sd                      a0,8(sp)
0x8000536c:  00153513          seqz                    a0,a0
0x80005370:  0141              addi                    sp,sp,16
0x80005372:  8082              ret                     

----------------
IN: _RNvMs_NtCsd5aZ26uNDBs_22buddy_system_allocator11linked_listNtB4_10LinkedList8is_empty
0x800053ca:  60a2              ld                      ra,8(sp)
0x800053cc:  0141              addi                    sp,sp,16
0x800053ce:  8082              ret                     

----------------
IN: _RNvMCsd5aZ26uNDBs_22buddy_system_allocatorINtB2_4HeapKj20_E5allocCsb0QcX9fjLSJ_6tritan
0x80003df0:  fd4d              bnez                    a0,-70                  # 0x80003daa

----------------
IN: _RNvMCsd5aZ26uNDBs_22buddy_system_allocatorINtB2_4HeapKj20_E5allocCsb0QcX9fjLSJ_6tritan
0x80003df2:  a821              j                       24                      # 0x80003e0a

----------------
IN: _RNvMCsd5aZ26uNDBs_22buddy_system_allocatorINtB2_4HeapKj20_E5allocCsb0QcX9fjLSJ_6tritan
0x80003e0a:  75e6              ld                      a1,120(sp)
0x80003e0c:  00158513          addi                    a0,a1,1
0x80003e10:  f4aa              sd                      a0,104(sp)
0x80003e12:  00b56a63          bgtu                    a1,a0,20                # 0x80003e26

----------------
IN: _RNvMCsd5aZ26uNDBs_22buddy_system_allocatorINtB2_4HeapKj20_E5allocCsb0QcX9fjLSJ_6tritan
0x80003e16:  a009              j                       2                       # 0x80003e18

----------------
IN: _RNvMCsd5aZ26uNDBs_22buddy_system_allocatorINtB2_4HeapKj20_E5allocCsb0QcX9fjLSJ_6tritan
0x80003e18:  75c6              ld                      a1,112(sp)
0x80003e1a:  00158513          addi                    a0,a1,1
0x80003e1e:  f0aa              sd                      a0,96(sp)
0x80003e20:  02b56863          bgtu                    a1,a0,48                # 0x80003e50

----------------
IN: _RNvMCsd5aZ26uNDBs_22buddy_system_allocatorINtB2_4HeapKj20_E5allocCsb0QcX9fjLSJ_6tritan
0x80003e24:  a809              j                       18                      # 0x80003e36

----------------
IN: _RNvMCsd5aZ26uNDBs_22buddy_system_allocatorINtB2_4HeapKj20_E5allocCsb0QcX9fjLSJ_6tritan
0x80003e36:  7586              ld                      a1,96(sp)
0x80003e38:  7526              ld                      a0,104(sp)
0x80003e3a:  fffff097          auipc                   ra,-1                   # 0x80002e3a
0x80003e3e:  560080e7          jalr                    ra,ra,1376

----------------
IN: _RNvYINtNtNtCs4Hpn15vVByi_4core3ops5range5RangejENtNtNtNtB9_4iter6traits8iterator8Iterator3revCsb0QcX9fjLSJ_6tritan
0x8000339a:  1141              addi                    sp,sp,-16
0x8000339c:  e02a              sd                      a0,0(sp)
0x8000339e:  e42e              sd                      a1,8(sp)
0x800033a0:  0141              addi                    sp,sp,16
0x800033a2:  8082              ret                     

----------------
IN: _RNvMCsd5aZ26uNDBs_22buddy_system_allocatorINtB2_4HeapKj20_E5allocCsb0QcX9fjLSJ_6tritan
0x80003e42:  fffff097          auipc                   ra,-1                   # 0x80002e42
0x80003e46:  af8080e7          jalr                    ra,ra,-1288

----------------
IN: _RNvXNtNtNtCs4Hpn15vVByi_4core4iter6traits7collectINtNtNtB6_8adapters3rev3RevINtNtNtB8_3ops5range5RangejEENtB2_12IntoIterator9into_iterCsb0QcX9fjLSJ_6tritan
0x8000293a:  1141              addi                    sp,sp,-16
0x8000293c:  e02a              sd                      a0,0(sp)
0x8000293e:  e42e              sd                      a1,8(sp)
0x80002940:  0141              addi                    sp,sp,16
0x80002942:  8082              ret                     

----------------
IN: _RNvMCsd5aZ26uNDBs_22buddy_system_allocatorINtB2_4HeapKj20_E5allocCsb0QcX9fjLSJ_6tritan
0x80003e4a:  f5aa              sd                      a0,232(sp)
0x80003e4c:  f9ae              sd                      a1,240(sp)
0x80003e4e:  a809              j                       18                      # 0x80003e60

----------------
IN: _RNvMCsd5aZ26uNDBs_22buddy_system_allocatorINtB2_4HeapKj20_E5allocCsb0QcX9fjLSJ_6tritan
0x80003e60:  11a8              addi                    a0,sp,232
0x80003e62:  fffff097          auipc                   ra,-1                   # 0x80002e62
0x80003e66:  b00080e7          jalr                    ra,ra,-1280

----------------
IN: _RNvXs_NtNtNtCs4Hpn15vVByi_4core4iter8adapters3revINtB4_3RevINtNtNtBa_3ops5range5RangejEENtNtNtB8_6traits8iterator8Iterator4nextCsb0QcX9fjLSJ_6tritan
0x80002962:  1141              addi                    sp,sp,-16
0x80002964:  e406              sd                      ra,8(sp)
0x80002966:  e02a              sd                      a0,0(sp)
0x80002968:  00001097          auipc                   ra,1                    # 0x80003968
0x8000296c:  958080e7          jalr                    ra,ra,-1704

----------------
IN: _RNvXs5_NtNtCs4Hpn15vVByi_4core4iter5rangeINtNtNtB9_3ops5range5RangejENtNtNtB7_6traits12double_ended19DoubleEndedIterator9next_backCsb0QcX9fjLSJ_6tritan
0x800032c0:  1141              addi                    sp,sp,-16
0x800032c2:  e406              sd                      ra,8(sp)
0x800032c4:  e02a              sd                      a0,0(sp)
0x800032c6:  00000097          auipc                   ra,0                    # 0x800032c6
0x800032ca:  f62080e7          jalr                    ra,ra,-158

----------------
IN: _RNvXs3_NtNtCs4Hpn15vVByi_4core4iter5rangeINtNtNtB9_3ops5range5RangejENtB5_17RangeIteratorImpl14spec_next_backCsb0QcX9fjLSJ_6tritan
0x80003228:  7139              addi                    sp,sp,-64
0x8000322a:  fc06              sd                      ra,56(sp)
0x8000322c:  85aa              mv                      a1,a0
0x8000322e:  e42e              sd                      a1,8(sp)
0x80003230:  f02e              sd                      a1,32(sp)
0x80003232:  00858513          addi                    a0,a1,8
0x80003236:  f42e              sd                      a1,40(sp)
0x80003238:  f82a              sd                      a0,48(sp)
0x8000323a:  6188              ld                      a0,0(a1)
0x8000323c:  658c              ld                      a1,8(a1)
0x8000323e:  00b56663          bgtu                    a1,a0,12                # 0x8000324a

----------------
IN: _RNvXs3_NtNtCs4Hpn15vVByi_4core4iter5rangeINtNtNtB9_3ops5range5RangejENtB5_17RangeIteratorImpl14spec_next_backCsb0QcX9fjLSJ_6tritan
0x80003242:  a009              j                       2                       # 0x80003244

----------------
IN: _RNvXs3_NtNtCs4Hpn15vVByi_4core4iter5rangeINtNtNtB9_3ops5range5RangejENtB5_17RangeIteratorImpl14spec_next_backCsb0QcX9fjLSJ_6tritan
0x80003244:  4501              mv                      a0,zero
0x80003246:  e82a              sd                      a0,16(sp)
0x80003248:  a00d              j                       34                      # 0x8000326a

----------------
IN: _RNvXs3_NtNtCs4Hpn15vVByi_4core4iter5rangeINtNtNtB9_3ops5range5RangejENtB5_17RangeIteratorImpl14spec_next_backCsb0QcX9fjLSJ_6tritan
0x8000326a:  6542              ld                      a0,16(sp)
0x8000326c:  65e2              ld                      a1,24(sp)
0x8000326e:  70e2              ld                      ra,56(sp)
0x80003270:  6121              addi                    sp,sp,64
0x80003272:  8082              ret                     

----------------
IN: _RNvXs5_NtNtCs4Hpn15vVByi_4core4iter5rangeINtNtNtB9_3ops5range5RangejENtNtNtB7_6traits12double_ended19DoubleEndedIterator9next_backCsb0QcX9fjLSJ_6tritan
0x800032ce:  60a2              ld                      ra,8(sp)
0x800032d0:  0141              addi                    sp,sp,16
0x800032d2:  8082              ret                     

----------------
IN: _RNvXs_NtNtNtCs4Hpn15vVByi_4core4iter8adapters3revINtB4_3RevINtNtNtBa_3ops5range5RangejEENtNtNtB8_6traits8iterator8Iterator4nextCsb0QcX9fjLSJ_6tritan
0x80002970:  60a2              ld                      ra,8(sp)
0x80002972:  0141              addi                    sp,sp,16
0x80002974:  8082              ret                     

----------------
IN: _RNvMCsd5aZ26uNDBs_22buddy_system_allocatorINtB2_4HeapKj20_E5allocCsb0QcX9fjLSJ_6tritan
0x80003e6a:  fdaa              sd                      a0,248(sp)
0x80003e6c:  e22e              sd                      a1,256(sp)
0x80003e6e:  756e              ld                      a0,248(sp)
0x80003e70:  4585              addi                    a1,zero,1
0x80003e72:  00b51b63          bne                     a0,a1,22                # 0x80003e88

----------------
IN: _RNvMCsd5aZ26uNDBs_22buddy_system_allocatorINtB2_4HeapKj20_E5allocCsb0QcX9fjLSJ_6tritan
0x80003e88:  75e6              ld                      a1,120(sp)
0x80003e8a:  457d              addi                    a0,zero,31
0x80003e8c:  04b56163          bgtu                    a1,a0,66                # 0x80003ece

----------------
IN: _RNvMCsd5aZ26uNDBs_22buddy_system_allocatorINtB2_4HeapKj20_E5allocCsb0QcX9fjLSJ_6tritan
0x80003e90:  a009              j                       2                       # 0x80003e92

----------------
IN: _RNvMCsd5aZ26uNDBs_22buddy_system_allocatorINtB2_4HeapKj20_E5allocCsb0QcX9fjLSJ_6tritan
0x80003e92:  650a              ld                      a0,128(sp)
0x80003e94:  75e6              ld                      a1,120(sp)
0x80003e96:  058e              slli                    a1,a1,3
0x80003e98:  952e              add                     a0,a0,a1
0x80003e9a:  00001097          auipc                   ra,1                    # 0x80004e9a
0x80003e9e:  4da080e7          jalr                    ra,ra,1242

----------------
IN: _RNvMs_NtCsd5aZ26uNDBs_22buddy_system_allocator11linked_listNtB4_10LinkedList3pop
0x80005374:  7179              addi                    sp,sp,-48
0x80005376:  f406              sd                      ra,40(sp)
0x80005378:  e02a              sd                      a0,0(sp)
0x8000537a:  ec2a              sd                      a0,24(sp)
0x8000537c:  00000097          auipc                   ra,0                    # 0x8000537c
0x80005380:  03e080e7          jalr                    ra,ra,62

----------------
IN: _RNvMs_NtCsd5aZ26uNDBs_22buddy_system_allocator11linked_listNtB4_10LinkedList3pop
0x80005384:  e919              bnez                    a0,22                   # 0x8000539a

----------------
IN: _RNvMs_NtCsd5aZ26uNDBs_22buddy_system_allocator11linked_listNtB4_10LinkedList3pop
0x80005386:  a009              j                       2                       # 0x80005388

----------------
IN: _RNvMs_NtCsd5aZ26uNDBs_22buddy_system_allocator11linked_listNtB4_10LinkedList3pop
0x80005388:  6602              ld                      a2,0(sp)
0x8000538a:  6208              ld                      a0,0(a2)
0x8000538c:  f02a              sd                      a0,32(sp)
0x8000538e:  610c              ld                      a1,0(a0)
0x80005390:  e20c              sd                      a1,0(a2)
0x80005392:  e82a              sd                      a0,16(sp)
0x80005394:  4505              addi                    a0,zero,1
0x80005396:  e42a              sd                      a0,8(sp)
0x80005398:  a021              j                       8                       # 0x800053a0

----------------
IN: _RNvMs_NtCsd5aZ26uNDBs_22buddy_system_allocator11linked_listNtB4_10LinkedList3pop
0x800053a0:  6522              ld                      a0,8(sp)
0x800053a2:  65c2              ld                      a1,16(sp)
0x800053a4:  70a2              ld                      ra,40(sp)
0x800053a6:  6145              addi                    sp,sp,48
0x800053a8:  8082              ret                     

----------------
IN: _RNvMCsd5aZ26uNDBs_22buddy_system_allocatorINtB2_4HeapKj20_E5allocCsb0QcX9fjLSJ_6tritan
0x80003ea2:  00009617          auipc                   a2,9                    # 0x8000cea2
0x80003ea6:  90e60613          addi                    a2,a2,-1778
0x80003eaa:  00009697          auipc                   a3,9                    # 0x8000ceaa
0x80003eae:  92e68713          addi                    a4,a3,-1746
0x80003eb2:  02800693          addi                    a3,zero,40
0x80003eb6:  fffff097          auipc                   ra,-1                   # 0x80002eb6
0x80003eba:  8ec080e7          jalr                    ra,ra,-1812

----------------
IN: _RNvMNtCs4Hpn15vVByi_4core6optionINtB2_6OptionOjE6expectCsb0QcX9fjLSJ_6tritan
0x800027a2:  7139              addi                    sp,sp,-64
0x800027a4:  e03a              sd                      a4,0(sp)
0x800027a6:  e436              sd                      a3,8(sp)
0x800027a8:  e832              sd                      a2,16(sp)
0x800027aa:  ec2a              sd                      a0,24(sp)
0x800027ac:  f02e              sd                      a1,32(sp)
0x800027ae:  f432              sd                      a2,40(sp)
0x800027b0:  f836              sd                      a3,48(sp)
0x800027b2:  6562              ld                      a0,24(sp)
0x800027b4:  4585              addi                    a1,zero,1
0x800027b6:  00b51763          bne                     a0,a1,14                # 0x800027c4

----------------
IN: _RNvMNtCs4Hpn15vVByi_4core6optionINtB2_6OptionOjE6expectCsb0QcX9fjLSJ_6tritan
0x800027ba:  a009              j                       2                       # 0x800027bc

----------------
IN: _RNvMNtCs4Hpn15vVByi_4core6optionINtB2_6OptionOjE6expectCsb0QcX9fjLSJ_6tritan
0x800027bc:  7502              ld                      a0,32(sp)
0x800027be:  fc2a              sd                      a0,56(sp)
0x800027c0:  6121              addi                    sp,sp,64
0x800027c2:  8082              ret                     

----------------
IN: _RNvMCsd5aZ26uNDBs_22buddy_system_allocatorINtB2_4HeapKj20_E5allocCsb0QcX9fjLSJ_6tritan
0x80003ebe:  00000097          auipc                   ra,0                    # 0x80003ebe
0x80003ec2:  b6c080e7          jalr                    ra,ra,-1172

----------------
IN: _RNvMs1_NtNtCs4Hpn15vVByi_4core3ptr8non_nullINtB5_7NonNullhE3newCsb0QcX9fjLSJ_6tritan
0x80003a2a:  1101              addi                    sp,sp,-32
0x80003a2c:  ec06              sd                      ra,24(sp)
0x80003a2e:  e02a              sd                      a0,0(sp)
0x80003a30:  e82a              sd                      a0,16(sp)
0x80003a32:  e509              bnez                    a0,10                   # 0x80003a3c

----------------
IN: _RNvMs1_NtNtCs4Hpn15vVByi_4core3ptr8non_nullINtB5_7NonNullhE3newCsb0QcX9fjLSJ_6tritan
0x80003a3c:  a029              j                       10                      # 0x80003a46

----------------
IN: _RNvMs1_NtNtCs4Hpn15vVByi_4core3ptr8non_nullINtB5_7NonNullhE3newCsb0QcX9fjLSJ_6tritan
0x80003a46:  6502              ld                      a0,0(sp)
0x80003a48:  00009597          auipc                   a1,9                    # 0x8000ca48
0x80003a4c:  b0058593          addi                    a1,a1,-1280
0x80003a50:  fffff097          auipc                   ra,-1                   # 0x80002a50
0x80003a54:  790080e7          jalr                    ra,ra,1936

----------------
IN: _RNvNvMs1_NtNtCs4Hpn15vVByi_4core3ptr8non_nullINtB7_7NonNullpE13new_unchecked18precondition_checkCsb0QcX9fjLSJ_6tritan
0x800031e0:  1101              addi                    sp,sp,-32
0x800031e2:  e02e              sd                      a1,0(sp)
0x800031e4:  e42a              sd                      a0,8(sp)
0x800031e6:  e115              bnez                    a0,36                   # 0x8000320a

----------------
IN: _RNvNvMs1_NtNtCs4Hpn15vVByi_4core3ptr8non_nullINtB7_7NonNullpE13new_unchecked18precondition_checkCsb0QcX9fjLSJ_6tritan
0x8000320a:  6105              addi                    sp,sp,32
0x8000320c:  8082              ret                     

----------------
IN: _RNvMs1_NtNtCs4Hpn15vVByi_4core3ptr8non_nullINtB5_7NonNullhE3newCsb0QcX9fjLSJ_6tritan
0x80003a58:  a009              j                       2                       # 0x80003a5a

----------------
IN: _RNvMs1_NtNtCs4Hpn15vVByi_4core3ptr8non_nullINtB5_7NonNullhE3newCsb0QcX9fjLSJ_6tritan
0x80003a5a:  6502              ld                      a0,0(sp)
0x80003a5c:  e42a              sd                      a0,8(sp)
0x80003a5e:  b7c5              j                       -32                     # 0x80003a3e

----------------
IN: _RNvMs1_NtNtCs4Hpn15vVByi_4core3ptr8non_nullINtB5_7NonNullhE3newCsb0QcX9fjLSJ_6tritan
0x80003a3e:  6522              ld                      a0,8(sp)
0x80003a40:  60e2              ld                      ra,24(sp)
0x80003a42:  6105              addi                    sp,sp,32
0x80003a44:  8082              ret                     

----------------
IN: _RNvMCsd5aZ26uNDBs_22buddy_system_allocatorINtB2_4HeapKj20_E5allocCsb0QcX9fjLSJ_6tritan
0x80003ec6:  ee2a              sd                      a0,280(sp)
0x80003ec8:  6572              ld                      a0,280(sp)
0x80003eca:  ed09              bnez                    a0,26                   # 0x80003ee4

----------------
IN: _RNvMCsd5aZ26uNDBs_22buddy_system_allocatorINtB2_4HeapKj20_E5allocCsb0QcX9fjLSJ_6tritan
0x80003ee4:  6572              ld                      a0,280(sp)
0x80003ee6:  e4aa              sd                      a0,72(sp)
0x80003ee8:  e2aa              sd                      a0,320(sp)
0x80003eea:  1908              addi                    a0,sp,176
0x80003eec:  fffff097          auipc                   ra,-1                   # 0x80002eec
0x80003ef0:  1f4080e7          jalr                    ra,ra,500

----------------
IN: _RNvMCsd5aZ26uNDBs_22buddy_system_allocatorINtB2_4HeapKj20_E5allocCsb0QcX9fjLSJ_6tritan
0x80003ef4:  658a              ld                      a1,128(sp)
0x80003ef6:  1005b583          ld                      a1,256(a1)
0x80003efa:  952e              add                     a0,a0,a1
0x80003efc:  e8aa              sd                      a0,80(sp)
0x80003efe:  02b56263          bgtu                    a1,a0,36                # 0x80003f22

----------------
IN: _RNvMCsd5aZ26uNDBs_22buddy_system_allocatorINtB2_4HeapKj20_E5allocCsb0QcX9fjLSJ_6tritan
0x80003f02:  a021              j                       8                       # 0x80003f0a

----------------
IN: _RNvMCsd5aZ26uNDBs_22buddy_system_allocatorINtB2_4HeapKj20_E5allocCsb0QcX9fjLSJ_6tritan
0x80003f0a:  656a              ld                      a0,152(sp)
0x80003f0c:  658a              ld                      a1,128(sp)
0x80003f0e:  6646              ld                      a2,80(sp)
0x80003f10:  10c5b023          sd                      a2,256(a1)
0x80003f14:  1085b583          ld                      a1,264(a1)
0x80003f18:  952e              add                     a0,a0,a1
0x80003f1a:  e0aa              sd                      a0,64(sp)
0x80003f1c:  02b56263          bgtu                    a1,a0,36                # 0x80003f40

----------------
IN: _RNvMCsd5aZ26uNDBs_22buddy_system_allocatorINtB2_4HeapKj20_E5allocCsb0QcX9fjLSJ_6tritan
0x80003f20:  a809              j                       18                      # 0x80003f32

----------------
IN: _RNvMCsd5aZ26uNDBs_22buddy_system_allocatorINtB2_4HeapKj20_E5allocCsb0QcX9fjLSJ_6tritan
0x80003f32:  6526              ld                      a0,72(sp)
0x80003f34:  6586              ld                      a1,64(sp)
0x80003f36:  660a              ld                      a2,128(sp)
0x80003f38:  10b63423          sd                      a1,264(a2)
0x80003f3c:  e1aa              sd                      a0,192(sp)
0x80003f3e:  bd69              j                       -358                    # 0x80003dd8

----------------
IN: _RNvMCsd5aZ26uNDBs_22buddy_system_allocatorINtB2_4HeapKj20_E5allocCsb0QcX9fjLSJ_6tritan
0x80003dd8:  650e              ld                      a0,192(sp)
0x80003dda:  70b6              ld                      ra,360(sp)
0x80003ddc:  6175              addi                    sp,sp,368
0x80003dde:  8082              ret                     

----------------
IN: _RNvNtCsb0QcX9fjLSJ_6tritan6kalloc6kalloc
0x80002102:  00001097          auipc                   ra,1                    # 0x80003102
0x80002106:  7f2080e7          jalr                    ra,ra,2034

----------------
IN: _RNvMNtCs4Hpn15vVByi_4core6resultINtB2_6ResultINtNtNtB4_3ptr8non_null7NonNullhEuE2okCsb0QcX9fjLSJ_6tritan
0x800038f4:  1101              addi                    sp,sp,-32
0x800038f6:  e42a              sd                      a0,8(sp)
0x800038f8:  6522              ld                      a0,8(sp)
0x800038fa:  e509              bnez                    a0,10                   # 0x80003904

----------------
IN: _RNvMNtCs4Hpn15vVByi_4core6resultINtB2_6ResultINtNtNtB4_3ptr8non_null7NonNullhEuE2okCsb0QcX9fjLSJ_6tritan
0x80003904:  6522              ld                      a0,8(sp)
0x80003906:  ec2a              sd                      a0,24(sp)
0x80003908:  e82a              sd                      a0,16(sp)
0x8000390a:  a009              j                       2                       # 0x8000390c

----------------
IN: _RNvMNtCs4Hpn15vVByi_4core6resultINtB2_6ResultINtNtNtB4_3ptr8non_null7NonNullhEuE2okCsb0QcX9fjLSJ_6tritan
0x8000390c:  6522              ld                      a0,8(sp)
0x8000390e:  e119              bnez                    a0,6                    # 0x80003914

----------------
IN: _RNvMNtCs4Hpn15vVByi_4core6resultINtB2_6ResultINtNtNtB4_3ptr8non_null7NonNullhEuE2okCsb0QcX9fjLSJ_6tritan
0x80003914:  6542              ld                      a0,16(sp)
0x80003916:  6105              addi                    sp,sp,32
0x80003918:  8082              ret                     

----------------
IN: _RNvNtCsb0QcX9fjLSJ_6tritan6kalloc6kalloc
0x8000210a:  00000097          auipc                   ra,0                    # 0x8000210a
0x8000210e:  638080e7          jalr                    ra,ra,1592

----------------
IN: _RINvMNtCs4Hpn15vVByi_4core6optionINtB3_6OptionINtNtNtB5_3ptr8non_null7NonNullhEE3mapOhNCNvNtCsb0QcX9fjLSJ_6tritan6kalloc6kalloc0EB1s_
0x80002742:  7179              addi                    sp,sp,-48
0x80002744:  f406              sd                      ra,40(sp)
0x80002746:  e02a              sd                      a0,0(sp)
0x80002748:  6502              ld                      a0,0(sp)
0x8000274a:  cd01              beqz                    a0,24                   # 0x80002762

----------------
IN: _RINvMNtCs4Hpn15vVByi_4core6optionINtB3_6OptionINtNtNtB5_3ptr8non_null7NonNullhEE3mapOhNCNvNtCsb0QcX9fjLSJ_6tritan6kalloc6kalloc0EB1s_
0x8000274c:  a009              j                       2                       # 0x8000274e

----------------
IN: _RINvMNtCs4Hpn15vVByi_4core6optionINtB3_6OptionINtNtNtB5_3ptr8non_null7NonNullhEE3mapOhNCNvNtCsb0QcX9fjLSJ_6tritan6kalloc6kalloc0EB1s_
0x8000274e:  6502              ld                      a0,0(sp)
0x80002750:  f02a              sd                      a0,32(sp)
0x80002752:  00000097          auipc                   ra,0                    # 0x80002752
0x80002756:  fa4080e7          jalr                    ra,ra,-92

----------------
IN: _RNCNvNtCsb0QcX9fjLSJ_6tritan6kalloc6kalloc0B5_
0x800026f6:  711d              addi                    sp,sp,-96
0x800026f8:  ec86              sd                      ra,88(sp)
0x800026fa:  e82a              sd                      a0,16(sp)
0x800026fc:  f02a              sd                      a0,32(sp)
0x800026fe:  e8aa              sd                      a0,80(sp)
0x80002700:  f42a              sd                      a0,40(sp)
0x80002702:  fc2a              sd                      a0,56(sp)
0x80002704:  4581              mv                      a1,zero
0x80002706:  e02e              sd                      a1,0(sp)
0x80002708:  04b103a3          sb                      a1,71(sp)
0x8000270c:  6605              lui                     a2,1
0x8000270e:  e432              sd                      a2,8(sp)
0x80002710:  e4b2              sd                      a2,72(sp)
0x80002712:  02b10ba3          sb                      a1,55(sp)
0x80002716:  03714603          lbu                     a2,55(sp)
0x8000271a:  00009597          auipc                   a1,9                    # 0x8000b71a
0x8000271e:  3d658693          addi                    a3,a1,982
0x80002722:  4585              addi                    a1,zero,1
0x80002724:  00001097          auipc                   ra,1                    # 0x80003724
0x80002728:  06c080e7          jalr                    ra,ra,108

----------------
IN: _RNvNvNtCs4Hpn15vVByi_4core3ptr11write_bytes18precondition_checkCsb0QcX9fjLSJ_6tritan
0x80003790:  715d              addi                    sp,sp,-80
0x80003792:  e486              sd                      ra,72(sp)
0x80003794:  e436              sd                      a3,8(sp)
0x80003796:  e82a              sd                      a0,16(sp)
0x80003798:  86b2              mv                      a3,a2
0x8000379a:  ec36              sd                      a3,24(sp)
0x8000379c:  f02a              sd                      a0,32(sp)
0x8000379e:  f42e              sd                      a1,40(sp)
0x800037a0:  02c10ba3          sb                      a2,55(sp)
0x800037a4:  00001097          auipc                   ra,1                    # 0x800047a4
0x800037a8:  2da080e7          jalr                    ra,ra,730

----------------
IN: _RNvNvNtCs4Hpn15vVByi_4core3ptr11write_bytes18precondition_checkCsb0QcX9fjLSJ_6tritan
0x800037ac:  e119              bnez                    a0,6                    # 0x800037b2

----------------
IN: _RNvNvNtCs4Hpn15vVByi_4core3ptr11write_bytes18precondition_checkCsb0QcX9fjLSJ_6tritan
0x800037b2:  6562              ld                      a0,24(sp)
0x800037b4:  8905              andi                    a0,a0,1
0x800037b6:  e50d              bnez                    a0,42                   # 0x800037e0

----------------
IN: _RNvNvNtCs4Hpn15vVByi_4core3ptr11write_bytes18precondition_checkCsb0QcX9fjLSJ_6tritan
0x800037b8:  a00d              j                       34                      # 0x800037da

----------------
IN: _RNvNvNtCs4Hpn15vVByi_4core3ptr11write_bytes18precondition_checkCsb0QcX9fjLSJ_6tritan
0x800037da:  6542              ld                      a0,16(sp)
0x800037dc:  e119              bnez                    a0,6                    # 0x800037e2

----------------
IN: _RNvNvNtCs4Hpn15vVByi_4core3ptr11write_bytes18precondition_checkCsb0QcX9fjLSJ_6tritan
0x800037e2:  60a6              ld                      ra,72(sp)
0x800037e4:  6161              addi                    sp,sp,80
0x800037e6:  8082              ret                     

----------------
IN: _RNCNvNtCsb0QcX9fjLSJ_6tritan6kalloc6kalloc0B5_
0x8000272c:  6582              ld                      a1,0(sp)
0x8000272e:  6622              ld                      a2,8(sp)
0x80002730:  6542              ld                      a0,16(sp)
0x80002732:  00006097          auipc                   ra,6                    # 0x80008732
0x80002736:  8a4080e7          jalr                    ra,ra,-1884

----------------
IN: memset
0x80007fd6:  46c1              addi                    a3,zero,16
0x80007fd8:  06d66463          bgtu                    a3,a2,104               # 0x80008040

----------------
IN: memset
0x80007fdc:  40a006b3          neg                     a3,a0
0x80007fe0:  0076f813          andi                    a6,a3,7
0x80007fe4:  01050733          add                     a4,a0,a6
0x80007fe8:  00e57963          bleu                    a4,a0,18                # 0x80007ffa

----------------
IN: memset
0x80007ffa:  41060633          sub                     a2,a2,a6

----------------
IN: memset
0x80007ffe:  ff867693          andi                    a3,a2,-8

----------------
IN: memset
0x80008002:  96ba              add                     a3,a3,a4
0x80008004:  02d77363          bleu                    a3,a4,38                # 0x8000802a

----------------
IN: memset
0x80008008:  03859813          slli                    a6,a1,56
0x8000800c:  101017b7          lui                     a5,65793
0x80008010:  0792              slli                    a5,a5,4
0x80008012:  10078793          addi                    a5,a5,256
0x80008016:  02f83833          mulhu                   a6,a6,a5
0x8000801a:  02081793          slli                    a5,a6,32
0x8000801e:  0107e7b3          or                      a5,a5,a6
0x80008022:  e31c              sd                      a5,0(a4)
0x80008024:  0721              addi                    a4,a4,8
0x80008026:  fed76ee3          bgtu                    a3,a4,-4                # 0x80008022

----------------
IN: memset
0x80008022:  e31c              sd                      a5,0(a4)
0x80008024:  0721              addi                    a4,a4,8
0x80008026:  fed76ee3          bgtu                    a3,a4,-4                # 0x80008022

----------------
IN: memset
0x8000802a:  8a1d              andi                    a2,a2,7
0x8000802c:  00c68733          add                     a4,a3,a2
0x80008030:  00e6f763          bleu                    a4,a3,14                # 0x8000803e

----------------
IN: memset
0x8000803e:  8082              ret                     

----------------
IN: _RNCNvNtCsb0QcX9fjLSJ_6tritan6kalloc6kalloc0B5_
0x8000273a:  6542              ld                      a0,16(sp)
0x8000273c:  60e6              ld                      ra,88(sp)
0x8000273e:  6125              addi                    sp,sp,96
0x80002740:  8082              ret                     

----------------
IN: _RINvMNtCs4Hpn15vVByi_4core6optionINtB3_6OptionINtNtNtB5_3ptr8non_null7NonNullhEE3mapOhNCNvNtCsb0QcX9fjLSJ_6tritan6kalloc6kalloc0EB1s_
0x8000275a:  e82a              sd                      a0,16(sp)
0x8000275c:  4505              addi                    a0,zero,1
0x8000275e:  e42a              sd                      a0,8(sp)
0x80002760:  a021              j                       8                       # 0x80002768

----------------
IN: _RINvMNtCs4Hpn15vVByi_4core6optionINtB3_6OptionINtNtNtB5_3ptr8non_null7NonNullhEE3mapOhNCNvNtCsb0QcX9fjLSJ_6tritan6kalloc6kalloc0EB1s_
0x80002768:  6522              ld                      a0,8(sp)
0x8000276a:  65c2              ld                      a1,16(sp)
0x8000276c:  70a2              ld                      ra,40(sp)
0x8000276e:  6145              addi                    sp,sp,48
0x80002770:  8082              ret                     

----------------
IN: _RNvNtCsb0QcX9fjLSJ_6tritan6kalloc6kalloc
0x80002112:  862a              mv                      a2,a0
0x80002114:  6502              ld                      a0,0(sp)
0x80002116:  f032              sd                      a2,32(sp)
0x80002118:  f42e              sd                      a1,40(sp)
0x8000211a:  00000097          auipc                   ra,0                    # 0x8000211a
0x8000211e:  718080e7          jalr                    ra,ra,1816

----------------
IN: _RNvNtCsb0QcX9fjLSJ_6tritan6kalloc6kalloc
0x80002122:  a009              j                       2                       # 0x80002124

----------------
IN: _RNvNtCsb0QcX9fjLSJ_6tritan6kalloc6kalloc
0x80002124:  7502              ld                      a0,32(sp)
0x80002126:  75a2              ld                      a1,40(sp)
0x80002128:  60ae              ld                      ra,200(sp)
0x8000212a:  6169              addi                    sp,sp,208
0x8000212c:  8082              ret                     

----------------
IN: main
0x80000c02:  0000a617          auipc                   a2,10                   # 0x8000ac02
0x80000c06:  62c60613          addi                    a2,a2,1580
0x80000c0a:  0000a697          auipc                   a3,10                   # 0x8000ac0a
0x80000c0e:  63e68713          addi                    a4,a3,1598
0x80000c12:  46dd              addi                    a3,zero,23
0x80000c14:  00002097          auipc                   ra,2                    # 0x80002c14
0x80000c18:  b5e080e7          jalr                    ra,ra,-1186

----------------
IN: _RNvMNtCs4Hpn15vVByi_4core6optionINtB2_6OptionOhE6expectCsb0QcX9fjLSJ_6tritan
0x80002772:  7139              addi                    sp,sp,-64
0x80002774:  e03a              sd                      a4,0(sp)
0x80002776:  e436              sd                      a3,8(sp)
0x80002778:  e832              sd                      a2,16(sp)
0x8000277a:  ec2a              sd                      a0,24(sp)
0x8000277c:  f02e              sd                      a1,32(sp)
0x8000277e:  f432              sd                      a2,40(sp)
0x80002780:  f836              sd                      a3,48(sp)
0x80002782:  6562              ld                      a0,24(sp)
0x80002784:  4585              addi                    a1,zero,1
0x80002786:  00b51763          bne                     a0,a1,14                # 0x80002794

----------------
IN: _RNvMNtCs4Hpn15vVByi_4core6optionINtB2_6OptionOhE6expectCsb0QcX9fjLSJ_6tritan
0x8000278a:  a009              j                       2                       # 0x8000278c

----------------
IN: _RNvMNtCs4Hpn15vVByi_4core6optionINtB2_6OptionOhE6expectCsb0QcX9fjLSJ_6tritan
0x8000278c:  7502              ld                      a0,32(sp)
0x8000278e:  fc2a              sd                      a0,56(sp)
0x80002790:  6121              addi                    sp,sp,64
0x80002792:  8082              ret                     

----------------
IN: main
0x80000c1c:  85aa              mv                      a1,a0
0x80000c1e:  f9ae              sd                      a1,240(sp)
0x80000c20:  eb2a              sd                      a0,400(sp)
0x80000c22:  00023517          auipc                   a0,35                   # 0x80023c22
0x80000c26:  3de50513          addi                    a0,a0,990
0x80000c2a:  00004097          auipc                   ra,4                    # 0x80004c2a
0x80000c2e:  d44080e7          jalr                    ra,ra,-700

----------------
IN: _RNvMNtCscQj4IemQydr_4talc5talckINtB2_5TalckINtNtCsek73zhQAbPJ_4spin5mutex5MutexuENtNtB4_11oom_handler8ErrOnOomE4lockCsb0QcX9fjLSJ_6tritan
0x8000496e:  1141              addi                    sp,sp,-16
0x80004970:  e406              sd                      ra,8(sp)
0x80004972:  e02a              sd                      a0,0(sp)
0x80004974:  00008597          auipc                   a1,8                    # 0x8000c974
0x80004978:  2d458593          addi                    a1,a1,724
0x8000497c:  ffffe097          auipc                   ra,-2                   # 0x8000297c
0x80004980:  780080e7          jalr                    ra,ra,1920

----------------
IN: _RNvMs2_NtCsizHN61kahr_8lock_api5mutexINtB5_5MutexINtNtCsek73zhQAbPJ_4spin5mutex5MutexuEINtNtCscQj4IemQydr_4talc4talc4TalcNtNtB1s_11oom_handler8ErrOnOomEE4lockCsb0QcX9fjLSJ_6tritan
0x800030fc:  1101              addi                    sp,sp,-32
0x800030fe:  ec06              sd                      ra,24(sp)
0x80003100:  e42a              sd                      a0,8(sp)
0x80003102:  e82a              sd                      a0,16(sp)
0x80003104:  00000097          auipc                   ra,0                    # 0x80003104
0x80003108:  424080e7          jalr                    ra,ra,1060

----------------
IN: _RNvXsb_NtCsek73zhQAbPJ_4spin5mutexINtB5_5MutexuENtNtCsizHN61kahr_8lock_api5mutex8RawMutex4lockCsb0QcX9fjLSJ_6tritan
0x80003528:  7119              addi                    sp,sp,-128
0x8000352a:  fc86              sd                      ra,120(sp)
0x8000352c:  e42a              sd                      a0,8(sp)
0x8000352e:  e82a              sd                      a0,16(sp)
0x80003530:  ec2a              sd                      a0,24(sp)
0x80003532:  f82a              sd                      a0,48(sp)
0x80003534:  a009              j                       2                       # 0x80003536

----------------
IN: _RNvXsb_NtCsek73zhQAbPJ_4spin5mutexINtB5_5MutexuENtNtCsizHN61kahr_8lock_api5mutex8RawMutex4lockCsb0QcX9fjLSJ_6tritan
0x80003536:  6522              ld                      a0,8(sp)
0x80003538:  f0aa              sd                      a0,96(sp)
0x8000353a:  4605              addi                    a2,zero,1
0x8000353c:  4689              addi                    a3,zero,2
0x8000353e:  4701              mv                      a4,zero
0x80003540:  85ba              mv                      a1,a4
0x80003542:  ffffe097          auipc                   ra,-2                   # 0x80001542
0x80003546:  2dc080e7          jalr                    ra,ra,732

----------------
IN: _RNvXsb_NtCsek73zhQAbPJ_4spin5mutexINtB5_5MutexuENtNtCsizHN61kahr_8lock_api5mutex8RawMutex4lockCsb0QcX9fjLSJ_6tritan
0x8000354a:  8905              andi                    a0,a0,1
0x8000354c:  04a10f23          sb                      a0,94(sp)
0x80003550:  04b10fa3          sb                      a1,95(sp)
0x80003554:  05e10513          addi                    a0,sp,94
0x80003558:  00000097          auipc                   ra,0                    # 0x80003558
0x8000355c:  3f2080e7          jalr                    ra,ra,1010

----------------
IN: _RNvXsb_NtCsek73zhQAbPJ_4spin5mutexINtB5_5MutexuENtNtCsizHN61kahr_8lock_api5mutex8RawMutex4lockCsb0QcX9fjLSJ_6tritan
0x80003560:  e509              bnez                    a0,10                   # 0x8000356a

----------------
IN: _RNvXsb_NtCsek73zhQAbPJ_4spin5mutexINtB5_5MutexuENtNtCsizHN61kahr_8lock_api5mutex8RawMutex4lockCsb0QcX9fjLSJ_6tritan
0x8000356a:  65a2              ld                      a1,8(sp)
0x8000356c:  00158513          addi                    a0,a1,1
0x80003570:  f8aa              sd                      a0,112(sp)
0x80003572:  e4ae              sd                      a1,72(sp)
0x80003574:  e8aa              sd                      a0,80(sp)
0x80003576:  a009              j                       2                       # 0x80003578

----------------
IN: _RNvXsb_NtCsek73zhQAbPJ_4spin5mutexINtB5_5MutexuENtNtCsizHN61kahr_8lock_api5mutex8RawMutex4lockCsb0QcX9fjLSJ_6tritan
0x80003578:  65a6              ld                      a1,72(sp)
0x8000357a:  6546              ld                      a0,80(sp)
0x8000357c:  f02e              sd                      a1,32(sp)
0x8000357e:  f42a              sd                      a0,40(sp)
0x80003580:  7502              ld                      a0,32(sp)
0x80003582:  e105              bnez                    a0,32                   # 0x800035a2

----------------
IN: _RNvXsb_NtCsek73zhQAbPJ_4spin5mutexINtB5_5MutexuENtNtCsizHN61kahr_8lock_api5mutex8RawMutex4lockCsb0QcX9fjLSJ_6tritan
0x800035a2:  7502              ld                      a0,32(sp)
0x800035a4:  75a2              ld                      a1,40(sp)
0x800035a6:  fc2a              sd                      a0,56(sp)
0x800035a8:  e0ae              sd                      a1,64(sp)
0x800035aa:  00000097          auipc                   ra,0                    # 0x800035aa
0x800035ae:  340080e7          jalr                    ra,ra,832

----------------
IN: _RINvNtCs4Hpn15vVByi_4core3mem6forgetINtNtCsek73zhQAbPJ_4spin5mutex10MutexGuarduEECsb0QcX9fjLSJ_6tritan
0x800038ea:  1141              addi                    sp,sp,-16
0x800038ec:  e02a              sd                      a0,0(sp)
0x800038ee:  e42e              sd                      a1,8(sp)
0x800038f0:  0141              addi                    sp,sp,16
0x800038f2:  8082              ret                     

----------------
IN: _RNvXsb_NtCsek73zhQAbPJ_4spin5mutexINtB5_5MutexuENtNtCsizHN61kahr_8lock_api5mutex8RawMutex4lockCsb0QcX9fjLSJ_6tritan
0x800035b2:  70e6              ld                      ra,120(sp)
0x800035b4:  6109              addi                    sp,sp,128
0x800035b6:  8082              ret                     

----------------
IN: _RNvMs2_NtCsizHN61kahr_8lock_api5mutexINtB5_5MutexINtNtCsek73zhQAbPJ_4spin5mutex5MutexuEINtNtCscQj4IemQydr_4talc4talc4TalcNtNtB1s_11oom_handler8ErrOnOomEE4lockCsb0QcX9fjLSJ_6tritan
0x8000310c:  6522              ld                      a0,8(sp)
0x8000310e:  00000097          auipc                   ra,0                    # 0x8000310e
0x80003112:  fe6080e7          jalr                    ra,ra,-26

----------------
IN: _RNvMs2_NtCsizHN61kahr_8lock_api5mutexINtB5_5MutexINtNtCsek73zhQAbPJ_4spin5mutex5MutexuEINtNtCscQj4IemQydr_4talc4talc4TalcNtNtB1s_11oom_handler8ErrOnOomEE20make_guard_uncheckedCsb0QcX9fjLSJ_6tritan
0x800030f4:  1141              addi                    sp,sp,-16
0x800030f6:  e42a              sd                      a0,8(sp)
0x800030f8:  0141              addi                    sp,sp,16
0x800030fa:  8082              ret                     

----------------
IN: _RNvMs2_NtCsizHN61kahr_8lock_api5mutexINtB5_5MutexINtNtCsek73zhQAbPJ_4spin5mutex5MutexuEINtNtCscQj4IemQydr_4talc4talc4TalcNtNtB1s_11oom_handler8ErrOnOomEE4lockCsb0QcX9fjLSJ_6tritan
0x80003116:  60e2              ld                      ra,24(sp)
0x80003118:  6105              addi                    sp,sp,32
0x8000311a:  8082              ret                     

----------------
IN: _RNvMNtCscQj4IemQydr_4talc5talckINtB2_5TalckINtNtCsek73zhQAbPJ_4spin5mutex5MutexuENtNtB4_11oom_handler8ErrOnOomE4lockCsb0QcX9fjLSJ_6tritan
0x80004984:  60a2              ld                      ra,8(sp)
0x80004986:  0141              addi                    sp,sp,16
0x80004988:  8082              ret                     

----------------
IN: main
0x80000c32:  f22a              sd                      a0,288(sp)
0x80000c34:  1208              addi                    a0,sp,288
0x80000c36:  00002097          auipc                   ra,2                    # 0x80002c36
0x80000c3a:  4e6080e7          jalr                    ra,ra,1254

----------------
IN: _RNvXsc_NtCsizHN61kahr_8lock_api5mutexINtB5_10MutexGuardINtNtCsek73zhQAbPJ_4spin5mutex5MutexuEINtNtCscQj4IemQydr_4talc4talc4TalcNtNtB1y_11oom_handler8ErrOnOomEENtNtNtCs4Hpn15vVByi_4core3ops5deref8DerefMut9deref_mutCsb0QcX9fjLSJ_6tritan
0x8000311c:  1141              addi                    sp,sp,-16
0x8000311e:  e02a              sd                      a0,0(sp)
0x80003120:  6108              ld                      a0,0(a0)
0x80003122:  0521              addi                    a0,a0,8
0x80003124:  e42a              sd                      a0,8(sp)
0x80003126:  0141              addi                    sp,sp,16
0x80003128:  8082              ret                     

----------------
IN: main
0x80000c3e:  fdaa              sd                      a0,248(sp)
0x80000c40:  00100537          lui                     a0,256
0x80000c44:  e22a              sd                      a0,256(sp)
0x80000c46:  4501              mv                      a0,zero
0x80000c48:  e949              bnez                    a0,146                  # 0x80000cda

----------------
IN: main
0x80000c4a:  a009              j                       2                       # 0x80000c4c

----------------
IN: main
0x80000c4c:  6592              ld                      a1,256(sp)
0x80000c4e:  754e              ld                      a0,240(sp)
0x80000c50:  00003097          auipc                   ra,3                    # 0x80003c50
0x80000c54:  9e6080e7          jalr                    ra,ra,-1562

----------------
IN: _RNvMse_NtCscQj4IemQydr_4talc4spanNtB5_4Span14from_base_sizeCsb0QcX9fjLSJ_6tritan
0x80003636:  7179              addi                    sp,sp,-48
0x80003638:  e02a              sd                      a0,0(sp)
0x8000363a:  e42e              sd                      a1,8(sp)
0x8000363c:  e82a              sd                      a0,16(sp)
0x8000363e:  ec2e              sd                      a1,24(sp)
0x80003640:  f02e              sd                      a1,32(sp)
0x80003642:  95aa              add                     a1,a1,a0
0x80003644:  f42e              sd                      a1,40(sp)
0x80003646:  75a2              ld                      a1,40(sp)
0x80003648:  6145              addi                    sp,sp,48
0x8000364a:  8082              ret                     

----------------
IN: main
0x80000c58:  862a              mv                      a2,a0
0x80000c5a:  86ae              mv                      a3,a1
0x80000c5c:  75ee              ld                      a1,248(sp)
0x80000c5e:  0228              addi                    a0,sp,264
0x80000c60:  00000097          auipc                   ra,0                    # 0x80000c60
0x80000c64:  b20080e7          jalr                    ra,ra,-1248

----------------
IN: _RNvMs0_NtCscQj4IemQydr_4talc4talcINtB5_4TalcNtNtB7_11oom_handler8ErrOnOomE5claimCsb0QcX9fjLSJ_6tritan
0x80000780:  df010113          addi                    sp,sp,-528
0x80000784:  20113423          sd                      ra,520(sp)
0x80000788:  e136              sd                      a3,128(sp)
0x8000078a:  fcb2              sd                      a2,120(sp)
0x8000078c:  f4ae              sd                      a1,104(sp)
0x8000078e:  85aa              mv                      a1,a0
0x80000790:  7526              ld                      a0,104(sp)
0x80000792:  f8ae              sd                      a1,112(sp)
0x80000794:  e1aa              sd                      a0,192(sp)
0x80000796:  e5b2              sd                      a2,200(sp)
0x80000798:  e9b6              sd                      a3,208(sp)
0x8000079a:  00000097          auipc                   ra,0                    # 0x8000079a
0x8000079e:  cb4080e7          jalr                    ra,ra,-844

----------------
IN: _RNvMs0_NtCscQj4IemQydr_4talc4talcINtB5_4TalcNtNtB7_11oom_handler8ErrOnOomE15scan_for_errorsCsb0QcX9fjLSJ_6tritan
0x8000044e:  716d              addi                    sp,sp,-272
0x80000450:  e606              sd                      ra,264(sp)
0x80000452:  ecaa              sd                      a0,88(sp)
0x80000454:  ed2a              sd                      a0,152(sp)
0x80000456:  6908              ld                      a0,16(a0)
0x80000458:  00005097          auipc                   ra,5                    # 0x80005458
0x8000045c:  96c080e7          jalr                    ra,ra,-1684

----------------
IN: _RNvMNtNtCs4Hpn15vVByi_4core3ptr7mut_ptrOINtNtB6_6option6OptionINtNtB4_8non_null7NonNullNtNtNtCscQj4IemQydr_4talc4talc5llist9LlistNodeEE7is_nullB1t_
0x80004dc4:  1141              addi                    sp,sp,-16
0x80004dc6:  e42a              sd                      a0,8(sp)
0x80004dc8:  00153513          seqz                    a0,a0
0x80004dcc:  0141              addi                    sp,sp,16
0x80004dce:  8082              ret                     

----------------
IN: _RNvMs0_NtCscQj4IemQydr_4talc4talcINtB5_4TalcNtNtB7_11oom_handler8ErrOnOomE15scan_for_errorsCsb0QcX9fjLSJ_6tritan
0x80000460:  ed01              bnez                    a0,24                   # 0x80000478

----------------
IN: _RNvMs0_NtCscQj4IemQydr_4talc4talcINtB5_4TalcNtNtB7_11oom_handler8ErrOnOomE15scan_for_errorsCsb0QcX9fjLSJ_6tritan
0x80000478:  6566              ld                      a0,88(sp)
0x8000047a:  6108              ld                      a0,0(a0)
0x8000047c:  2c050f63          beqz                    a0,734                  # 0x8000075a

----------------
IN: _RNvMs0_NtCscQj4IemQydr_4talc4talcINtB5_4TalcNtNtB7_11oom_handler8ErrOnOomE15scan_for_errorsCsb0QcX9fjLSJ_6tritan
0x8000075a:  6566              ld                      a0,88(sp)
0x8000075c:  6508              ld                      a0,8(a0)
0x8000075e:  d60504e3          beqz                    a0,-664                 # 0x800004c6

----------------
IN: _RNvMs0_NtCscQj4IemQydr_4talc4talcINtB5_4TalcNtNtB7_11oom_handler8ErrOnOomE15scan_for_errorsCsb0QcX9fjLSJ_6tritan
0x800004c6:  60b2              ld                      ra,264(sp)
0x800004c8:  6151              addi                    sp,sp,272
0x800004ca:  8082              ret                     

----------------
IN: _RNvMs0_NtCscQj4IemQydr_4talc4talcINtB5_4TalcNtNtB7_11oom_handler8ErrOnOomE5claimCsb0QcX9fjLSJ_6tritan
0x800007a2:  7566              ld                      a0,120(sp)
0x800007a4:  658a              ld                      a1,128(sp)
0x800007a6:  4601              mv                      a2,zero
0x800007a8:  00003097          auipc                   ra,3                    # 0x800037a8
0x800007ac:  f14080e7          jalr                    ra,ra,-236

----------------
IN: _RNvMse_NtCscQj4IemQydr_4talc4spanNtB5_4Span8containsCsb0QcX9fjLSJ_6tritan
0x800036bc:  7179              addi                    sp,sp,-48
0x800036be:  e032              sd                      a2,0(sp)
0x800036c0:  e42e              sd                      a1,8(sp)
0x800036c2:  ec2a              sd                      a0,24(sp)
0x800036c4:  f02e              sd                      a1,32(sp)
0x800036c6:  f432              sd                      a2,40(sp)
0x800036c8:  00a67763          bleu                    a0,a2,14                # 0x800036d6

----------------
IN: _RNvMse_NtCscQj4IemQydr_4talc4spanNtB5_4Span8containsCsb0QcX9fjLSJ_6tritan
0x800036cc:  a009              j                       2                       # 0x800036ce

----------------
IN: _RNvMse_NtCscQj4IemQydr_4talc4spanNtB5_4Span8containsCsb0QcX9fjLSJ_6tritan
0x800036ce:  4501              mv                      a0,zero
0x800036d0:  00a10ba3          sb                      a0,23(sp)
0x800036d4:  a801              j                       16                      # 0x800036e4

----------------
IN: _RNvMse_NtCscQj4IemQydr_4talc4spanNtB5_4Span8containsCsb0QcX9fjLSJ_6tritan
0x800036e4:  01714503          lbu                     a0,23(sp)
0x800036e8:  6145              addi                    sp,sp,48
0x800036ea:  8082              ret                     

----------------
IN: _RNvMs0_NtCscQj4IemQydr_4talc4talcINtB5_4TalcNtNtB7_11oom_handler8ErrOnOomE5claimCsb0QcX9fjLSJ_6tritan
0x800007b0:  e915              bnez                    a0,52                   # 0x800007e4

----------------
IN: _RNvMs0_NtCscQj4IemQydr_4talc4talcINtB5_4TalcNtNtB7_11oom_handler8ErrOnOomE5claimCsb0QcX9fjLSJ_6tritan
0x800007b2:  a009              j                       2                       # 0x800007b4

----------------
IN: _RNvMs0_NtCscQj4IemQydr_4talc4talcINtB5_4TalcNtNtB7_11oom_handler8ErrOnOomE5claimCsb0QcX9fjLSJ_6tritan
0x800007b4:  658a              ld                      a1,128(sp)
0x800007b6:  7566              ld                      a0,120(sp)
0x800007b8:  00003097          auipc                   ra,3                    # 0x800037b8
0x800007bc:  e94080e7          jalr                    ra,ra,-364

----------------
IN: _RNvMse_NtCscQj4IemQydr_4talc4spanNtB5_4Span17word_align_inwardCsb0QcX9fjLSJ_6tritan
0x8000364c:  715d              addi                    sp,sp,-80
0x8000364e:  e486              sd                      ra,72(sp)
0x80003650:  e82e              sd                      a1,16(sp)
0x80003652:  ec2a              sd                      a0,24(sp)
0x80003654:  fc2a              sd                      a0,56(sp)
0x80003656:  e0ae              sd                      a1,64(sp)
0x80003658:  fff54513          not                     a0,a0
0x8000365c:  f02a              sd                      a0,32(sp)
0x8000365e:  4501              mv                      a0,zero
0x80003660:  e519              bnez                    a0,14                   # 0x8000366e

----------------
IN: _RNvMse_NtCscQj4IemQydr_4talc4spanNtB5_4Span17word_align_inwardCsb0QcX9fjLSJ_6tritan
0x80003662:  a009              j                       2                       # 0x80003664

----------------
IN: _RNvMse_NtCscQj4IemQydr_4talc4spanNtB5_4Span17word_align_inwardCsb0QcX9fjLSJ_6tritan
0x80003664:  7502              ld                      a0,32(sp)
0x80003666:  45a1              addi                    a1,zero,8
0x80003668:  02b56b63          bgtu                    a1,a0,54                # 0x8000369e

----------------
IN: _RNvMse_NtCscQj4IemQydr_4talc4spanNtB5_4Span17word_align_inwardCsb0QcX9fjLSJ_6tritan
0x8000366c:  a809              j                       18                      # 0x8000367e

----------------
IN: _RNvMse_NtCscQj4IemQydr_4talc4spanNtB5_4Span17word_align_inwardCsb0QcX9fjLSJ_6tritan
0x8000367e:  6562              ld                      a0,24(sp)
0x80003680:  00002097          auipc                   ra,2                    # 0x80005680
0x80003684:  91e080e7          jalr                    ra,ra,-1762

----------------
IN: _RNvNtCscQj4IemQydr_4talc9ptr_utils8align_up
0x80004f9e:  7159              addi                    sp,sp,-112
0x80004fa0:  f486              sd                      ra,104(sp)
0x80004fa2:  e42a              sd                      a0,8(sp)
0x80004fa4:  e82a              sd                      a0,16(sp)
0x80004fa6:  00000097          auipc                   ra,0                    # 0x80004fa6
0x80004faa:  fce080e7          jalr                    ra,ra,-50

----------------
IN: _RNvNtCscQj4IemQydr_4talc9ptr_utils18align_up_overflows
0x80004f74:  1141              addi                    sp,sp,-16
0x80004f76:  e42a              sd                      a0,8(sp)
0x80004f78:  fff54513          not                     a0,a0
0x80004f7c:  e02a              sd                      a0,0(sp)
0x80004f7e:  4501              mv                      a0,zero
0x80004f80:  e519              bnez                    a0,14                   # 0x80004f8e

----------------
IN: _RNvNtCscQj4IemQydr_4talc9ptr_utils18align_up_overflows
0x80004f82:  a009              j                       2                       # 0x80004f84

----------------
IN: _RNvNtCscQj4IemQydr_4talc9ptr_utils18align_up_overflows
0x80004f84:  6502              ld                      a0,0(sp)
0x80004f86:  00753513          sltiu                   a0,a0,7
0x80004f8a:  0141              addi                    sp,sp,16
0x80004f8c:  8082              ret                     

----------------
IN: _RNvNtCscQj4IemQydr_4talc9ptr_utils8align_up
0x80004fae:  e90d              bnez                    a0,50                   # 0x80004fe0

----------------
IN: _RNvNtCscQj4IemQydr_4talc9ptr_utils8align_up
0x80004fb0:  a009              j                       2                       # 0x80004fb2

----------------
IN: _RNvNtCscQj4IemQydr_4talc9ptr_utils8align_up
0x80004fb2:  6522              ld                      a0,8(sp)
0x80004fb4:  f02a              sd                      a0,32(sp)
0x80004fb6:  459d              addi                    a1,zero,7
0x80004fb8:  f42e              sd                      a1,40(sp)
0x80004fba:  f82e              sd                      a1,48(sp)
0x80004fbc:  051d              addi                    a0,a0,7
0x80004fbe:  fc2a              sd                      a0,56(sp)
0x80004fc0:  7562              ld                      a0,56(sp)
0x80004fc2:  ec2a              sd                      a0,24(sp)
0x80004fc4:  00757613          andi                    a2,a0,7
0x80004fc8:  e0aa              sd                      a0,64(sp)
0x80004fca:  e4b2              sd                      a2,72(sp)
0x80004fcc:  e8b2              sd                      a2,80(sp)
0x80004fce:  4581              mv                      a1,zero
0x80004fd0:  8d91              sub                     a1,a1,a2
0x80004fd2:  ecae              sd                      a1,88(sp)
0x80004fd4:  9961              andi                    a0,a0,-8
0x80004fd6:  f0aa              sd                      a0,96(sp)
0x80004fd8:  7506              ld                      a0,96(sp)
0x80004fda:  70a6              ld                      ra,104(sp)
0x80004fdc:  6165              addi                    sp,sp,112
0x80004fde:  8082              ret                     

----------------
IN: _RNvMse_NtCscQj4IemQydr_4talc4spanNtB5_4Span17word_align_inwardCsb0QcX9fjLSJ_6tritan
0x80003688:  85aa              mv                      a1,a0
0x8000368a:  6542              ld                      a0,16(sp)
0x8000368c:  e42e              sd                      a1,8(sp)
0x8000368e:  00002097          auipc                   ra,2                    # 0x8000568e
0x80003692:  8c8080e7          jalr                    ra,ra,-1848

----------------
IN: _RNvNtCscQj4IemQydr_4talc9ptr_utils10align_down
0x80004f56:  7179              addi                    sp,sp,-48
0x80004f58:  e02a              sd                      a0,0(sp)
0x80004f5a:  00757613          andi                    a2,a0,7
0x80004f5e:  e42a              sd                      a0,8(sp)
0x80004f60:  e832              sd                      a2,16(sp)
0x80004f62:  ec32              sd                      a2,24(sp)
0x80004f64:  4581              mv                      a1,zero
0x80004f66:  8d91              sub                     a1,a1,a2
0x80004f68:  f02e              sd                      a1,32(sp)
0x80004f6a:  9961              andi                    a0,a0,-8
0x80004f6c:  f42a              sd                      a0,40(sp)
0x80004f6e:  7522              ld                      a0,40(sp)
0x80004f70:  6145              addi                    sp,sp,48
0x80004f72:  8082              ret                     

----------------
IN: _RNvMse_NtCscQj4IemQydr_4talc4spanNtB5_4Span17word_align_inwardCsb0QcX9fjLSJ_6tritan
0x80003696:  65a2              ld                      a1,8(sp)
0x80003698:  f42e              sd                      a1,40(sp)
0x8000369a:  f82a              sd                      a0,48(sp)
0x8000369c:  a801              j                       16                      # 0x800036ac

----------------
IN: _RNvMse_NtCscQj4IemQydr_4talc4spanNtB5_4Span17word_align_inwardCsb0QcX9fjLSJ_6tritan
0x800036ac:  7522              ld                      a0,40(sp)
0x800036ae:  75c2              ld                      a1,48(sp)
0x800036b0:  60a6              ld                      ra,72(sp)
0x800036b2:  6161              addi                    sp,sp,80
0x800036b4:  8082              ret                     

----------------
IN: _RNvMs0_NtCscQj4IemQydr_4talc4talcINtB5_4TalcNtNtB7_11oom_handler8ErrOnOomE5claimCsb0QcX9fjLSJ_6tritan
0x800007c0:  e8aa              sd                      a0,80(sp)
0x800007c2:  862e              mv                      a2,a1
0x800007c4:  65c6              ld                      a1,80(sp)
0x800007c6:  852e              mv                      a0,a1
0x800007c8:  ecaa              sd                      a0,88(sp)
0x800007ca:  8532              mv                      a0,a2
0x800007cc:  f0aa              sd                      a0,96(sp)
0x800007ce:  edae              sd                      a1,216(sp)
0x800007d0:  f1b2              sd                      a2,224(sp)
0x800007d2:  0128              addi                    a0,sp,136
0x800007d4:  00003097          auipc                   ra,3                    # 0x800037d4
0x800007d8:  e22080e7          jalr                    ra,ra,-478

----------------
IN: _RNvMse_NtCscQj4IemQydr_4talc4spanNtB5_4Span13get_base_acmeCsb0QcX9fjLSJ_6tritan
0x800035f6:  7179              addi                    sp,sp,-48
0x800035f8:  f406              sd                      ra,40(sp)
0x800035fa:  e032              sd                      a2,0(sp)
0x800035fc:  862e              mv                      a2,a1
0x800035fe:  6582              ld                      a1,0(sp)
0x80003600:  e432              sd                      a2,8(sp)
0x80003602:  862a              mv                      a2,a0
0x80003604:  6522              ld                      a0,8(sp)
0x80003606:  e832              sd                      a2,16(sp)
0x80003608:  ec2a              sd                      a0,24(sp)
0x8000360a:  f02e              sd                      a1,32(sp)
0x8000360c:  00000097          auipc                   ra,0                    # 0x8000360c
0x80003610:  0e0080e7          jalr                    ra,ra,224

----------------
IN: _RNvMse_NtCscQj4IemQydr_4talc4spanNtB5_4Span8is_emptyCsb0QcX9fjLSJ_6tritan
0x800036ec:  1141              addi                    sp,sp,-16
0x800036ee:  e02a              sd                      a0,0(sp)
0x800036f0:  e42e              sd                      a1,8(sp)
0x800036f2:  00b53533          sltu                    a0,a0,a1
0x800036f6:  00154513          xori                    a0,a0,1
0x800036fa:  0141              addi                    sp,sp,16
0x800036fc:  8082              ret                     

----------------
IN: _RNvMse_NtCscQj4IemQydr_4talc4spanNtB5_4Span13get_base_acmeCsb0QcX9fjLSJ_6tritan
0x80003614:  e911              bnez                    a0,20                   # 0x80003628

----------------
IN: _RNvMse_NtCscQj4IemQydr_4talc4spanNtB5_4Span13get_base_acmeCsb0QcX9fjLSJ_6tritan
0x80003616:  a009              j                       2                       # 0x80003618

----------------
IN: _RNvMse_NtCscQj4IemQydr_4talc4spanNtB5_4Span13get_base_acmeCsb0QcX9fjLSJ_6tritan
0x80003618:  65c2              ld                      a1,16(sp)
0x8000361a:  6502              ld                      a0,0(sp)
0x8000361c:  6622              ld                      a2,8(sp)
0x8000361e:  e590              sd                      a2,8(a1)
0x80003620:  e988              sd                      a0,16(a1)
0x80003622:  4505              addi                    a0,zero,1
0x80003624:  e188              sd                      a0,0(a1)
0x80003626:  a029              j                       10                      # 0x80003630

----------------
IN: _RNvMse_NtCscQj4IemQydr_4talc4spanNtB5_4Span13get_base_acmeCsb0QcX9fjLSJ_6tritan
0x80003630:  70a2              ld                      ra,40(sp)
0x80003632:  6145              addi                    sp,sp,48
0x80003634:  8082              ret                     

----------------
IN: _RNvMs0_NtCscQj4IemQydr_4talc4talcINtB5_4TalcNtNtB7_11oom_handler8ErrOnOomE5claimCsb0QcX9fjLSJ_6tritan
0x800007dc:  652a              ld                      a0,136(sp)
0x800007de:  8905              andi                    a0,a0,1
0x800007e0:  e11d              bnez                    a0,38                   # 0x80000806

----------------
IN: _RNvMs0_NtCscQj4IemQydr_4talc4talcINtB5_4TalcNtNtB7_11oom_handler8ErrOnOomE5claimCsb0QcX9fjLSJ_6tritan
0x80000806:  7526              ld                      a0,104(sp)
0x80000808:  65ca              ld                      a1,144(sp)
0x8000080a:  e0ae              sd                      a1,64(sp)
0x8000080c:  f5ae              sd                      a1,232(sp)
0x8000080e:  65ea              ld                      a1,152(sp)
0x80000810:  e4ae              sd                      a1,72(sp)
0x80000812:  f9ae              sd                      a1,240(sp)
0x80000814:  6908              ld                      a0,16(a0)
0x80000816:  00004097          auipc                   ra,4                    # 0x80004816
0x8000081a:  5ae080e7          jalr                    ra,ra,1454

----------------
IN: _RNvMs0_NtCscQj4IemQydr_4talc4talcINtB5_4TalcNtNtB7_11oom_handler8ErrOnOomE5claimCsb0QcX9fjLSJ_6tritan
0x8000081e:  ed11              bnez                    a0,28                   # 0x8000083a

----------------
IN: _RNvMs0_NtCscQj4IemQydr_4talc4talcINtB5_4TalcNtNtB7_11oom_handler8ErrOnOomE5claimCsb0QcX9fjLSJ_6tritan
0x8000083a:  6526              ld                      a0,72(sp)
0x8000083c:  6586              ld                      a1,64(sp)
0x8000083e:  40b50633          sub                     a2,a0,a1
0x80000842:  f832              sd                      a2,48(sp)
0x80000844:  08b56063          bgtu                    a1,a0,128               # 0x800008c4

----------------
IN: _RNvMs0_NtCscQj4IemQydr_4talc4talcINtB5_4TalcNtNtB7_11oom_handler8ErrOnOomE5claimCsb0QcX9fjLSJ_6tritan
0x80000848:  a885              j                       112                     # 0x800008b8

----------------
IN: _RNvMs0_NtCscQj4IemQydr_4talc4talcINtB5_4TalcNtNtB7_11oom_handler8ErrOnOomE5claimCsb0QcX9fjLSJ_6tritan
0x800008b8:  75c2              ld                      a1,48(sp)
0x800008ba:  40f00513          addi                    a0,zero,1039
0x800008be:  00b56b63          bgtu                    a1,a0,22                # 0x800008d4

----------------
IN: _RNvMs0_NtCscQj4IemQydr_4talc4talcINtB5_4TalcNtNtB7_11oom_handler8ErrOnOomE5claimCsb0QcX9fjLSJ_6tritan
0x800008d4:  6506              ld                      a0,64(sp)
0x800008d6:  eeaa              sd                      a0,344(sp)
0x800008d8:  4601              mv                      a2,zero
0x800008da:  e832              sd                      a2,16(sp)
0x800008dc:  85b2              mv                      a1,a2
0x800008de:  00004097          auipc                   ra,4                    # 0x800048de
0x800008e2:  5fc080e7          jalr                    ra,ra,1532

----------------
IN: _RNvMs_NtNtCscQj4IemQydr_4talc4talc3tagNtB4_3Tag5write
0x80004eda:  7175              addi                    sp,sp,-144
0x80004edc:  e42e              sd                      a1,8(sp)
0x80004ede:  e82a              sd                      a0,16(sp)
0x80004ee0:  86b2              mv                      a3,a2
0x80004ee2:  ec36              sd                      a3,24(sp)
0x80004ee4:  f42a              sd                      a0,40(sp)
0x80004ee6:  f82e              sd                      a1,48(sp)
0x80004ee8:  02c10fa3          sb                      a2,63(sp)
0x80004eec:  0035f513          andi                    a0,a1,3
0x80004ef0:  c105              beqz                    a0,32                   # 0x80004f10

----------------
IN: _RNvMs_NtNtCscQj4IemQydr_4talc4talc3tagNtB4_3Tag5write
0x80004f10:  6562              ld                      a0,24(sp)
0x80004f12:  8905              andi                    a0,a0,1
0x80004f14:  ed01              bnez                    a0,24                   # 0x80004f2c

----------------
IN: _RNvMs_NtNtCscQj4IemQydr_4talc4talc3tagNtB4_3Tag5write
0x80004f16:  a009              j                       2                       # 0x80004f18

----------------
IN: _RNvMs_NtNtCscQj4IemQydr_4talc4talc3tagNtB4_3Tag5write
0x80004f18:  6522              ld                      a0,8(sp)
0x80004f1a:  f8aa              sd                      a0,112(sp)
0x80004f1c:  4585              addi                    a1,zero,1
0x80004f1e:  fcae              sd                      a1,120(sp)
0x80004f20:  e12e              sd                      a1,128(sp)
0x80004f22:  0505              addi                    a0,a0,1
0x80004f24:  e52a              sd                      a0,136(sp)
0x80004f26:  652a              ld                      a0,136(sp)
0x80004f28:  f02a              sd                      a0,32(sp)
0x80004f2a:  a819              j                       22                      # 0x80004f40

----------------
IN: _RNvMs_NtNtCscQj4IemQydr_4talc4talc3tagNtB4_3Tag5write
0x80004f40:  65c2              ld                      a1,16(sp)
0x80004f42:  7502              ld                      a0,32(sp)
0x80004f44:  e0ae              sd                      a1,64(sp)
0x80004f46:  e4aa              sd                      a0,72(sp)
0x80004f48:  e188              sd                      a0,0(a1)
0x80004f4a:  6149              addi                    sp,sp,144
0x80004f4c:  8082              ret                     

----------------
IN: _RNvMs0_NtCscQj4IemQydr_4talc4talcINtB5_4TalcNtNtB7_11oom_handler8ErrOnOomE5claimCsb0QcX9fjLSJ_6tritan
0x800008e6:  6586              ld                      a1,64(sp)
0x800008e8:  6542              ld                      a0,16(sp)
0x800008ea:  f3ae              sd                      a1,480(sp)
0x800008ec:  4621              addi                    a2,zero,8
0x800008ee:  f7b2              sd                      a2,488(sp)
0x800008f0:  00858613          addi                    a2,a1,8
0x800008f4:  ec32              sd                      a2,24(sp)
0x800008f6:  e232              sd                      a2,256(sp)
0x800008f8:  ebb2              sd                      a2,464(sp)
0x800008fa:  40000613          addi                    a2,zero,1024
0x800008fe:  efb2              sd                      a2,472(sp)
0x80000900:  40858593          addi                    a1,a1,1032
0x80000904:  f02e              sd                      a1,32(sp)
0x80000906:  e62e              sd                      a1,264(sp)
0x80000908:  08000593          addi                    a1,zero,128
0x8000090c:  00004097          auipc                   ra,4                    # 0x8000490c
0x80000910:  758080e7          jalr                    ra,ra,1880

----------------
IN: _RNvMs0_NtCscQj4IemQydr_4talc4talcINtB5_4TalcNtNtB7_11oom_handler8ErrOnOomE5claimCsb0QcX9fjLSJ_6tritan
0x80000914:  f12a              sd                      a0,160(sp)
0x80000916:  f52e              sd                      a1,168(sp)
0x80000918:  a009              j                       2                       # 0x8000091a

----------------
IN: _RNvMs0_NtCscQj4IemQydr_4talc4talcINtB5_4TalcNtNtB7_11oom_handler8ErrOnOomE5claimCsb0QcX9fjLSJ_6tritan
0x8000091a:  1108              addi                    a0,sp,160
0x8000091c:  00004097          auipc                   ra,4                    # 0x8000491c
0x80000920:  7ec080e7          jalr                    ra,ra,2028

----------------
IN: _RNvMs0_NtCscQj4IemQydr_4talc4talcINtB5_4TalcNtNtB7_11oom_handler8ErrOnOomE5claimCsb0QcX9fjLSJ_6tritan
0x80000924:  f92a              sd                      a0,176(sp)
0x80000926:  fd2e              sd                      a1,184(sp)
0x80000928:  754a              ld                      a0,176(sp)
0x8000092a:  4585              addi                    a1,zero,1
0x8000092c:  02b51163          bne                     a0,a1,34                # 0x8000094e

----------------
IN: _RNvMs0_NtCscQj4IemQydr_4talc4talcINtB5_4TalcNtNtB7_11oom_handler8ErrOnOomE5claimCsb0QcX9fjLSJ_6tritan
0x80000930:  a009              j                       2                       # 0x80000932

----------------
IN: _RNvMs0_NtCscQj4IemQydr_4talc4talcINtB5_4TalcNtNtB7_11oom_handler8ErrOnOomE5claimCsb0QcX9fjLSJ_6tritan
0x80000932:  6562              ld                      a0,24(sp)
0x80000934:  75ea              ld                      a1,184(sp)
0x80000936:  f22e              sd                      a1,288(sp)
0x80000938:  fa2a              sd                      a0,304(sp)
0x8000093a:  faaa              sd                      a0,368(sp)
0x8000093c:  feae              sd                      a1,376(sp)
0x8000093e:  058e              slli                    a1,a1,3
0x80000940:  95aa              add                     a1,a1,a0
0x80000942:  f62e              sd                      a1,296(sp)
0x80000944:  e32e              sd                      a1,384(sp)
0x80000946:  4501              mv                      a0,zero
0x80000948:  e72a              sd                      a0,392(sp)
0x8000094a:  e188              sd                      a0,0(a1)
0x8000094c:  b7f9              j                       -50                     # 0x8000091a

----------------
IN: _RNvXs3_NtNtCs4Hpn15vVByi_4core4iter5rangeINtNtNtB9_3ops5range5RangejENtB5_17RangeIteratorImpl9spec_nextCscQj4IemQydr_4talc
0x800050d2:  a009              j                       2                       # 0x800050d4

----------------
IN: _RNvXs3_NtNtCs4Hpn15vVByi_4core4iter5rangeINtNtNtB9_3ops5range5RangejENtB5_17RangeIteratorImpl9spec_nextCscQj4IemQydr_4talc
0x800050d4:  4501              mv                      a0,zero
0x800050d6:  ec2a              sd                      a0,24(sp)
0x800050d8:  a01d              j                       38                      # 0x800050fe

----------------
IN: _RNvMs0_NtCscQj4IemQydr_4talc4talcINtB5_4TalcNtNtB7_11oom_handler8ErrOnOomE5claimCsb0QcX9fjLSJ_6tritan
0x8000094e:  65a6              ld                      a1,72(sp)
0x80000950:  7502              ld                      a0,32(sp)
0x80000952:  6662              ld                      a2,24(sp)
0x80000954:  76a6              ld                      a3,104(sp)
0x80000956:  fe32              sd                      a2,312(sp)
0x80000958:  ea90              sd                      a2,16(a3)
0x8000095a:  e3aa              sd                      a0,448(sp)
0x8000095c:  4621              addi                    a2,zero,8
0x8000095e:  e7b2              sd                      a2,456(sp)
0x80000960:  0521              addi                    a0,a0,8
0x80000962:  e42a              sd                      a0,8(sp)
0x80000964:  ea2a              sd                      a0,272(sp)
0x80000966:  00002097          auipc                   ra,2                    # 0x80002966
0x8000096a:  27a080e7          jalr                    ra,ra,634

----------------
IN: _RNvNtCscQj4IemQydr_4talc4talc13is_chunk_sizeCsb0QcX9fjLSJ_6tritan
0x80002be0:  7119              addi                    sp,sp,-128
0x80002be2:  fc86              sd                      ra,120(sp)
0x80002be4:  ec2a              sd                      a0,24(sp)
0x80002be6:  f02e              sd                      a1,32(sp)
0x80002be8:  7502              ld                      a0,32(sp)
0x80002bea:  65e2              ld                      a1,24(sp)
0x80002bec:  04b57c63          bleu                    a1,a0,88                # 0x80002c44

----------------
IN: _RNvNtCscQj4IemQydr_4talc4talc13is_chunk_sizeCsb0QcX9fjLSJ_6tritan
0x80002c44:  7502              ld                      a0,32(sp)
0x80002c46:  65e2              ld                      a1,24(sp)
0x80002c48:  40b50633          sub                     a2,a0,a1
0x80002c4c:  e432              sd                      a2,8(sp)
0x80002c4e:  00b56b63          bgtu                    a1,a0,22                # 0x80002c64

----------------
IN: _RNvNtCscQj4IemQydr_4talc4talc13is_chunk_sizeCsb0QcX9fjLSJ_6tritan
0x80002c52:  a009              j                       2                       # 0x80002c54

----------------
IN: _RNvNtCscQj4IemQydr_4talc4talc13is_chunk_sizeCsb0QcX9fjLSJ_6tritan
0x80002c54:  6522              ld                      a0,8(sp)
0x80002c56:  01853513          sltiu                   a0,a0,24
0x80002c5a:  00154513          xori                    a0,a0,1
0x80002c5e:  70e6              ld                      ra,120(sp)
0x80002c60:  6109              addi                    sp,sp,128
0x80002c62:  8082              ret                     

----------------
IN: _RNvMs0_NtCscQj4IemQydr_4talc4talcINtB5_4TalcNtNtB7_11oom_handler8ErrOnOomE5claimCsb0QcX9fjLSJ_6tritan
0x8000096e:  e115              bnez                    a0,36                   # 0x80000992

----------------
IN: _RNvMs0_NtCscQj4IemQydr_4talc4talcINtB5_4TalcNtNtB7_11oom_handler8ErrOnOomE5claimCsb0QcX9fjLSJ_6tritan
0x80000992:  6626              ld                      a2,72(sp)
0x80000994:  65a2              ld                      a1,8(sp)
0x80000996:  7526              ld                      a0,104(sp)
0x80000998:  00000097          auipc                   ra,0                    # 0x80000998
0x8000099c:  9aa080e7          jalr                    ra,ra,-1622

----------------
IN: _RNvMs0_NtCscQj4IemQydr_4talc4talcINtB5_4TalcNtNtB7_11oom_handler8ErrOnOomE12register_gapCsb0QcX9fjLSJ_6tritan
0x80000342:  7175              addi                    sp,sp,-144
0x80000344:  e506              sd                      ra,136(sp)
0x80000346:  f032              sd                      a2,32(sp)
0x80000348:  862e              mv                      a2,a1
0x8000034a:  7582              ld                      a1,32(sp)
0x8000034c:  f432              sd                      a2,40(sp)
0x8000034e:  862a              mv                      a2,a0
0x80000350:  7522              ld                      a0,40(sp)
0x80000352:  f832              sd                      a2,48(sp)
0x80000354:  fc32              sd                      a2,56(sp)
0x80000356:  e0aa              sd                      a0,64(sp)
0x80000358:  e4ae              sd                      a1,72(sp)
0x8000035a:  00003097          auipc                   ra,3                    # 0x8000335a
0x8000035e:  886080e7          jalr                    ra,ra,-1914

----------------
IN: _RNvMs0_NtCscQj4IemQydr_4talc4talcINtB5_4TalcNtNtB7_11oom_handler8ErrOnOomE12register_gapCsb0QcX9fjLSJ_6tritan
0x80000362:  e105              bnez                    a0,32                   # 0x80000382

----------------
IN: _RNvMs0_NtCscQj4IemQydr_4talc4talcINtB5_4TalcNtNtB7_11oom_handler8ErrOnOomE12register_gapCsb0QcX9fjLSJ_6tritan
0x80000382:  7502              ld                      a0,32(sp)
0x80000384:  75a2              ld                      a1,40(sp)
0x80000386:  40b50633          sub                     a2,a0,a1
0x8000038a:  ec32              sd                      a2,24(sp)
0x8000038c:  02b56b63          bgtu                    a1,a0,54                # 0x800003c2

----------------
IN: _RNvMs0_NtCscQj4IemQydr_4talc4talcINtB5_4TalcNtNtB7_11oom_handler8ErrOnOomE12register_gapCsb0QcX9fjLSJ_6tritan
0x80000390:  a009              j                       2                       # 0x80000392

----------------
IN: _RNvMs0_NtCscQj4IemQydr_4talc4talcINtB5_4TalcNtNtB7_11oom_handler8ErrOnOomE12register_gapCsb0QcX9fjLSJ_6tritan
0x80000392:  6562              ld                      a0,24(sp)
0x80000394:  e8aa              sd                      a0,80(sp)
0x80000396:  00002097          auipc                   ra,2                    # 0x80002396
0x8000039a:  608080e7          jalr                    ra,ra,1544

----------------
IN: _RNvNtCscQj4IemQydr_4talc4talc11bin_of_sizeCsb0QcX9fjLSJ_6tritan
0x8000299e:  7171              addi                    sp,sp,-176
0x800029a0:  f506              sd                      ra,168(sp)
0x800029a2:  85aa              mv                      a1,a0
0x800029a4:  f8ae              sd                      a1,112(sp)
0x800029a6:  e12e              sd                      a1,128(sp)
0x800029a8:  455d              addi                    a0,zero,23
0x800029aa:  02b56163          bgtu                    a1,a0,34                # 0x800029cc

----------------
IN: _RNvNtCscQj4IemQydr_4talc4talc11bin_of_sizeCsb0QcX9fjLSJ_6tritan
0x800029cc:  7546              ld                      a0,112(sp)
0x800029ce:  10000593          addi                    a1,zero,256
0x800029d2:  00b56963          bgtu                    a1,a0,18                # 0x800029e4

----------------
IN: _RNvNtCscQj4IemQydr_4talc4talc11bin_of_sizeCsb0QcX9fjLSJ_6tritan
0x800029d6:  a009              j                       2                       # 0x800029d8

----------------
IN: _RNvNtCscQj4IemQydr_4talc4talc11bin_of_sizeCsb0QcX9fjLSJ_6tritan
0x800029d8:  7546              ld                      a0,112(sp)
0x800029da:  20000593          addi                    a1,zero,512
0x800029de:  04b56163          bgtu                    a1,a0,66                # 0x80002a20

----------------
IN: _RNvNtCscQj4IemQydr_4talc4talc11bin_of_sizeCsb0QcX9fjLSJ_6tritan
0x800029e2:  a809              j                       18                      # 0x800029f4

----------------
IN: _RNvNtCscQj4IemQydr_4talc4talc11bin_of_sizeCsb0QcX9fjLSJ_6tritan
0x800029f4:  7546              ld                      a0,112(sp)
0x800029f6:  00009597          auipc                   a1,9                    # 0x8000b9f6
0x800029fa:  15258593          addi                    a1,a1,338
0x800029fe:  00000097          auipc                   ra,0                    # 0x800029fe
0x80002a02:  508080e7          jalr                    ra,ra,1288

----------------
IN: _RNvMs9_NtCs4Hpn15vVByi_4core3numj5ilog2Csb0QcX9fjLSJ_6tritan
0x80002f06:  7179              addi                    sp,sp,-48
0x80002f08:  e02e              sd                      a1,0(sp)
0x80002f0a:  ec2a              sd                      a0,24(sp)
0x80002f0c:  e82a              sd                      a0,16(sp)
0x80002f0e:  6542              ld                      a0,16(sp)
0x80002f10:  c14d              beqz                    a0,162                  # 0x80002fb2

----------------
IN: _RNvMs9_NtCs4Hpn15vVByi_4core3numj5ilog2Csb0QcX9fjLSJ_6tritan
0x80002f12:  a009              j                       2                       # 0x80002f14

----------------
IN: _RNvMs9_NtCs4Hpn15vVByi_4core3numj5ilog2Csb0QcX9fjLSJ_6tritan
0x80002f14:  6542              ld                      a0,16(sp)
0x80002f16:  f02a              sd                      a0,32(sp)
0x80002f18:  00155593          srli                    a1,a0,1
0x80002f1c:  8d4d              or                      a0,a0,a1
0x80002f1e:  00255593          srli                    a1,a0,2
0x80002f22:  8d4d              or                      a0,a0,a1
0x80002f24:  00455593          srli                    a1,a0,4
0x80002f28:  8d4d              or                      a0,a0,a1
0x80002f2a:  00855593          srli                    a1,a0,8
0x80002f2e:  8d4d              or                      a0,a0,a1
0x80002f30:  01055593          srli                    a1,a0,16
0x80002f34:  8d4d              or                      a0,a0,a1
0x80002f36:  02055593          srli                    a1,a0,32
0x80002f3a:  8d4d              or                      a0,a0,a1
0x80002f3c:  fff54513          not                     a0,a0
0x80002f40:  00155593          srli                    a1,a0,1
0x80002f44:  55555637          lui                     a2,349525
0x80002f48:  55560613          addi                    a2,a2,1365
0x80002f4c:  02061693          slli                    a3,a2,32
0x80002f50:  9636              add                     a2,a2,a3
0x80002f52:  8df1              and                     a1,a1,a2
0x80002f54:  40b505b3          sub                     a1,a0,a1
0x80002f58:  33333537          lui                     a0,209715
0x80002f5c:  33350513          addi                    a0,a0,819
0x80002f60:  02051613          slli                    a2,a0,32
0x80002f64:  962a              add                     a2,a2,a0
0x80002f66:  00c5f533          and                     a0,a1,a2
0x80002f6a:  8189              srli                    a1,a1,2
0x80002f6c:  8df1              and                     a1,a1,a2
0x80002f6e:  952e              add                     a0,a0,a1
0x80002f70:  00455593          srli                    a1,a0,4
0x80002f74:  952e              add                     a0,a0,a1
0x80002f76:  0f0f15b7          lui                     a1,61681
0x80002f7a:  f0f58593          addi                    a1,a1,-241
0x80002f7e:  02059613          slli                    a2,a1,32
0x80002f82:  95b2              add                     a1,a1,a2
0x80002f84:  8d6d              and                     a0,a0,a1
0x80002f86:  010105b7          lui                     a1,4112
0x80002f8a:  10158593          addi                    a1,a1,257
0x80002f8e:  02059613          slli                    a2,a1,32
0x80002f92:  95b2              add                     a1,a1,a2
0x80002f94:  02b50533          mul                     a0,a0,a1
0x80002f98:  9161              srli                    a0,a0,56
0x80002f9a:  d42a              sw                      a0,40(sp)
0x80002f9c:  55a2              lw                      a1,40(sp)
0x80002f9e:  03f00513          addi                    a0,zero,63
0x80002fa2:  9d0d              subw                    a0,a0,a1
0x80002fa4:  c62a              sw                      a0,12(sp)
0x80002fa6:  4505              addi                    a0,zero,1
0x80002fa8:  c42a              sw                      a0,8(sp)
0x80002faa:  4532              lw                      a0,12(sp)
0x80002fac:  d62a              sw                      a0,44(sp)
0x80002fae:  6145              addi                    sp,sp,48
0x80002fb0:  8082              ret                     

----------------
IN: _RNvNtCscQj4IemQydr_4talc4talc11bin_of_sizeCsb0QcX9fjLSJ_6tritan
0x80002a06:  85aa              mv                      a1,a0
0x80002a08:  0005851b          sext.w                  a0,a1
0x80002a0c:  1582              slli                    a1,a1,32
0x80002a0e:  9181              srli                    a1,a1,32
0x80002a10:  ecae              sd                      a1,88(sp)
0x80002a12:  e52e              sd                      a1,136(sp)
0x80002a14:  15dd              addi                    a1,a1,-9
0x80002a16:  f0ae              sd                      a1,96(sp)
0x80002a18:  45a5              addi                    a1,zero,9
0x80002a1a:  02b56263          bgtu                    a1,a0,36                # 0x80002a3e

----------------
IN: _RNvNtCscQj4IemQydr_4talc4talc11bin_of_sizeCsb0QcX9fjLSJ_6tritan
0x80002a1e:  a031              j                       12                      # 0x80002a2a

----------------
IN: _RNvNtCscQj4IemQydr_4talc4talc11bin_of_sizeCsb0QcX9fjLSJ_6tritan
0x80002a2a:  6566              ld                      a0,88(sp)
0x80002a2c:  7586              ld                      a1,96(sp)
0x80002a2e:  e92e              sd                      a1,144(sp)
0x80002a30:  ffe50593          addi                    a1,a0,-2
0x80002a34:  e4ae              sd                      a1,72(sp)
0x80002a36:  4589              addi                    a1,zero,2
0x80002a38:  02b56163          bgtu                    a1,a0,34                # 0x80002a5a

----------------
IN: _RNvNtCscQj4IemQydr_4talc4talc11bin_of_sizeCsb0QcX9fjLSJ_6tritan
0x80002a3c:  a809              j                       18                      # 0x80002a4e

----------------
IN: _RNvNtCscQj4IemQydr_4talc4talc11bin_of_sizeCsb0QcX9fjLSJ_6tritan
0x80002a4e:  6526              ld                      a0,72(sp)
0x80002a50:  04000593          addi                    a1,zero,64
0x80002a54:  00b56b63          bgtu                    a1,a0,22                # 0x80002a6a

----------------
IN: _RNvNtCscQj4IemQydr_4talc4talc11bin_of_sizeCsb0QcX9fjLSJ_6tritan
0x80002a6a:  7546              ld                      a0,112(sp)
0x80002a6c:  65a6              ld                      a1,72(sp)
0x80002a6e:  00b55533          srl                     a0,a0,a1
0x80002a72:  ffc50593          addi                    a1,a0,-4
0x80002a76:  e0ae              sd                      a1,64(sp)
0x80002a78:  4591              addi                    a1,zero,4
0x80002a7a:  02b56563          bgtu                    a1,a0,42                # 0x80002aa4

----------------
IN: _RNvNtCscQj4IemQydr_4talc4talc11bin_of_sizeCsb0QcX9fjLSJ_6tritan
0x80002a7e:  a809              j                       18                      # 0x80002a90

----------------
IN: _RNvNtCscQj4IemQydr_4talc4talc11bin_of_sizeCsb0QcX9fjLSJ_6tritan
0x80002a90:  7586              ld                      a1,96(sp)
0x80002a92:  6506              ld                      a0,64(sp)
0x80002a94:  ed2a              sd                      a0,152(sp)
0x80002a96:  00259513          slli                    a0,a1,2
0x80002a9a:  fc2a              sd                      a0,56(sp)
0x80002a9c:  8109              srli                    a0,a0,2
0x80002a9e:  02b51263          bne                     a0,a1,36                # 0x80002ac2

----------------
IN: _RNvNtCscQj4IemQydr_4talc4talc11bin_of_sizeCsb0QcX9fjLSJ_6tritan
0x80002aa2:  a809              j                       18                      # 0x80002ab4

----------------
IN: _RNvNtCscQj4IemQydr_4talc4talc11bin_of_sizeCsb0QcX9fjLSJ_6tritan
0x80002ab4:  75e2              ld                      a1,56(sp)
0x80002ab6:  6506              ld                      a0,64(sp)
0x80002ab8:  952e              add                     a0,a0,a1
0x80002aba:  f82a              sd                      a0,48(sp)
0x80002abc:  02b56363          bgtu                    a1,a0,38                # 0x80002ae2

----------------
IN: _RNvNtCscQj4IemQydr_4talc4talc11bin_of_sizeCsb0QcX9fjLSJ_6tritan
0x80002ac0:  a809              j                       18                      # 0x80002ad2

----------------
IN: _RNvNtCscQj4IemQydr_4talc4talc11bin_of_sizeCsb0QcX9fjLSJ_6tritan
0x80002ad2:  75c2              ld                      a1,48(sp)
0x80002ad4:  f12e              sd                      a1,160(sp)
0x80002ad6:  02d58513          addi                    a0,a1,45
0x80002ada:  f42a              sd                      a0,40(sp)
0x80002adc:  02b56463          bgtu                    a1,a0,40                # 0x80002b04

----------------
IN: _RNvNtCscQj4IemQydr_4talc4talc11bin_of_sizeCsb0QcX9fjLSJ_6tritan
0x80002ae0:  a809              j                       18                      # 0x80002af2

----------------
IN: _RNvNtCscQj4IemQydr_4talc4talc11bin_of_sizeCsb0QcX9fjLSJ_6tritan
0x80002af2:  7522              ld                      a0,40(sp)
0x80002af4:  07f00593          addi                    a1,zero,127
0x80002af8:  00002097          auipc                   ra,2                    # 0x80004af8
0x80002afc:  754080e7          jalr                    ra,ra,1876

----------------
IN: _RNvNtCscQj4IemQydr_4talc4talc11bin_of_sizeCsb0QcX9fjLSJ_6tritan
0x80002b00:  fcaa              sd                      a0,120(sp)
0x80002b02:  a809              j                       18                      # 0x80002b14

----------------
IN: _RNvNtCscQj4IemQydr_4talc4talc11bin_of_sizeCsb0QcX9fjLSJ_6tritan
0x80002b14:  7566              ld                      a0,120(sp)
0x80002b16:  70aa              ld                      ra,168(sp)
0x80002b18:  614d              addi                    sp,sp,176
0x80002b1a:  8082              ret                     

----------------
IN: _RNvMs0_NtCscQj4IemQydr_4talc4talcINtB5_4TalcNtNtB7_11oom_handler8ErrOnOomE12register_gapCsb0QcX9fjLSJ_6tritan
0x8000039e:  85aa              mv                      a1,a0
0x800003a0:  7542              ld                      a0,48(sp)
0x800003a2:  862e              mv                      a2,a1
0x800003a4:  e432              sd                      a2,8(sp)
0x800003a6:  ecae              sd                      a1,88(sp)
0x800003a8:  00000097          auipc                   ra,0                    # 0x800003a8
0x800003ac:  f58080e7          jalr                    ra,ra,-168

----------------
IN: _RNvMs0_NtCscQj4IemQydr_4talc4talcINtB5_4TalcNtNtB7_11oom_handler8ErrOnOomE11get_bin_ptrCsb0QcX9fjLSJ_6tritan
0x80000300:  7179              addi                    sp,sp,-48
0x80000302:  e02e              sd                      a1,0(sp)
0x80000304:  e42a              sd                      a0,8(sp)
0x80000306:  e82a              sd                      a0,16(sp)
0x80000308:  ec2e              sd                      a1,24(sp)
0x8000030a:  08000513          addi                    a0,zero,128
0x8000030e:  02a5e163          bgtu                    a0,a1,34                # 0x80000330

----------------
IN: _RNvMs0_NtCscQj4IemQydr_4talc4talcINtB5_4TalcNtNtB7_11oom_handler8ErrOnOomE11get_bin_ptrCsb0QcX9fjLSJ_6tritan
0x80000330:  6582              ld                      a1,0(sp)
0x80000332:  6522              ld                      a0,8(sp)
0x80000334:  6908              ld                      a0,16(a0)
0x80000336:  f02a              sd                      a0,32(sp)
0x80000338:  f42e              sd                      a1,40(sp)
0x8000033a:  058e              slli                    a1,a1,3
0x8000033c:  952e              add                     a0,a0,a1
0x8000033e:  6145              addi                    sp,sp,48
0x80000340:  8082              ret                     

----------------
IN: _RNvMs0_NtCscQj4IemQydr_4talc4talcINtB5_4TalcNtNtB7_11oom_handler8ErrOnOomE12register_gapCsb0QcX9fjLSJ_6tritan
0x800003b0:  85aa              mv                      a1,a0
0x800003b2:  e82e              sd                      a1,16(sp)
0x800003b4:  f0aa              sd                      a0,96(sp)
0x800003b6:  00005097          auipc                   ra,5                    # 0x800053b6
0x800003ba:  9f2080e7          jalr                    ra,ra,-1550

----------------
IN: _RNvMNtCs4Hpn15vVByi_4core6optionINtB2_6OptionINtNtNtB4_3ptr8non_null7NonNullNtNtNtCscQj4IemQydr_4talc4talc5llist9LlistNodeEE7is_noneB1i_
0x80004da8:  1141              addi                    sp,sp,-16
0x80004daa:  e42a              sd                      a0,8(sp)
0x80004dac:  6108              ld                      a0,0(a0)
0x80004dae:  00153513          seqz                    a0,a0
0x80004db2:  0141              addi                    sp,sp,16
0x80004db4:  8082              ret                     

----------------
IN: _RNvMs0_NtCscQj4IemQydr_4talc4talcINtB5_4TalcNtNtB7_11oom_handler8ErrOnOomE12register_gapCsb0QcX9fjLSJ_6tritan
0x800003be:  ed05              bnez                    a0,56                   # 0x800003f6

----------------
IN: _RNvMs0_NtCscQj4IemQydr_4talc4talcINtB5_4TalcNtNtB7_11oom_handler8ErrOnOomE12register_gapCsb0QcX9fjLSJ_6tritan
0x800003f6:  65a2              ld                      a1,8(sp)
0x800003f8:  7542              ld                      a0,48(sp)
0x800003fa:  00000097          auipc                   ra,0                    # 0x800003fa
0x800003fe:  d90080e7          jalr                    ra,ra,-624

----------------
IN: _RNvMs0_NtCscQj4IemQydr_4talc4talcINtB5_4TalcNtNtB7_11oom_handler8ErrOnOomE10set_availsCsb0QcX9fjLSJ_6tritan
0x8000018a:  7139              addi                    sp,sp,-64
0x8000018c:  f02e              sd                      a1,32(sp)
0x8000018e:  f42a              sd                      a0,40(sp)
0x80000190:  f82a              sd                      a0,48(sp)
0x80000192:  fc2e              sd                      a1,56(sp)
0x80000194:  08000513          addi                    a0,zero,128
0x80000198:  02a5e063          bgtu                    a0,a1,32                # 0x800001b8

----------------
IN: _RNvMs0_NtCscQj4IemQydr_4talc4talcINtB5_4TalcNtNtB7_11oom_handler8ErrOnOomE10set_availsCsb0QcX9fjLSJ_6tritan
0x800001b8:  7502              ld                      a0,32(sp)
0x800001ba:  04000593          addi                    a1,zero,64
0x800001be:  00b56f63          bgtu                    a1,a0,30                # 0x800001dc

----------------
IN: _RNvMs0_NtCscQj4IemQydr_4talc4talcINtB5_4TalcNtNtB7_11oom_handler8ErrOnOomE10set_availsCsb0QcX9fjLSJ_6tritan
0x800001c2:  a009              j                       2                       # 0x800001c4

----------------
IN: _RNvMs0_NtCscQj4IemQydr_4talc4talcINtB5_4TalcNtNtB7_11oom_handler8ErrOnOomE10set_availsCsb0QcX9fjLSJ_6tritan
0x800001c4:  7502              ld                      a0,32(sp)
0x800001c6:  75a2              ld                      a1,40(sp)
0x800001c8:  658c              ld                      a1,8(a1)
0x800001ca:  e82e              sd                      a1,16(sp)
0x800001cc:  fc050593          addi                    a1,a0,-64
0x800001d0:  ec2e              sd                      a1,24(sp)
0x800001d2:  04000593          addi                    a1,zero,64
0x800001d6:  02b56263          bgtu                    a1,a0,36                # 0x800001fa

----------------
IN: _RNvMs0_NtCscQj4IemQydr_4talc4talcINtB5_4TalcNtNtB7_11oom_handler8ErrOnOomE10set_availsCsb0QcX9fjLSJ_6tritan
0x800001da:  a811              j                       20                      # 0x800001ee

----------------
IN: _RNvMs0_NtCscQj4IemQydr_4talc4talcINtB5_4TalcNtNtB7_11oom_handler8ErrOnOomE10set_availsCsb0QcX9fjLSJ_6tritan
0x800001ee:  6562              ld                      a0,24(sp)
0x800001f0:  04000593          addi                    a1,zero,64
0x800001f4:  00b56b63          bgtu                    a1,a0,22                # 0x8000020a

----------------
IN: _RNvMs0_NtCscQj4IemQydr_4talc4talcINtB5_4TalcNtNtB7_11oom_handler8ErrOnOomE10set_availsCsb0QcX9fjLSJ_6tritan
0x8000020a:  6542              ld                      a0,16(sp)
0x8000020c:  65e2              ld                      a1,24(sp)
0x8000020e:  00b55533          srl                     a0,a0,a1
0x80000212:  8905              andi                    a0,a0,1
0x80000214:  c905              beqz                    a0,48                   # 0x80000244

----------------
IN: _RNvMs0_NtCscQj4IemQydr_4talc4talcINtB5_4TalcNtNtB7_11oom_handler8ErrOnOomE10set_availsCsb0QcX9fjLSJ_6tritan
0x80000244:  7502              ld                      a0,32(sp)
0x80000246:  fc050593          addi                    a1,a0,-64
0x8000024a:  e02e              sd                      a1,0(sp)
0x8000024c:  04000593          addi                    a1,zero,64
0x80000250:  00b56963          bgtu                    a1,a0,18                # 0x80000262

----------------
IN: _RNvMs0_NtCscQj4IemQydr_4talc4talcINtB5_4TalcNtNtB7_11oom_handler8ErrOnOomE10set_availsCsb0QcX9fjLSJ_6tritan
0x80000254:  a009              j                       2                       # 0x80000256

----------------
IN: _RNvMs0_NtCscQj4IemQydr_4talc4talcINtB5_4TalcNtNtB7_11oom_handler8ErrOnOomE10set_availsCsb0QcX9fjLSJ_6tritan
0x80000256:  6502              ld                      a0,0(sp)
0x80000258:  04000593          addi                    a1,zero,64
0x8000025c:  00b56b63          bgtu                    a1,a0,22                # 0x80000272

----------------
IN: _RNvMs0_NtCscQj4IemQydr_4talc4talcINtB5_4TalcNtNtB7_11oom_handler8ErrOnOomE10set_availsCsb0QcX9fjLSJ_6tritan
0x80000272:  75a2              ld                      a1,40(sp)
0x80000274:  6602              ld                      a2,0(sp)
0x80000276:  4505              addi                    a0,zero,1
0x80000278:  00c51633          sll                     a2,a0,a2
0x8000027c:  6588              ld                      a0,8(a1)
0x8000027e:  8d31              xor                     a0,a0,a2
0x80000280:  e588              sd                      a0,8(a1)
0x80000282:  a809              j                       18                      # 0x80000294

----------------
IN: _RNvMs0_NtCscQj4IemQydr_4talc4talcINtB5_4TalcNtNtB7_11oom_handler8ErrOnOomE10set_availsCsb0QcX9fjLSJ_6tritan
0x80000294:  6121              addi                    sp,sp,64
0x80000296:  8082              ret                     

----------------
IN: _RNvMs0_NtCscQj4IemQydr_4talc4talcINtB5_4TalcNtNtB7_11oom_handler8ErrOnOomE12register_gapCsb0QcX9fjLSJ_6tritan
0x80000402:  bfc1              j                       -48                     # 0x800003d2

----------------
IN: _RNvMs0_NtCscQj4IemQydr_4talc4talcINtB5_4TalcNtNtB7_11oom_handler8ErrOnOomE12register_gapCsb0QcX9fjLSJ_6tritan
0x800003d2:  7522              ld                      a0,40(sp)
0x800003d4:  00003097          auipc                   ra,3                    # 0x800033d4
0x800003d8:  8b6080e7          jalr                    ra,ra,-1866

----------------
IN: _RNvNtCscQj4IemQydr_4talc4talc16gap_base_to_nodeCsb0QcX9fjLSJ_6tritan
0x80002c8a:  1101              addi                    sp,sp,-32
0x80002c8c:  e02a              sd                      a0,0(sp)
0x80002c8e:  e82a              sd                      a0,16(sp)
0x80002c90:  4581              mv                      a1,zero
0x80002c92:  ec2e              sd                      a1,24(sp)
0x80002c94:  e42a              sd                      a0,8(sp)
0x80002c96:  6105              addi                    sp,sp,32
0x80002c98:  8082              ret                     

----------------
IN: _RNvMs0_NtCscQj4IemQydr_4talc4talcINtB5_4TalcNtNtB7_11oom_handler8ErrOnOomE12register_gapCsb0QcX9fjLSJ_6tritan
0x800003dc:  65c2              ld                      a1,16(sp)
0x800003de:  6190              ld                      a2,0(a1)
0x800003e0:  00005097          auipc                   ra,5                    # 0x800053e0
0x800003e4:  9fc080e7          jalr                    ra,ra,-1540

----------------
IN: _RNvMNtNtCscQj4IemQydr_4talc4talc5llistNtB2_9LlistNode6insert
0x80004ddc:  711d              addi                    sp,sp,-96
0x80004dde:  ec86              sd                      ra,88(sp)
0x80004de0:  e42e              sd                      a1,8(sp)
0x80004de2:  e82a              sd                      a0,16(sp)
0x80004de4:  ec32              sd                      a2,24(sp)
0x80004de6:  f02a              sd                      a0,32(sp)
0x80004de8:  f42e              sd                      a1,40(sp)
0x80004dea:  00000097          auipc                   ra,0                    # 0x80004dea
0x80004dee:  fe6080e7          jalr                    ra,ra,-26

----------------
IN: _RNvMNtNtCs4Hpn15vVByi_4core3ptr7mut_ptrONtNtNtCscQj4IemQydr_4talc4talc5llist9LlistNode7is_nullBI_
0x80004dd0:  1141              addi                    sp,sp,-16
0x80004dd2:  e42a              sd                      a0,8(sp)
0x80004dd4:  00153513          seqz                    a0,a0
0x80004dd8:  0141              addi                    sp,sp,16
0x80004dda:  8082              ret                     

----------------
IN: _RNvMNtNtCscQj4IemQydr_4talc4talc5llistNtB2_9LlistNode6insert
0x80004df2:  e909              bnez                    a0,18                   # 0x80004e04

----------------
IN: _RNvMNtNtCscQj4IemQydr_4talc4talc5llistNtB2_9LlistNode6insert
0x80004df4:  a009              j                       2                       # 0x80004df6

----------------
IN: _RNvMNtNtCscQj4IemQydr_4talc4talc5llistNtB2_9LlistNode6insert
0x80004df6:  6522              ld                      a0,8(sp)
0x80004df8:  00000097          auipc                   ra,0                    # 0x80004df8
0x80004dfc:  fcc080e7          jalr                    ra,ra,-52

----------------
IN: _RNvMNtNtCscQj4IemQydr_4talc4talc5llistNtB2_9LlistNode6insert
0x80004e00:  e529              bnez                    a0,74                   # 0x80004e4a

----------------
IN: _RNvMNtNtCscQj4IemQydr_4talc4talc5llistNtB2_9LlistNode6insert
0x80004e02:  a839              j                       30                      # 0x80004e20

----------------
IN: _RNvMNtNtCscQj4IemQydr_4talc4talc5llistNtB2_9LlistNode6insert
0x80004e20:  65a2              ld                      a1,8(sp)
0x80004e22:  6542              ld                      a0,16(sp)
0x80004e24:  6662              ld                      a2,24(sp)
0x80004e26:  fc2a              sd                      a0,56(sp)
0x80004e28:  e0b2              sd                      a2,64(sp)
0x80004e2a:  e4ae              sd                      a1,72(sp)
0x80004e2c:  e110              sd                      a2,0(a0)
0x80004e2e:  e50c              sd                      a1,8(a0)
0x80004e30:  00008597          auipc                   a1,8                    # 0x8000ce30
0x80004e34:  e8858593          addi                    a1,a1,-376
0x80004e38:  00000097          auipc                   ra,0                    # 0x80004e38
0x80004e3c:  06a080e7          jalr                    ra,ra,106

----------------
IN: _RNvMs1_NtNtCs4Hpn15vVByi_4core3ptr8non_nullINtB5_7NonNullNtNtNtCscQj4IemQydr_4talc4talc5llist9LlistNodeE13new_uncheckedBZ_
0x80004ea2:  1101              addi                    sp,sp,-32
0x80004ea4:  ec06              sd                      ra,24(sp)
0x80004ea6:  e02e              sd                      a1,0(sp)
0x80004ea8:  e42a              sd                      a0,8(sp)
0x80004eaa:  e82a              sd                      a0,16(sp)
0x80004eac:  a009              j                       2                       # 0x80004eae

----------------
IN: _RNvMs1_NtNtCs4Hpn15vVByi_4core3ptr8non_nullINtB5_7NonNullNtNtNtCscQj4IemQydr_4talc4talc5llist9LlistNodeE13new_uncheckedBZ_
0x80004eae:  6582              ld                      a1,0(sp)
0x80004eb0:  6522              ld                      a0,8(sp)
0x80004eb2:  00000097          auipc                   ra,0                    # 0x80004eb2
0x80004eb6:  14a080e7          jalr                    ra,ra,330

----------------
IN: _RNvNvMs1_NtNtCs4Hpn15vVByi_4core3ptr8non_nullINtB7_7NonNullpE13new_unchecked18precondition_checkCscQj4IemQydr_4talc
0x80004ffc:  1101              addi                    sp,sp,-32
0x80004ffe:  e02e              sd                      a1,0(sp)

----------------
IN: _RNvNvMs1_NtNtCs4Hpn15vVByi_4core3ptr8non_nullINtB7_7NonNullpE13new_unchecked18precondition_checkCscQj4IemQydr_4talc
0x80005000:  e42a              sd                      a0,8(sp)
0x80005002:  e115              bnez                    a0,36                   # 0x80005026

----------------
IN: _RNvNvMs1_NtNtCs4Hpn15vVByi_4core3ptr8non_nullINtB7_7NonNullpE13new_unchecked18precondition_checkCscQj4IemQydr_4talc
0x80005026:  6105              addi                    sp,sp,32
0x80005028:  8082              ret                     

----------------
IN: _RNvMs1_NtNtCs4Hpn15vVByi_4core3ptr8non_nullINtB5_7NonNullNtNtNtCscQj4IemQydr_4talc4talc5llist9LlistNodeE13new_uncheckedBZ_
0x80004eba:  a009              j                       2                       # 0x80004ebc

----------------
IN: _RNvMs1_NtNtCs4Hpn15vVByi_4core3ptr8non_nullINtB5_7NonNullNtNtNtCscQj4IemQydr_4talc4talc5llist9LlistNodeE13new_uncheckedBZ_
0x80004ebc:  6522              ld                      a0,8(sp)
0x80004ebe:  60e2              ld                      ra,24(sp)
0x80004ec0:  6105              addi                    sp,sp,32
0x80004ec2:  8082              ret                     

----------------
IN: _RNvMNtNtCscQj4IemQydr_4talc4talc5llistNtB2_9LlistNode6insert
0x80004e40:  65a2              ld                      a1,8(sp)
0x80004e42:  e188              sd                      a0,0(a1)
0x80004e44:  6562              ld                      a0,24(sp)
0x80004e46:  e105              bnez                    a0,32                   # 0x80004e66

----------------
IN: _RNvMNtNtCscQj4IemQydr_4talc4talc5llistNtB2_9LlistNode6insert
0x80004e48:  a81d              j                       54                      # 0x80004e7e

----------------
IN: _RNvMNtNtCscQj4IemQydr_4talc4talc5llistNtB2_9LlistNode6insert
0x80004e7e:  60e6              ld                      ra,88(sp)
0x80004e80:  6125              addi                    sp,sp,96
0x80004e82:  8082              ret                     

----------------
IN: _RNvMs0_NtCscQj4IemQydr_4talc4talcINtB5_4TalcNtNtB7_11oom_handler8ErrOnOomE12register_gapCsb0QcX9fjLSJ_6tritan
0x800003e8:  6542              ld                      a0,16(sp)
0x800003ea:  00005097          auipc                   ra,5                    # 0x800053ea
0x800003ee:  9cc080e7          jalr                    ra,ra,-1588

----------------
IN: _RNvMNtCs4Hpn15vVByi_4core6optionINtB2_6OptionINtNtNtB4_3ptr8non_null7NonNullNtNtNtCscQj4IemQydr_4talc4talc5llist9LlistNodeEE7is_someB1i_
0x80004db6:  1141              addi                    sp,sp,-16
0x80004db8:  e42a              sd                      a0,8(sp)
0x80004dba:  6108              ld                      a0,0(a0)
0x80004dbc:  00a03533          snez                    a0,a0
0x80004dc0:  0141              addi                    sp,sp,16
0x80004dc2:  8082              ret                     

----------------
IN: _RNvMs0_NtCscQj4IemQydr_4talc4talcINtB5_4TalcNtNtB7_11oom_handler8ErrOnOomE12register_gapCsb0QcX9fjLSJ_6tritan
0x800003f2:  e51d              bnez                    a0,46                   # 0x80000420

----------------
IN: _RNvMs0_NtCscQj4IemQydr_4talc4talcINtB5_4TalcNtNtB7_11oom_handler8ErrOnOomE12register_gapCsb0QcX9fjLSJ_6tritan
0x80000420:  7522              ld                      a0,40(sp)
0x80000422:  00003097          auipc                   ra,3                    # 0x80003422
0x80000426:  878080e7          jalr                    ra,ra,-1928

----------------
IN: _RNvNtCscQj4IemQydr_4talc4talc16gap_base_to_sizeCsb0QcX9fjLSJ_6tritan
0x80002c9a:  1101              addi                    sp,sp,-32
0x80002c9c:  e02a              sd                      a0,0(sp)
0x80002c9e:  e82a              sd                      a0,16(sp)
0x80002ca0:  45c1              addi                    a1,zero,16
0x80002ca2:  ec2e              sd                      a1,24(sp)
0x80002ca4:  0541              addi                    a0,a0,16
0x80002ca6:  e42a              sd                      a0,8(sp)
0x80002ca8:  6105              addi                    sp,sp,32
0x80002caa:  8082              ret                     

----------------
IN: _RNvMs0_NtCscQj4IemQydr_4talc4talcINtB5_4TalcNtNtB7_11oom_handler8ErrOnOomE12register_gapCsb0QcX9fjLSJ_6tritan
0x8000042a:  65e2              ld                      a1,24(sp)
0x8000042c:  862a              mv                      a2,a0
0x8000042e:  7502              ld                      a0,32(sp)
0x80000430:  fcb2              sd                      a2,120(sp)
0x80000432:  e12e              sd                      a1,128(sp)
0x80000434:  e20c              sd                      a1,0(a2)
0x80000436:  00003097          auipc                   ra,3                    # 0x80003436
0x8000043a:  83e080e7          jalr                    ra,ra,-1986

----------------
IN: _RNvNtCscQj4IemQydr_4talc4talc16gap_acme_to_sizeCsb0QcX9fjLSJ_6tritan
0x80002c74:  7179              addi                    sp,sp,-48
0x80002c76:  e42a              sd                      a0,8(sp)
0x80002c78:  f02a              sd                      a0,32(sp)
0x80002c7a:  45a1              addi                    a1,zero,8
0x80002c7c:  f42e              sd                      a1,40(sp)
0x80002c7e:  1561              addi                    a0,a0,-8
0x80002c80:  ec2a              sd                      a0,24(sp)
0x80002c82:  6562              ld                      a0,24(sp)
0x80002c84:  e82a              sd                      a0,16(sp)
0x80002c86:  6145              addi                    sp,sp,48
0x80002c88:  8082              ret                     

----------------
IN: _RNvMs0_NtCscQj4IemQydr_4talc4talcINtB5_4TalcNtNtB7_11oom_handler8ErrOnOomE12register_gapCsb0QcX9fjLSJ_6tritan
0x8000043e:  85aa              mv                      a1,a0
0x80000440:  6562              ld                      a0,24(sp)
0x80000442:  f4ae              sd                      a1,104(sp)
0x80000444:  f8aa              sd                      a0,112(sp)
0x80000446:  e188              sd                      a0,0(a1)
0x80000448:  60aa              ld                      ra,136(sp)
0x8000044a:  6149              addi                    sp,sp,144
0x8000044c:  8082              ret                     

----------------
IN: _RNvMs0_NtCscQj4IemQydr_4talc4talcINtB5_4TalcNtNtB7_11oom_handler8ErrOnOomE5claimCsb0QcX9fjLSJ_6tritan
0x800009a0:  7502              ld                      a0,32(sp)
0x800009a2:  6586              ld                      a1,64(sp)
0x800009a4:  e2aa              sd                      a0,320(sp)
0x800009a6:  4605              addi                    a2,zero,1
0x800009a8:  00004097          auipc                   ra,4                    # 0x800049a8
0x800009ac:  532080e7          jalr                    ra,ra,1330

----------------
IN: _RNvMs_NtNtCscQj4IemQydr_4talc4talc3tagNtB4_3Tag5write
0x80004f2c:  6522              ld                      a0,8(sp)
0x80004f2e:  e8aa              sd                      a0,80(sp)
0x80004f30:  458d              addi                    a1,zero,3
0x80004f32:  ecae              sd                      a1,88(sp)
0x80004f34:  f0ae              sd                      a1,96(sp)
0x80004f36:  050d              addi                    a0,a0,3
0x80004f38:  f4aa              sd                      a0,104(sp)
0x80004f3a:  7526              ld                      a0,104(sp)
0x80004f3c:  f02a              sd                      a0,32(sp)
0x80004f3e:  a009              j                       2                       # 0x80004f40

----------------
IN: _RNvMs0_NtCscQj4IemQydr_4talc4talcINtB5_4TalcNtNtB7_11oom_handler8ErrOnOomE5claimCsb0QcX9fjLSJ_6tritan
0x800009b0:  a005              j                       32                      # 0x800009d0

----------------
IN: _RNvMs0_NtCscQj4IemQydr_4talc4talcINtB5_4TalcNtNtB7_11oom_handler8ErrOnOomE5claimCsb0QcX9fjLSJ_6tritan
0x800009d0:  7526              ld                      a0,104(sp)
0x800009d2:  00000097          auipc                   ra,0                    # 0x800009d2
0x800009d6:  a7c080e7          jalr                    ra,ra,-1412

----------------
IN: _RNvMs0_NtCscQj4IemQydr_4talc4talcINtB5_4TalcNtNtB7_11oom_handler8ErrOnOomE15scan_for_errorsCsb0QcX9fjLSJ_6tritan
0x80000462:  a009              j                       2                       # 0x80000464

----------------
IN: _RNvMs0_NtCscQj4IemQydr_4talc4talcINtB5_4TalcNtNtB7_11oom_handler8ErrOnOomE15scan_for_errorsCsb0QcX9fjLSJ_6tritan
0x80000464:  4501              mv                      a0,zero
0x80000466:  08000593          addi                    a1,zero,128
0x8000046a:  00005097          auipc                   ra,5                    # 0x8000546a
0x8000046e:  bfa080e7          jalr                    ra,ra,-1030

----------------
IN: _RNvMs0_NtCscQj4IemQydr_4talc4talcINtB5_4TalcNtNtB7_11oom_handler8ErrOnOomE15scan_for_errorsCsb0QcX9fjLSJ_6tritan
0x80000472:  f0aa              sd                      a0,96(sp)
0x80000474:  f4ae              sd                      a1,104(sp)
0x80000476:  a031              j                       12                      # 0x80000482

----------------
IN: _RNvMs0_NtCscQj4IemQydr_4talc4talcINtB5_4TalcNtNtB7_11oom_handler8ErrOnOomE15scan_for_errorsCsb0QcX9fjLSJ_6tritan
0x80000482:  1088              addi                    a0,sp,96
0x80000484:  00005097          auipc                   ra,5                    # 0x80005484
0x80000488:  c84080e7          jalr                    ra,ra,-892

----------------
IN: _RNvMs0_NtCscQj4IemQydr_4talc4talcINtB5_4TalcNtNtB7_11oom_handler8ErrOnOomE15scan_for_errorsCsb0QcX9fjLSJ_6tritan
0x8000048c:  f8aa              sd                      a0,112(sp)
0x8000048e:  fcae              sd                      a1,120(sp)
0x80000490:  7546              ld                      a0,112(sp)
0x80000492:  4585              addi                    a1,zero,1
0x80000494:  02b51963          bne                     a0,a1,50                # 0x800004c6

----------------
IN: _RNvMs0_NtCscQj4IemQydr_4talc4talcINtB5_4TalcNtNtB7_11oom_handler8ErrOnOomE15scan_for_errorsCsb0QcX9fjLSJ_6tritan
0x80000498:  a009              j                       2                       # 0x8000049a

----------------
IN: _RNvMs0_NtCscQj4IemQydr_4talc4talcINtB5_4TalcNtNtB7_11oom_handler8ErrOnOomE15scan_for_errorsCsb0QcX9fjLSJ_6tritan
0x8000049a:  6566              ld                      a0,88(sp)
0x8000049c:  75e6              ld                      a1,120(sp)
0x8000049e:  e8ae              sd                      a1,80(sp)
0x800004a0:  f12e              sd                      a1,160(sp)
0x800004a2:  4601              mv                      a2,zero
0x800004a4:  08c103a3          sb                      a2,135(sp)
0x800004a8:  00000097          auipc                   ra,0                    # 0x800004a8
0x800004ac:  e58080e7          jalr                    ra,ra,-424

----------------
IN: _RNvMs0_NtCscQj4IemQydr_4talc4talcINtB5_4TalcNtNtB7_11oom_handler8ErrOnOomE15scan_for_errorsCsb0QcX9fjLSJ_6tritan
0x800004b0:  6108              ld                      a0,0(a0)
0x800004b2:  00005097          auipc                   ra,5                    # 0x800054b2
0x800004b6:  9d2080e7          jalr                    ra,ra,-1582

----------------
IN: _RNvMNtNtCscQj4IemQydr_4talc4talc5llistNtB2_9LlistNode8iter_mut
0x80004e84:  1141              addi                    sp,sp,-16
0x80004e86:  e406              sd                      ra,8(sp)
0x80004e88:  e02a              sd                      a0,0(sp)
0x80004e8a:  00000097          auipc                   ra,0                    # 0x80004e8a
0x80004e8e:  0c4080e7          jalr                    ra,ra,196

----------------
IN: _RNvMs_NtNtCscQj4IemQydr_4talc4talc5llistNtB4_7IterMut3new
0x80004f4e:  1141              addi                    sp,sp,-16
0x80004f50:  e42a              sd                      a0,8(sp)
0x80004f52:  0141              addi                    sp,sp,16
0x80004f54:  8082              ret                     

----------------
IN: _RNvMNtNtCscQj4IemQydr_4talc4talc5llistNtB2_9LlistNode8iter_mut
0x80004e92:  60a2              ld                      ra,8(sp)
0x80004e94:  0141              addi                    sp,sp,16
0x80004e96:  8082              ret                     

----------------
IN: _RNvMs0_NtCscQj4IemQydr_4talc4talcINtB5_4TalcNtNtB7_11oom_handler8ErrOnOomE15scan_for_errorsCsb0QcX9fjLSJ_6tritan
0x800004ba:  00005097          auipc                   ra,5                    # 0x800054ba
0x800004be:  bb4080e7          jalr                    ra,ra,-1100

----------------
IN: _RNvXNtNtNtCs4Hpn15vVByi_4core4iter6traits7collectNtNtNtCscQj4IemQydr_4talc4talc5llist7IterMutNtB2_12IntoIterator9into_iterBR_
0x8000506e:  1141              addi                    sp,sp,-16
0x80005070:  e42a              sd                      a0,8(sp)
0x80005072:  0141              addi                    sp,sp,16
0x80005074:  8082              ret                     

----------------
IN: _RNvMs0_NtCscQj4IemQydr_4talc4talcINtB5_4TalcNtNtB7_11oom_handler8ErrOnOomE15scan_for_errorsCsb0QcX9fjLSJ_6tritan
0x800004c2:  e52a              sd                      a0,136(sp)
0x800004c4:  a021              j                       8                       # 0x800004cc

----------------
IN: _RNvMs0_NtCscQj4IemQydr_4talc4talcINtB5_4TalcNtNtB7_11oom_handler8ErrOnOomE15scan_for_errorsCsb0QcX9fjLSJ_6tritan
0x800004cc:  0128              addi                    a0,sp,136
0x800004ce:  00005097          auipc                   ra,5                    # 0x800054ce
0x800004d2:  bac080e7          jalr                    ra,ra,-1108

----------------
IN: _RNvXs0_NtNtCscQj4IemQydr_4talc4talc5llistNtB5_7IterMutNtNtNtNtCs4Hpn15vVByi_4core4iter6traits8iterator8Iterator4next
0x8000507a:  7139              addi                    sp,sp,-64
0x8000507c:  fc06              sd                      ra,56(sp)
0x8000507e:  e02a              sd                      a0,0(sp)
0x80005080:  ec2a              sd                      a0,24(sp)
0x80005082:  6108              ld                      a0,0(a0)
0x80005084:  00000097          auipc                   ra,0                    # 0x80005084
0x80005088:  0c8080e7          jalr                    ra,ra,200

----------------
IN: _RNvXsJ_NtCs4Hpn15vVByi_4core6optionINtB5_6OptionINtNtNtB7_3ptr8non_null7NonNullNtNtNtCscQj4IemQydr_4talc4talc5llist9LlistNodeEENtNtNtB7_3ops9try_trait3Try6branchB1l_
0x8000514c:  1101              addi                    sp,sp,-32
0x8000514e:  e42a              sd                      a0,8(sp)
0x80005150:  6522              ld                      a0,8(sp)
0x80005152:  c511              beqz                    a0,12                   # 0x8000515e

----------------
IN: _RNvXsJ_NtCs4Hpn15vVByi_4core6optionINtB5_6OptionINtNtNtB7_3ptr8non_null7NonNullNtNtNtCscQj4IemQydr_4talc4talc5llist9LlistNodeEENtNtNtB7_3ops9try_trait3Try6branchB1l_
0x8000515e:  4501              mv                      a0,zero
0x80005160:  e82a              sd                      a0,16(sp)
0x80005162:  a009              j                       2                       # 0x80005164

----------------
IN: _RNvXsJ_NtCs4Hpn15vVByi_4core6optionINtB5_6OptionINtNtNtB7_3ptr8non_null7NonNullNtNtNtCscQj4IemQydr_4talc4talc5llist9LlistNodeEENtNtNtB7_3ops9try_trait3Try6branchB1l_
0x80005164:  6542              ld                      a0,16(sp)
0x80005166:  6105              addi                    sp,sp,32
0x80005168:  8082              ret                     

----------------
IN: _RNvXs0_NtNtCscQj4IemQydr_4talc4talc5llistNtB5_7IterMutNtNtNtNtCs4Hpn15vVByi_4core4iter6traits8iterator8Iterator4next
0x8000508c:  e82a              sd                      a0,16(sp)
0x8000508e:  6542              ld                      a0,16(sp)
0x80005090:  e901              bnez                    a0,16                   # 0x800050a0

----------------
IN: _RNvXs0_NtNtCscQj4IemQydr_4talc4talc5llistNtB5_7IterMutNtNtNtNtCs4Hpn15vVByi_4core4iter6traits8iterator8Iterator4next
0x80005092:  a009              j                       2                       # 0x80005094

----------------
IN: _RNvXs0_NtNtCscQj4IemQydr_4talc4talc5llistNtB5_7IterMutNtNtNtNtCs4Hpn15vVByi_4core4iter6traits8iterator8Iterator4next
0x80005094:  00000097          auipc                   ra,0                    # 0x80005094
0x80005098:  0d6080e7          jalr                    ra,ra,214

----------------
IN: _RNvXsK_NtCs4Hpn15vVByi_4core6optionINtB5_6OptionINtNtNtB7_3ptr8non_null7NonNullNtNtNtCscQj4IemQydr_4talc4talc5llist9LlistNodeEEINtNtNtB7_3ops9try_trait12FromResidualIBy_NtNtB7_7convert10InfallibleEE13from_residualB1l_
0x8000516a:  1141              addi                    sp,sp,-16
0x8000516c:  4501              mv                      a0,zero
0x8000516e:  0141              addi                    sp,sp,16
0x80005170:  8082              ret                     

----------------
IN: _RNvXs0_NtNtCscQj4IemQydr_4talc4talc5llistNtB5_7IterMutNtNtNtNtCs4Hpn15vVByi_4core4iter6traits8iterator8Iterator4next
0x8000509c:  e42a              sd                      a0,8(sp)
0x8000509e:  a809              j                       18                      # 0x800050b0

----------------
IN: _RNvXs0_NtNtCscQj4IemQydr_4talc4talc5llistNtB5_7IterMutNtNtNtNtCs4Hpn15vVByi_4core4iter6traits8iterator8Iterator4next
0x800050b0:  6522              ld                      a0,8(sp)
0x800050b2:  70e2              ld                      ra,56(sp)
0x800050b4:  6121              addi                    sp,sp,64
0x800050b6:  8082              ret                     

----------------
IN: _RNvMs0_NtCscQj4IemQydr_4talc4talcINtB5_4TalcNtNtB7_11oom_handler8ErrOnOomE15scan_for_errorsCsb0QcX9fjLSJ_6tritan
0x800004d6:  e92a              sd                      a0,144(sp)
0x800004d8:  654a              ld                      a0,144(sp)
0x800004da:  cd11              beqz                    a0,28                   # 0x800004f6

----------------
IN: _RNvMs0_NtCscQj4IemQydr_4talc4talcINtB5_4TalcNtNtB7_11oom_handler8ErrOnOomE15scan_for_errorsCsb0QcX9fjLSJ_6tritan
0x800004f6:  08714503          lbu                     a0,135(sp)
0x800004fa:  8905              andi                    a0,a0,1
0x800004fc:  f159              bnez                    a0,-122                 # 0x80000482

----------------
IN: _RNvMs0_NtCscQj4IemQydr_4talc4talcINtB5_4TalcNtNtB7_11oom_handler8ErrOnOomE15scan_for_errorsCsb0QcX9fjLSJ_6tritan
0x800004fe:  a009              j                       2                       # 0x80000500

----------------
IN: _RNvMs0_NtCscQj4IemQydr_4talc4talcINtB5_4TalcNtNtB7_11oom_handler8ErrOnOomE15scan_for_errorsCsb0QcX9fjLSJ_6tritan
0x80000500:  6546              ld                      a0,80(sp)
0x80000502:  04000593          addi                    a1,zero,64
0x80000506:  00b56f63          bgtu                    a1,a0,30                # 0x80000524

----------------
IN: _RNvMs0_NtCscQj4IemQydr_4talc4talcINtB5_4TalcNtNtB7_11oom_handler8ErrOnOomE15scan_for_errorsCsb0QcX9fjLSJ_6tritan
0x80000524:  6546              ld                      a0,80(sp)
0x80000526:  65e6              ld                      a1,88(sp)
0x80000528:  618c              ld                      a1,0(a1)
0x8000052a:  f82e              sd                      a1,48(sp)
0x8000052c:  04000593          addi                    a1,zero,64
0x80000530:  04b56e63          bgtu                    a1,a0,92                # 0x8000058c

----------------
IN: _RNvMs0_NtCscQj4IemQydr_4talc4talcINtB5_4TalcNtNtB7_11oom_handler8ErrOnOomE15scan_for_errorsCsb0QcX9fjLSJ_6tritan
0x8000058c:  7542              ld                      a0,48(sp)
0x8000058e:  65c6              ld                      a1,80(sp)
0x80000590:  00b55533          srl                     a0,a0,a1
0x80000594:  8905              andi                    a0,a0,1
0x80000596:  ee0506e3          beqz                    a0,-276                 # 0x80000482

----------------
IN: _RNvMs0_NtCscQj4IemQydr_4talc4talcINtB5_4TalcNtNtB7_11oom_handler8ErrOnOomE15scan_for_errorsCsb0QcX9fjLSJ_6tritan
0x8000050a:  a009              j                       2                       # 0x8000050c

----------------
IN: _RNvMs0_NtCscQj4IemQydr_4talc4talcINtB5_4TalcNtNtB7_11oom_handler8ErrOnOomE15scan_for_errorsCsb0QcX9fjLSJ_6tritan
0x8000050c:  6546              ld                      a0,80(sp)
0x8000050e:  65e6              ld                      a1,88(sp)
0x80000510:  658c              ld                      a1,8(a1)
0x80000512:  fc2e              sd                      a1,56(sp)
0x80000514:  fc050593          addi                    a1,a0,-64
0x80000518:  e0ae              sd                      a1,64(sp)
0x8000051a:  04000593          addi                    a1,zero,64
0x8000051e:  02b56263          bgtu                    a1,a0,36                # 0x80000542

----------------
IN: _RNvMs0_NtCscQj4IemQydr_4talc4talcINtB5_4TalcNtNtB7_11oom_handler8ErrOnOomE15scan_for_errorsCsb0QcX9fjLSJ_6tritan
0x80000522:  a811              j                       20                      # 0x80000536

----------------
IN: _RNvMs0_NtCscQj4IemQydr_4talc4talcINtB5_4TalcNtNtB7_11oom_handler8ErrOnOomE15scan_for_errorsCsb0QcX9fjLSJ_6tritan
0x80000536:  6506              ld                      a0,64(sp)
0x80000538:  04000593          addi                    a1,zero,64
0x8000053c:  00b56b63          bgtu                    a1,a0,22                # 0x80000552

----------------
IN: _RNvMs0_NtCscQj4IemQydr_4talc4talcINtB5_4TalcNtNtB7_11oom_handler8ErrOnOomE15scan_for_errorsCsb0QcX9fjLSJ_6tritan
0x80000552:  7562              ld                      a0,56(sp)
0x80000554:  6586              ld                      a1,64(sp)
0x80000556:  00b55533          srl                     a0,a0,a1
0x8000055a:  8905              andi                    a0,a0,1
0x8000055c:  d11d              beqz                    a0,-218                 # 0x80000482

----------------
IN: _RNvXsJ_NtCs4Hpn15vVByi_4core6optionINtB5_6OptionINtNtNtB7_3ptr8non_null7NonNullNtNtNtCscQj4IemQydr_4talc4talc5llist9LlistNodeEENtNtNtB7_3ops9try_trait3Try6branchB1l_
0x80005154:  a009              j                       2                       # 0x80005156

----------------
IN: _RNvXsJ_NtCs4Hpn15vVByi_4core6optionINtB5_6OptionINtNtNtB7_3ptr8non_null7NonNullNtNtNtCscQj4IemQydr_4talc4talc5llist9LlistNodeEENtNtNtB7_3ops9try_trait3Try6branchB1l_
0x80005156:  6522              ld                      a0,8(sp)
0x80005158:  ec2a              sd                      a0,24(sp)
0x8000515a:  e82a              sd                      a0,16(sp)
0x8000515c:  a021              j                       8                       # 0x80005164

----------------
IN: _RNvXs0_NtNtCscQj4IemQydr_4talc4talc5llistNtB5_7IterMutNtNtNtNtCs4Hpn15vVByi_4core4iter6traits8iterator8Iterator4next
0x800050a0:  6602              ld                      a2,0(sp)
0x800050a2:  6542              ld                      a0,16(sp)
0x800050a4:  f42a              sd                      a0,40(sp)
0x800050a6:  f82a              sd                      a0,48(sp)
0x800050a8:  610c              ld                      a1,0(a0)
0x800050aa:  e20c              sd                      a1,0(a2)
0x800050ac:  e42a              sd                      a0,8(sp)
0x800050ae:  a009              j                       2                       # 0x800050b0

----------------
IN: _RNvMs0_NtCscQj4IemQydr_4talc4talcINtB5_4TalcNtNtB7_11oom_handler8ErrOnOomE15scan_for_errorsCsb0QcX9fjLSJ_6tritan
0x800004dc:  a009              j                       2                       # 0x800004de

----------------
IN: _RNvMs0_NtCscQj4IemQydr_4talc4talcINtB5_4TalcNtNtB7_11oom_handler8ErrOnOomE15scan_for_errorsCsb0QcX9fjLSJ_6tritan
0x800004de:  6546              ld                      a0,80(sp)
0x800004e0:  65ca              ld                      a1,144(sp)
0x800004e2:  e4ae              sd                      a1,72(sp)
0x800004e4:  f52e              sd                      a1,168(sp)
0x800004e6:  4585              addi                    a1,zero,1
0x800004e8:  08b103a3          sb                      a1,135(sp)
0x800004ec:  04000593          addi                    a1,zero,64
0x800004f0:  0eb56863          bgtu                    a1,a0,240               # 0x800005e0

----------------
IN: _RNvMs0_NtCscQj4IemQydr_4talc4talcINtB5_4TalcNtNtB7_11oom_handler8ErrOnOomE15scan_for_errorsCsb0QcX9fjLSJ_6tritan
0x800004f4:  a8d1              j                       212                     # 0x800005c8

----------------
IN: _RNvMs0_NtCscQj4IemQydr_4talc4talcINtB5_4TalcNtNtB7_11oom_handler8ErrOnOomE15scan_for_errorsCsb0QcX9fjLSJ_6tritan
0x800005c8:  6546              ld                      a0,80(sp)
0x800005ca:  65e6              ld                      a1,88(sp)
0x800005cc:  658c              ld                      a1,8(a1)
0x800005ce:  f02e              sd                      a1,32(sp)
0x800005d0:  fc050593          addi                    a1,a0,-64
0x800005d4:  f42e              sd                      a1,40(sp)
0x800005d6:  04000593          addi                    a1,zero,64
0x800005da:  02b56263          bgtu                    a1,a0,36                # 0x800005fe

----------------
IN: _RNvMs0_NtCscQj4IemQydr_4talc4talcINtB5_4TalcNtNtB7_11oom_handler8ErrOnOomE15scan_for_errorsCsb0QcX9fjLSJ_6tritan
0x800005de:  a811              j                       20                      # 0x800005f2

----------------
IN: _RNvMs0_NtCscQj4IemQydr_4talc4talcINtB5_4TalcNtNtB7_11oom_handler8ErrOnOomE15scan_for_errorsCsb0QcX9fjLSJ_6tritan
0x800005f2:  7522              ld                      a0,40(sp)
0x800005f4:  04000593          addi                    a1,zero,64
0x800005f8:  00b56b63          bgtu                    a1,a0,22                # 0x8000060e

----------------
IN: _RNvMs0_NtCscQj4IemQydr_4talc4talcINtB5_4TalcNtNtB7_11oom_handler8ErrOnOomE15scan_for_errorsCsb0QcX9fjLSJ_6tritan
0x8000060e:  7502              ld                      a0,32(sp)
0x80000610:  75a2              ld                      a1,40(sp)
0x80000612:  00b55533          srl                     a0,a0,a1
0x80000616:  8905              andi                    a0,a0,1
0x80000618:  e905              bnez                    a0,48                   # 0x80000648

----------------
IN: _RNvMs0_NtCscQj4IemQydr_4talc4talcINtB5_4TalcNtNtB7_11oom_handler8ErrOnOomE15scan_for_errorsCsb0QcX9fjLSJ_6tritan
0x80000648:  6526              ld                      a0,72(sp)
0x8000064a:  00002097          auipc                   ra,2                    # 0x8000264a
0x8000064e:  662080e7          jalr                    ra,ra,1634

----------------
IN: _RNvNtCscQj4IemQydr_4talc4talc16gap_node_to_baseCsb0QcX9fjLSJ_6tritan
0x80002cac:  7139              addi                    sp,sp,-64
0x80002cae:  e42a              sd                      a0,8(sp)
0x80002cb0:  fc2a              sd                      a0,56(sp)
0x80002cb2:  e82a              sd                      a0,16(sp)
0x80002cb4:  f42a              sd                      a0,40(sp)
0x80002cb6:  4581              mv                      a1,zero
0x80002cb8:  f82e              sd                      a1,48(sp)
0x80002cba:  f02a              sd                      a0,32(sp)
0x80002cbc:  7502              ld                      a0,32(sp)
0x80002cbe:  ec2a              sd                      a0,24(sp)
0x80002cc0:  6121              addi                    sp,sp,64
0x80002cc2:  8082              ret                     

----------------
IN: _RNvMs0_NtCscQj4IemQydr_4talc4talcINtB5_4TalcNtNtB7_11oom_handler8ErrOnOomE15scan_for_errorsCsb0QcX9fjLSJ_6tritan
0x80000652:  85aa              mv                      a1,a0
0x80000654:  e42e              sd                      a1,8(sp)
0x80000656:  f92a              sd                      a0,176(sp)
0x80000658:  00002097          auipc                   ra,2                    # 0x80002658
0x8000065c:  66c080e7          jalr                    ra,ra,1644

----------------
IN: _RNvNtCscQj4IemQydr_4talc4talc21gap_base_to_acme_sizeCsb0QcX9fjLSJ_6tritan
0x80002cc4:  7139              addi                    sp,sp,-64
0x80002cc6:  fc06              sd                      ra,56(sp)
0x80002cc8:  e42a              sd                      a0,8(sp)
0x80002cca:  e82a              sd                      a0,16(sp)
0x80002ccc:  00000097          auipc                   ra,0                    # 0x80002ccc
0x80002cd0:  fce080e7          jalr                    ra,ra,-50

----------------
IN: _RNvNtCscQj4IemQydr_4talc4talc21gap_base_to_acme_sizeCsb0QcX9fjLSJ_6tritan
0x80002cd4:  85aa              mv                      a1,a0
0x80002cd6:  6522              ld                      a0,8(sp)
0x80002cd8:  f82e              sd                      a1,48(sp)
0x80002cda:  618c              ld                      a1,0(a1)
0x80002cdc:  ec2e              sd                      a1,24(sp)
0x80002cde:  f02a              sd                      a0,32(sp)
0x80002ce0:  f42e              sd                      a1,40(sp)
0x80002ce2:  952e              add                     a0,a0,a1
0x80002ce4:  70e2              ld                      ra,56(sp)
0x80002ce6:  6121              addi                    sp,sp,64
0x80002ce8:  8082              ret                     

----------------
IN: _RNvMs0_NtCscQj4IemQydr_4talc4talcINtB5_4TalcNtNtB7_11oom_handler8ErrOnOomE15scan_for_errorsCsb0QcX9fjLSJ_6tritan
0x80000660:  e82e              sd                      a1,16(sp)
0x80000662:  fd2a              sd                      a0,184(sp)
0x80000664:  e1ae              sd                      a1,192(sp)
0x80000666:  00002097          auipc                   ra,2                    # 0x80002666
0x8000066a:  60e080e7          jalr                    ra,ra,1550

----------------
IN: _RNvMs0_NtCscQj4IemQydr_4talc4talcINtB5_4TalcNtNtB7_11oom_handler8ErrOnOomE15scan_for_errorsCsb0QcX9fjLSJ_6tritan
0x8000066e:  65c2              ld                      a1,16(sp)
0x80000670:  e22a              sd                      a0,256(sp)
0x80000672:  6108              ld                      a0,0(a0)
0x80000674:  e5aa              sd                      a0,200(sp)
0x80000676:  04b50e63          beq                     a0,a1,92                # 0x800006d2

----------------
IN: _RNvMs0_NtCscQj4IemQydr_4talc4talcINtB5_4TalcNtNtB7_11oom_handler8ErrOnOomE15scan_for_errorsCsb0QcX9fjLSJ_6tritan
0x800006d2:  6522              ld                      a0,8(sp)
0x800006d4:  f9aa              sd                      a0,240(sp)
0x800006d6:  45a1              addi                    a1,zero,8
0x800006d8:  fdae              sd                      a1,248(sp)
0x800006da:  1561              addi                    a0,a0,-8
0x800006dc:  f5aa              sd                      a0,232(sp)
0x800006de:  752e              ld                      a0,232(sp)
0x800006e0:  edaa              sd                      a0,216(sp)
0x800006e2:  f1aa              sd                      a0,224(sp)
0x800006e4:  6108              ld                      a0,0(a0)
0x800006e6:  e02a              sd                      a0,0(sp)
0x800006e8:  e9aa              sd                      a0,208(sp)
0x800006ea:  00004097          auipc                   ra,4                    # 0x800046ea
0x800006ee:  7da080e7          jalr                    ra,ra,2010

----------------
IN: _RNvMs_NtNtCscQj4IemQydr_4talc4talc3tagNtB4_3Tag12is_allocated
0x80004ec4:  1141              addi                    sp,sp,-16
0x80004ec6:  e42a              sd                      a0,8(sp)
0x80004ec8:  8905              andi                    a0,a0,1
0x80004eca:  0141              addi                    sp,sp,16
0x80004ecc:  8082              ret                     

----------------
IN: _RNvMs0_NtCscQj4IemQydr_4talc4talcINtB5_4TalcNtNtB7_11oom_handler8ErrOnOomE15scan_for_errorsCsb0QcX9fjLSJ_6tritan
0x800006f2:  e105              bnez                    a0,32                   # 0x80000712

----------------
IN: _RNvMs0_NtCscQj4IemQydr_4talc4talcINtB5_4TalcNtNtB7_11oom_handler8ErrOnOomE15scan_for_errorsCsb0QcX9fjLSJ_6tritan
0x80000712:  6502              ld                      a0,0(sp)
0x80000714:  00004097          auipc                   ra,4                    # 0x80004714
0x80000718:  7ba080e7          jalr                    ra,ra,1978

----------------
IN: _RNvMs_NtNtCscQj4IemQydr_4talc4talc3tagNtB4_3Tag13is_above_free
0x80004ece:  1141              addi                    sp,sp,-16
0x80004ed0:  e42a              sd                      a0,8(sp)
0x80004ed2:  157a              slli                    a0,a0,62
0x80004ed4:  917d              srli                    a0,a0,63
0x80004ed6:  0141              addi                    sp,sp,16
0x80004ed8:  8082              ret                     

----------------
IN: _RNvMs0_NtCscQj4IemQydr_4talc4talcINtB5_4TalcNtNtB7_11oom_handler8ErrOnOomE15scan_for_errorsCsb0QcX9fjLSJ_6tritan
0x8000071c:  da0518e3          bnez                    a0,-592                 # 0x800004cc

----------------
IN: _RNvMs0_NtCscQj4IemQydr_4talc4talcINtB5_4TalcNtNtB7_11oom_handler8ErrOnOomE5claimCsb0QcX9fjLSJ_6tritan
0x800009da:  6666              ld                      a2,88(sp)
0x800009dc:  7506              ld                      a0,96(sp)
0x800009de:  75c6              ld                      a1,112(sp)
0x800009e0:  e590              sd                      a2,8(a1)
0x800009e2:  e988              sd                      a0,16(a1)
0x800009e4:  4501              mv                      a0,zero
0x800009e6:  e188              sd                      a0,0(a1)
0x800009e8:  b5d9              j                       -314                    # 0x800008ae

----------------
IN: _RNvMs0_NtCscQj4IemQydr_4talc4talcINtB5_4TalcNtNtB7_11oom_handler8ErrOnOomE5claimCsb0QcX9fjLSJ_6tritan
0x800008ae:  20813083          ld                      ra,520(sp)
0x800008b2:  21010113          addi                    sp,sp,528
0x800008b6:  8082              ret                     

----------------
IN: main
0x80000c68:  1208              addi                    a0,sp,288
0x80000c6a:  00002097          auipc                   ra,2                    # 0x80002c6a
0x80000c6e:  c04080e7          jalr                    ra,ra,-1020

----------------
IN: _RINvNtCs4Hpn15vVByi_4core3ptr13drop_in_placeINtNtCsizHN61kahr_8lock_api5mutex10MutexGuardINtNtCsek73zhQAbPJ_4spin5mutex5MutexuEINtNtCscQj4IemQydr_4talc4talc4TalcNtNtB26_11oom_handler8ErrOnOomEEECsb0QcX9fjLSJ_6tritan
0x8000286e:  1141              addi                    sp,sp,-16
0x80002870:  e406              sd                      ra,8(sp)
0x80002872:  e02a              sd                      a0,0(sp)
0x80002874:  00000097          auipc                   ra,0                    # 0x80002874
0x80002878:  04a080e7          jalr                    ra,ra,74

----------------
IN: _RNvXsd_NtCsizHN61kahr_8lock_api5mutexINtB5_10MutexGuardINtNtCsek73zhQAbPJ_4spin5mutex5MutexuEINtNtCscQj4IemQydr_4talc4talc4TalcNtNtB1y_11oom_handler8ErrOnOomEENtNtNtCs4Hpn15vVByi_4core3ops4drop4Drop4dropCsb0QcX9fjLSJ_6tritan
0x800028be:  1141              addi                    sp,sp,-16
0x800028c0:  e406              sd                      ra,8(sp)
0x800028c2:  e02a              sd                      a0,0(sp)
0x800028c4:  6108              ld                      a0,0(a0)
0x800028c6:  00001097          auipc                   ra,1                    # 0x800038c6
0x800028ca:  cf2080e7          jalr                    ra,ra,-782

----------------
IN: _RNvXsb_NtCsek73zhQAbPJ_4spin5mutexINtB5_5MutexuENtNtCsizHN61kahr_8lock_api5mutex8RawMutex6unlockCsb0QcX9fjLSJ_6tritan
0x800035b8:  1101              addi                    sp,sp,-32
0x800035ba:  ec06              sd                      ra,24(sp)
0x800035bc:  e02a              sd                      a0,0(sp)
0x800035be:  e42a              sd                      a0,8(sp)
0x800035c0:  e82a              sd                      a0,16(sp)
0x800035c2:  4581              mv                      a1,zero
0x800035c4:  4605              addi                    a2,zero,1
0x800035c6:  ffffe097          auipc                   ra,-2                   # 0x800015c6
0x800035ca:  476080e7          jalr                    ra,ra,1142

----------------
IN: _RNvXsb_NtCsek73zhQAbPJ_4spin5mutexINtB5_5MutexuENtNtCsizHN61kahr_8lock_api5mutex8RawMutex6unlockCsb0QcX9fjLSJ_6tritan
0x800035ce:  60e2              ld                      ra,24(sp)
0x800035d0:  6105              addi                    sp,sp,32
0x800035d2:  8082              ret                     

----------------
IN: _RNvXsd_NtCsizHN61kahr_8lock_api5mutexINtB5_10MutexGuardINtNtCsek73zhQAbPJ_4spin5mutex5MutexuEINtNtCscQj4IemQydr_4talc4talc4TalcNtNtB1y_11oom_handler8ErrOnOomEENtNtNtCs4Hpn15vVByi_4core3ops4drop4Drop4dropCsb0QcX9fjLSJ_6tritan
0x800028ce:  60a2              ld                      ra,8(sp)
0x800028d0:  0141              addi                    sp,sp,16
0x800028d2:  8082              ret                     

----------------
IN: _RINvNtCs4Hpn15vVByi_4core3ptr13drop_in_placeINtNtCsizHN61kahr_8lock_api5mutex10MutexGuardINtNtCsek73zhQAbPJ_4spin5mutex5MutexuEINtNtCscQj4IemQydr_4talc4talc4TalcNtNtB26_11oom_handler8ErrOnOomEEECsb0QcX9fjLSJ_6tritan
0x8000287c:  60a2              ld                      ra,8(sp)
0x8000287e:  0141              addi                    sp,sp,16
0x80002880:  8082              ret                     

----------------
IN: main
0x80000c72:  0000e517          auipc                   a0,14                   # 0x8000ec72
0x80000c76:  38e50513          addi                    a0,a0,910
0x80000c7a:  edaa              sd                      a0,216(sp)
0x80000c7c:  ef2a              sd                      a0,408(sp)
0x80000c7e:  26a13023          sd                      a0,608(sp)
0x80000c82:  4581              mv                      a1,zero
0x80000c84:  f1ae              sd                      a1,224(sp)
0x80000c86:  26b107a3          sb                      a1,623(sp)
0x80000c8a:  6605              lui                     a2,1
0x80000c8c:  e9b2              sd                      a2,208(sp)
0x80000c8e:  26c13823          sd                      a2,624(sp)
0x80000c92:  24b10fa3          sb                      a1,607(sp)
0x80000c96:  25f14603          lbu                     a2,607(sp)
0x80000c9a:  0000a597          auipc                   a1,10                   # 0x8000ac9a
0x80000c9e:  56658693          addi                    a3,a1,1382
0x80000ca2:  4585              addi                    a1,zero,1
0x80000ca4:  00003097          auipc                   ra,3                    # 0x80003ca4
0x80000ca8:  aec080e7          jalr                    ra,ra,-1300

----------------
IN: main
0x80000cac:  656e              ld                      a0,216(sp)
0x80000cae:  664e              ld                      a2,208(sp)
0x80000cb0:  758e              ld                      a1,224(sp)
0x80000cb2:  00007097          auipc                   ra,7                    # 0x80007cb2
0x80000cb6:  324080e7          jalr                    ra,ra,804

----------------
IN: main
0x80000cba:  66ce              ld                      a3,208(sp)
0x80000cbc:  656e              ld                      a0,216(sp)
0x80000cbe:  10000637          lui                     a2,65536
0x80000cc2:  4719              addi                    a4,zero,6
0x80000cc4:  85b2              mv                      a1,a2
0x80000cc6:  00001097          auipc                   ra,1                    # 0x80001cc6
0x80000cca:  468080e7          jalr                    ra,ra,1128

----------------
IN: _RNvNtCsb0QcX9fjLSJ_6tritan6kalloc8mappages
0x8000212e:  7131              addi                    sp,sp,-192
0x80002130:  fd06              sd                      ra,184(sp)
0x80002132:  ec3a              sd                      a4,24(sp)
0x80002134:  f02a              sd                      a0,32(sp)
0x80002136:  e0aa              sd                      a0,64(sp)
0x80002138:  e4ae              sd                      a1,72(sp)
0x8000213a:  e8b2              sd                      a2,80(sp)
0x8000213c:  ecb6              sd                      a3,88(sp)
0x8000213e:  f0ba              sd                      a4,96(sp)
0x80002140:  757d              lui                     a0,-1
0x80002142:  00a5f733          and                     a4,a1,a0
0x80002146:  f83a              sd                      a4,48(sp)
0x80002148:  ed2e              sd                      a1,152(sp)
0x8000214a:  f136              sd                      a3,160(sp)
0x8000214c:  95b6              add                     a1,a1,a3
0x8000214e:  f52e              sd                      a1,168(sp)
0x80002150:  4685              addi                    a3,zero,1
0x80002152:  f936              sd                      a3,176(sp)
0x80002154:  15fd              addi                    a1,a1,-1
0x80002156:  8de9              and                     a1,a1,a0
0x80002158:  f42e              sd                      a1,40(sp)
0x8000215a:  f4ae              sd                      a1,104(sp)
0x8000215c:  8d71              and                     a0,a0,a2
0x8000215e:  fc2a              sd                      a0,56(sp)
0x80002160:  a009              j                       2                       # 0x80002162

----------------
IN: _RNvNtCsb0QcX9fjLSJ_6tritan6kalloc8mappages
0x80002162:  7502              ld                      a0,32(sp)
0x80002164:  75c2              ld                      a1,48(sp)
0x80002166:  4605              addi                    a2,zero,1
0x80002168:  00000097          auipc                   ra,0                    # 0x80002168
0x8000216c:  bb6080e7          jalr                    ra,ra,-1098

----------------
IN: _RNvNtCsb0QcX9fjLSJ_6tritan6kalloc4walk
0x80001d1e:  7115              addi                    sp,sp,-224
0x80001d20:  ed86              sd                      ra,216(sp)
0x80001d22:  e4ae              sd                      a1,72(sp)
0x80001d24:  86b2              mv                      a3,a2
0x80001d26:  e8b6              sd                      a3,80(sp)
0x80001d28:  e12a              sd                      a0,128(sp)
0x80001d2a:  e52e              sd                      a1,136(sp)
0x80001d2c:  08c109a3          sb                      a2,147(sp)
0x80001d30:  f4aa              sd                      a0,104(sp)
0x80001d32:  4505              addi                    a0,zero,1
0x80001d34:  458d              addi                    a1,zero,3
0x80001d36:  00001097          auipc                   ra,1                    # 0x80002d36
0x80001d3a:  66e080e7          jalr                    ra,ra,1646

----------------
IN: _RNvYINtNtNtCs4Hpn15vVByi_4core3ops5range5RangelENtNtNtNtB9_4iter6traits8iterator8Iterator3revCsb0QcX9fjLSJ_6tritan
0x800033a4:  1141              addi                    sp,sp,-16
0x800033a6:  c42a              sw                      a0,8(sp)
0x800033a8:  c62e              sw                      a1,12(sp)
0x800033aa:  0141              addi                    sp,sp,16
0x800033ac:  8082              ret                     

----------------
IN: _RNvNtCsb0QcX9fjLSJ_6tritan6kalloc4walk
0x80001d3e:  00001097          auipc                   ra,1                    # 0x80002d3e
0x80001d42:  c06080e7          jalr                    ra,ra,-1018

----------------
IN: _RNvXNtNtNtCs4Hpn15vVByi_4core4iter6traits7collectINtNtNtB6_8adapters3rev3RevINtNtNtB8_3ops5range5RangelEENtB2_12IntoIterator9into_iterCsb0QcX9fjLSJ_6tritan
0x80002944:  1141              addi                    sp,sp,-16
0x80002946:  c42a              sw                      a0,8(sp)
0x80002948:  c62e              sw                      a1,12(sp)
0x8000294a:  0141              addi                    sp,sp,16
0x8000294c:  8082              ret                     

----------------
IN: _RNvNtCsb0QcX9fjLSJ_6tritan6kalloc4walk
0x80001d46:  d8aa              sw                      a0,112(sp)
0x80001d48:  daae              sw                      a1,116(sp)
0x80001d4a:  a009              j                       2                       # 0x80001d4c

----------------
IN: _RNvNtCsb0QcX9fjLSJ_6tritan6kalloc4walk
0x80001d4c:  1888              addi                    a0,sp,112
0x80001d4e:  00001097          auipc                   ra,1                    # 0x80002d4e
0x80001d52:  c28080e7          jalr                    ra,ra,-984

----------------
IN: _RNvXs_NtNtNtCs4Hpn15vVByi_4core4iter8adapters3revINtB4_3RevINtNtNtBa_3ops5range5RangelEENtNtNtB8_6traits8iterator8Iterator4nextCsb0QcX9fjLSJ_6tritan
0x80002976:  1141              addi                    sp,sp,-16
0x80002978:  e406              sd                      ra,8(sp)
0x8000297a:  e02a              sd                      a0,0(sp)
0x8000297c:  00001097          auipc                   ra,1                    # 0x8000397c
0x80002980:  958080e7          jalr                    ra,ra,-1704

----------------
IN: _RNvXs5_NtNtCs4Hpn15vVByi_4core4iter5rangeINtNtNtB9_3ops5range5RangelENtNtNtB7_6traits12double_ended19DoubleEndedIterator9next_backCsb0QcX9fjLSJ_6tritan
0x800032d4:  1141              addi                    sp,sp,-16
0x800032d6:  e406              sd                      ra,8(sp)
0x800032d8:  e02a              sd                      a0,0(sp)
0x800032da:  00000097          auipc                   ra,0                    # 0x800032da
0x800032de:  f9a080e7          jalr                    ra,ra,-102

----------------
IN: _RNvXs3_NtNtCs4Hpn15vVByi_4core4iter5rangeINtNtNtB9_3ops5range5RangelENtB5_17RangeIteratorImpl14spec_next_backCsb0QcX9fjLSJ_6tritan
0x80003274:  7139              addi                    sp,sp,-64
0x80003276:  fc06              sd                      ra,56(sp)
0x80003278:  85aa              mv                      a1,a0
0x8000327a:  e82e              sd                      a1,16(sp)
0x8000327c:  f02e              sd                      a1,32(sp)
0x8000327e:  00458513          addi                    a0,a1,4
0x80003282:  f42e              sd                      a1,40(sp)
0x80003284:  f82a              sd                      a0,48(sp)
0x80003286:  4188              lw                      a0,0(a1)
0x80003288:  41cc              lw                      a1,4(a1)
0x8000328a:  00b54663          bgt                     a1,a0,12                # 0x80003296

----------------
IN: _RNvXs3_NtNtCs4Hpn15vVByi_4core4iter5rangeINtNtNtB9_3ops5range5RangelENtB5_17RangeIteratorImpl14spec_next_backCsb0QcX9fjLSJ_6tritan
0x80003296:  6542              ld                      a0,16(sp)
0x80003298:  4148              lw                      a0,4(a0)
0x8000329a:  4585              addi                    a1,zero,1
0x8000329c:  e42e              sd                      a1,8(sp)
0x8000329e:  ffffd097          auipc                   ra,-3                   # 0x8000029e
0x800032a2:  74c080e7          jalr                    ra,ra,1868

----------------
IN: _RNvXsC_NtNtCs4Hpn15vVByi_4core4iter5rangelNtB5_4Step18backward_uncheckedCsb0QcX9fjLSJ_6tritan
0x800009ea:  7139              addi                    sp,sp,-64
0x800009ec:  fc06              sd                      ra,56(sp)
0x800009ee:  ce2a              sw                      a0,28(sp)
0x800009f0:  f02e              sd                      a1,32(sp)
0x800009f2:  d42e              sw                      a1,40(sp)
0x800009f4:  0005869b          sext.w                  a3,a1
0x800009f8:  40d50633          sub                     a2,a0,a3
0x800009fc:  9d15              subw                    a0,a0,a3
0x800009fe:  e42a              sd                      a0,8(sp)
0x80000a00:  8d31              xor                     a0,a0,a2
0x80000a02:  00a03533          snez                    a0,a0
0x80000a06:  d632              sw                      a2,44(sp)
0x80000a08:  01f5d59b          srliw                   a1,a1,31
0x80000a0c:  00b54633          xor                     a2,a0,a1
0x80000a10:  02c109a3          sb                      a2,51(sp)
0x80000a14:  00b51c63          bne                     a0,a1,24                # 0x80000a2c

----------------
IN: _RNvXsC_NtNtCs4Hpn15vVByi_4core4iter5rangelNtB5_4Step18backward_uncheckedCsb0QcX9fjLSJ_6tritan
0x80000a18:  a009              j                       2                       # 0x80000a1a

----------------
IN: _RNvXsC_NtNtCs4Hpn15vVByi_4core4iter5rangelNtB5_4Step18backward_uncheckedCsb0QcX9fjLSJ_6tritan
0x80000a1a:  6522              ld                      a0,8(sp)
0x80000a1c:  cc2a              sw                      a0,24(sp)
0x80000a1e:  4505              addi                    a0,zero,1
0x80000a20:  ca2a              sw                      a0,20(sp)
0x80000a22:  4562              lw                      a0,24(sp)
0x80000a24:  da2a              sw                      a0,52(sp)
0x80000a26:  70e2              ld                      ra,56(sp)
0x80000a28:  6121              addi                    sp,sp,64
0x80000a2a:  8082              ret                     

----------------
IN: _RNvXs3_NtNtCs4Hpn15vVByi_4core4iter5rangeINtNtNtB9_3ops5range5RangelENtB5_17RangeIteratorImpl14spec_next_backCsb0QcX9fjLSJ_6tritan
0x800032a6:  65c2              ld                      a1,16(sp)
0x800032a8:  862a              mv                      a2,a0
0x800032aa:  6522              ld                      a0,8(sp)
0x800032ac:  c1d0              sw                      a2,4(a1)
0x800032ae:  41cc              lw                      a1,4(a1)
0x800032b0:  ce2e              sw                      a1,28(sp)
0x800032b2:  cc2a              sw                      a0,24(sp)
0x800032b4:  a009              j                       2                       # 0x800032b6

----------------
IN: _RNvXs3_NtNtCs4Hpn15vVByi_4core4iter5rangeINtNtNtB9_3ops5range5RangelENtB5_17RangeIteratorImpl14spec_next_backCsb0QcX9fjLSJ_6tritan
0x800032b6:  4562              lw                      a0,24(sp)
0x800032b8:  45f2              lw                      a1,28(sp)
0x800032ba:  70e2              ld                      ra,56(sp)
0x800032bc:  6121              addi                    sp,sp,64
0x800032be:  8082              ret                     

----------------
IN: _RNvXs5_NtNtCs4Hpn15vVByi_4core4iter5rangeINtNtNtB9_3ops5range5RangelENtNtNtB7_6traits12double_ended19DoubleEndedIterator9next_backCsb0QcX9fjLSJ_6tritan
0x800032e2:  60a2              ld                      ra,8(sp)
0x800032e4:  0141              addi                    sp,sp,16
0x800032e6:  8082              ret                     

----------------
IN: _RNvXs_NtNtNtCs4Hpn15vVByi_4core4iter8adapters3revINtB4_3RevINtNtNtBa_3ops5range5RangelEENtNtNtB8_6traits8iterator8Iterator4nextCsb0QcX9fjLSJ_6tritan
0x80002984:  60a2              ld                      ra,8(sp)
0x80002986:  0141              addi                    sp,sp,16
0x80002988:  8082              ret                     

----------------
IN: _RNvNtCsb0QcX9fjLSJ_6tritan6kalloc4walk
0x80001d56:  dcaa              sw                      a0,120(sp)
0x80001d58:  deae              sw                      a1,124(sp)
0x80001d5a:  07816503          lwu                     a0,120(sp)
0x80001d5e:  8905              andi                    a0,a0,1
0x80001d60:  cd09              beqz                    a0,26                   # 0x80001d7a

----------------
IN: _RNvNtCsb0QcX9fjLSJ_6tritan6kalloc4walk
0x80001d62:  a009              j                       2                       # 0x80001d64

----------------
IN: _RNvNtCsb0QcX9fjLSJ_6tritan6kalloc4walk
0x80001d64:  5676              lw                      a2,124(sp)
0x80001d66:  cb32              sw                      a2,148(sp)
0x80001d68:  00361513          slli                    a0,a2,3
0x80001d6c:  00c505b3          add                     a1,a0,a2
0x80001d70:  e0ae              sd                      a1,64(sp)
0x80001d72:  9d31              addw                    a0,a0,a2
0x80001d74:  02b51c63          bne                     a0,a1,56                # 0x80001dac

----------------
IN: _RNvNtCsb0QcX9fjLSJ_6tritan6kalloc4walk
0x80001d78:  a015              j                       36                      # 0x80001d9c

----------------
IN: _RNvNtCsb0QcX9fjLSJ_6tritan6kalloc4walk
0x80001d9c:  6586              ld                      a1,64(sp)
0x80001d9e:  00c5851b          addiw                   a0,a1,12
0x80001da2:  fc2a              sd                      a0,56(sp)
0x80001da4:  2581              sext.w                  a1,a1
0x80001da6:  02b54263          bgt                     a1,a0,36                # 0x80001dca

----------------
IN: _RNvNtCsb0QcX9fjLSJ_6tritan6kalloc4walk
0x80001daa:  a809              j                       18                      # 0x80001dbc

----------------
IN: _RNvNtCsb0QcX9fjLSJ_6tritan6kalloc4walk
0x80001dbc:  7562              ld                      a0,56(sp)
0x80001dbe:  2501              sext.w                  a0,a0
0x80001dc0:  04000593          addi                    a1,zero,64
0x80001dc4:  00b56b63          bgtu                    a1,a0,22                # 0x80001dda

----------------
IN: _RNvNtCsb0QcX9fjLSJ_6tritan6kalloc4walk
0x80001dda:  6526              ld                      a0,72(sp)
0x80001ddc:  75e2              ld                      a1,56(sp)
0x80001dde:  00b55533          srl                     a0,a0,a1
0x80001de2:  1ff57593          andi                    a1,a0,511
0x80001de6:  ed2e              sd                      a1,152(sp)
0x80001de8:  7526              ld                      a0,104(sp)
0x80001dea:  fd2a              sd                      a0,184(sp)
0x80001dec:  e1ae              sd                      a1,192(sp)
0x80001dee:  058e              slli                    a1,a1,3
0x80001df0:  952e              add                     a0,a0,a1
0x80001df2:  f42a              sd                      a0,40(sp)
0x80001df4:  85aa              mv                      a1,a0
0x80001df6:  f82e              sd                      a1,48(sp)
0x80001df8:  f12a              sd                      a0,160(sp)
0x80001dfa:  891d              andi                    a0,a0,7
0x80001dfc:  c911              beqz                    a0,20                   # 0x80001e10

----------------
IN: _RNvNtCsb0QcX9fjLSJ_6tritan6kalloc4walk
0x80001e10:  7542              ld                      a0,48(sp)
0x80001e12:  ed01              bnez                    a0,24                   # 0x80001e2a

----------------
IN: _RNvNtCsb0QcX9fjLSJ_6tritan6kalloc4walk
0x80001e2a:  7542              ld                      a0,48(sp)
0x80001e2c:  6108              ld                      a0,0(a0)
0x80001e2e:  f02a              sd                      a0,32(sp)
0x80001e30:  f52a              sd                      a0,168(sp)
0x80001e32:  8905              andi                    a0,a0,1
0x80001e34:  ed11              bnez                    a0,28                   # 0x80001e50

----------------
IN: _RNvNtCsb0QcX9fjLSJ_6tritan6kalloc4walk
0x80001e36:  a809              j                       18                      # 0x80001e48

----------------
IN: _RNvNtCsb0QcX9fjLSJ_6tritan6kalloc4walk
0x80001e48:  6546              ld                      a0,80(sp)
0x80001e4a:  8905              andi                    a0,a0,1
0x80001e4c:  e911              bnez                    a0,20                   # 0x80001e60

----------------
IN: _RNvNtCsb0QcX9fjLSJ_6tritan6kalloc4walk
0x80001e60:  00000097          auipc                   ra,0                    # 0x80001e60
0x80001e64:  1b4080e7          jalr                    ra,ra,436

----------------
IN: _RNvXs3_NtNtCs4Hpn15vVByi_4core4iter5rangeINtNtNtB9_3ops5range5RangejENtB5_17RangeIteratorImpl14spec_next_backCsb0QcX9fjLSJ_6tritan
0x8000324a:  6522              ld                      a0,8(sp)
0x8000324c:  6508              ld                      a0,8(a0)
0x8000324e:  4585              addi                    a1,zero,1
0x80003250:  e02e              sd                      a1,0(sp)
0x80003252:  ffffd097          auipc                   ra,-3                   # 0x80000252
0x80003256:  7fc080e7          jalr                    ra,ra,2044

----------------
IN: _RNvXsF_NtNtCs4Hpn15vVByi_4core4iter5rangejNtB5_4Step18backward_uncheckedCsb0QcX9fjLSJ_6tritan
0x80000a4e:  7179              addi                    sp,sp,-48
0x80000a50:  f406              sd                      ra,40(sp)
0x80000a52:  e42e              sd                      a1,8(sp)
0x80000a54:  e82a              sd                      a0,16(sp)
0x80000a56:  ec2a              sd                      a0,24(sp)
0x80000a58:  f02e              sd                      a1,32(sp)
0x80000a5a:  a009              j                       2                       # 0x80000a5c

----------------
IN: _RNvXsF_NtNtCs4Hpn15vVByi_4core4iter5rangejNtB5_4Step18backward_uncheckedCsb0QcX9fjLSJ_6tritan
0x80000a5c:  65a2              ld                      a1,8(sp)
0x80000a5e:  6542              ld                      a0,16(sp)
0x80000a60:  0000a617          auipc                   a2,10                   # 0x8000aa60
0x80000a64:  72060613          addi                    a2,a2,1824
0x80000a68:  00002097          auipc                   ra,2                    # 0x80002a68
0x80000a6c:  554080e7          jalr                    ra,ra,1364

----------------
IN: _RNvNvMs9_NtCs4Hpn15vVByi_4core3numj13unchecked_sub18precondition_checkCsb0QcX9fjLSJ_6tritan
0x80002fbc:  7179              addi                    sp,sp,-48
0x80002fbe:  e432              sd                      a2,8(sp)
0x80002fc0:  e82a              sd                      a0,16(sp)
0x80002fc2:  ec2e              sd                      a1,24(sp)
0x80002fc4:  00b56563          bgtu                    a1,a0,10                # 0x80002fce

----------------
IN: _RNvNvMs9_NtCs4Hpn15vVByi_4core3numj13unchecked_sub18precondition_checkCsb0QcX9fjLSJ_6tritan
0x80002fc8:  a009              j                       2                       # 0x80002fca

----------------
IN: _RNvNvMs9_NtCs4Hpn15vVByi_4core3numj13unchecked_sub18precondition_checkCsb0QcX9fjLSJ_6tritan
0x80002fca:  6145              addi                    sp,sp,48
0x80002fcc:  8082              ret                     

----------------
IN: _RNvXsF_NtNtCs4Hpn15vVByi_4core4iter5rangejNtB5_4Step18backward_uncheckedCsb0QcX9fjLSJ_6tritan
0x80000a70:  a009              j                       2                       # 0x80000a72

----------------
IN: _RNvXsF_NtNtCs4Hpn15vVByi_4core4iter5rangejNtB5_4Step18backward_uncheckedCsb0QcX9fjLSJ_6tritan
0x80000a72:  6542              ld                      a0,16(sp)
0x80000a74:  65a2              ld                      a1,8(sp)
0x80000a76:  8d0d              sub                     a0,a0,a1
0x80000a78:  70a2              ld                      ra,40(sp)
0x80000a7a:  6145              addi                    sp,sp,48
0x80000a7c:  8082              ret                     

----------------
IN: _RNvXs3_NtNtCs4Hpn15vVByi_4core4iter5rangeINtNtNtB9_3ops5range5RangejENtB5_17RangeIteratorImpl14spec_next_backCsb0QcX9fjLSJ_6tritan
0x8000325a:  65a2              ld                      a1,8(sp)
0x8000325c:  862a              mv                      a2,a0
0x8000325e:  6502              ld                      a0,0(sp)
0x80003260:  e590              sd                      a2,8(a1)
0x80003262:  658c              ld                      a1,8(a1)
0x80003264:  ec2e              sd                      a1,24(sp)
0x80003266:  e82a              sd                      a0,16(sp)
0x80003268:  a009              j                       2                       # 0x8000326a

----------------
IN: _RNvMCsd5aZ26uNDBs_22buddy_system_allocatorINtB2_4HeapKj20_E5allocCsb0QcX9fjLSJ_6tritan
0x80003e76:  a009              j                       2                       # 0x80003e78

----------------
IN: _RNvMCsd5aZ26uNDBs_22buddy_system_allocatorINtB2_4HeapKj20_E5allocCsb0QcX9fjLSJ_6tritan
0x80003e78:  6512              ld                      a0,256(sp)
0x80003e7a:  ecaa              sd                      a0,88(sp)
0x80003e7c:  e6aa              sd                      a0,328(sp)
0x80003e7e:  02000593          addi                    a1,zero,32
0x80003e82:  0cb56763          bgtu                    a1,a0,206               # 0x80003f50

----------------
IN: _RNvMCsd5aZ26uNDBs_22buddy_system_allocatorINtB2_4HeapKj20_E5allocCsb0QcX9fjLSJ_6tritan
0x80003f50:  650a              ld                      a0,128(sp)
0x80003f52:  65e6              ld                      a1,88(sp)
0x80003f54:  058e              slli                    a1,a1,3
0x80003f56:  952e              add                     a0,a0,a1
0x80003f58:  00001097          auipc                   ra,1                    # 0x80004f58
0x80003f5c:  41c080e7          jalr                    ra,ra,1052

----------------
IN: _RNvMCsd5aZ26uNDBs_22buddy_system_allocatorINtB2_4HeapKj20_E5allocCsb0QcX9fjLSJ_6tritan
0x80003f60:  e62a              sd                      a0,264(sp)
0x80003f62:  ea2e              sd                      a1,272(sp)
0x80003f64:  6532              ld                      a0,264(sp)
0x80003f66:  8905              andi                    a0,a0,1
0x80003f68:  ed09              bnez                    a0,26                   # 0x80003f82

----------------
IN: _RNvMCsd5aZ26uNDBs_22buddy_system_allocatorINtB2_4HeapKj20_E5allocCsb0QcX9fjLSJ_6tritan
0x80003f82:  6566              ld                      a0,88(sp)
0x80003f84:  65d2              ld                      a1,272(sp)
0x80003f86:  f82e              sd                      a1,48(sp)
0x80003f88:  eaae              sd                      a1,336(sp)
0x80003f8a:  fff50593          addi                    a1,a0,-1
0x80003f8e:  fc2e              sd                      a1,56(sp)
0x80003f90:  c919              beqz                    a0,22                   # 0x80003fa6

----------------
IN: _RNvMCsd5aZ26uNDBs_22buddy_system_allocatorINtB2_4HeapKj20_E5allocCsb0QcX9fjLSJ_6tritan
0x80003f92:  a021              j                       8                       # 0x80003f9a

----------------
IN: _RNvMCsd5aZ26uNDBs_22buddy_system_allocatorINtB2_4HeapKj20_E5allocCsb0QcX9fjLSJ_6tritan
0x80003f9a:  7562              ld                      a0,56(sp)
0x80003f9c:  02000593          addi                    a1,zero,32
0x80003fa0:  00b56b63          bgtu                    a1,a0,22                # 0x80003fb6

----------------
IN: _RNvMCsd5aZ26uNDBs_22buddy_system_allocatorINtB2_4HeapKj20_E5allocCsb0QcX9fjLSJ_6tritan
0x80003fb6:  6566              ld                      a0,88(sp)
0x80003fb8:  75c2              ld                      a1,48(sp)
0x80003fba:  660a              ld                      a2,128(sp)
0x80003fbc:  76e2              ld                      a3,56(sp)
0x80003fbe:  068e              slli                    a3,a3,3
0x80003fc0:  9636              add                     a2,a2,a3
0x80003fc2:  ec32              sd                      a2,24(sp)
0x80003fc4:  f02e              sd                      a1,32(sp)
0x80003fc6:  fff50593          addi                    a1,a0,-1
0x80003fca:  f42e              sd                      a1,40(sp)
0x80003fcc:  c11d              beqz                    a0,38                   # 0x80003ff2

----------------
IN: _RNvMCsd5aZ26uNDBs_22buddy_system_allocatorINtB2_4HeapKj20_E5allocCsb0QcX9fjLSJ_6tritan
0x80003fce:  a821              j                       24                      # 0x80003fe6

----------------
IN: _RNvMCsd5aZ26uNDBs_22buddy_system_allocatorINtB2_4HeapKj20_E5allocCsb0QcX9fjLSJ_6tritan
0x80003fe6:  7522              ld                      a0,40(sp)
0x80003fe8:  04000593          addi                    a1,zero,64
0x80003fec:  00b56b63          bgtu                    a1,a0,22                # 0x80004002

----------------
IN: _RNvMCsd5aZ26uNDBs_22buddy_system_allocatorINtB2_4HeapKj20_E5allocCsb0QcX9fjLSJ_6tritan
0x80004002:  7582              ld                      a1,32(sp)
0x80004004:  7622              ld                      a2,40(sp)
0x80004006:  4505              addi                    a0,zero,1
0x80004008:  00c51533          sll                     a0,a0,a2
0x8000400c:  952e              add                     a0,a0,a1
0x8000400e:  e82a              sd                      a0,16(sp)
0x80004010:  02b56763          bgtu                    a1,a0,46                # 0x8000403e

----------------
IN: _RNvMCsd5aZ26uNDBs_22buddy_system_allocatorINtB2_4HeapKj20_E5allocCsb0QcX9fjLSJ_6tritan
0x80004014:  a809              j                       18                      # 0x80004026

----------------
IN: _RNvMCsd5aZ26uNDBs_22buddy_system_allocatorINtB2_4HeapKj20_E5allocCsb0QcX9fjLSJ_6tritan
0x80004026:  65c2              ld                      a1,16(sp)
0x80004028:  6562              ld                      a0,24(sp)
0x8000402a:  00001097          auipc                   ra,1                    # 0x8000502a
0x8000402e:  380080e7          jalr                    ra,ra,896

----------------
IN: _RNvMCsd5aZ26uNDBs_22buddy_system_allocatorINtB2_4HeapKj20_E5allocCsb0QcX9fjLSJ_6tritan
0x80004032:  6566              ld                      a0,88(sp)
0x80004034:  fff50593          addi                    a1,a0,-1
0x80004038:  e42e              sd                      a1,8(sp)
0x8000403a:  c105              beqz                    a0,32                   # 0x8000405a

----------------
IN: _RNvMCsd5aZ26uNDBs_22buddy_system_allocatorINtB2_4HeapKj20_E5allocCsb0QcX9fjLSJ_6tritan
0x8000403c:  a809              j                       18                      # 0x8000404e

----------------
IN: _RNvMCsd5aZ26uNDBs_22buddy_system_allocatorINtB2_4HeapKj20_E5allocCsb0QcX9fjLSJ_6tritan
0x8000404e:  6522              ld                      a0,8(sp)
0x80004050:  02000593          addi                    a1,zero,32
0x80004054:  00b56b63          bgtu                    a1,a0,22                # 0x8000406a

----------------
IN: _RNvMCsd5aZ26uNDBs_22buddy_system_allocatorINtB2_4HeapKj20_E5allocCsb0QcX9fjLSJ_6tritan
0x8000406a:  75c2              ld                      a1,48(sp)
0x8000406c:  650a              ld                      a0,128(sp)
0x8000406e:  6622              ld                      a2,8(sp)
0x80004070:  060e              slli                    a2,a2,3
0x80004072:  9532              add                     a0,a0,a2
0x80004074:  00001097          auipc                   ra,1                    # 0x80005074
0x80004078:  336080e7          jalr                    ra,ra,822

----------------
IN: _RNvMCsd5aZ26uNDBs_22buddy_system_allocatorINtB2_4HeapKj20_E5allocCsb0QcX9fjLSJ_6tritan
0x8000407c:  b3d5              j                       -540                    # 0x80003e60

----------------
IN: _RNvNtCsb0QcX9fjLSJ_6tritan6kalloc4walk
0x80001e68:  0000a617          auipc                   a2,10                   # 0x8000be68
0x80001e6c:  9f060613          addi                    a2,a2,-1552
0x80001e70:  0000a697          auipc                   a3,10                   # 0x8000be70
0x80001e74:  a0068713          addi                    a4,a3,-1536
0x80001e78:  46cd              addi                    a3,zero,19
0x80001e7a:  00001097          auipc                   ra,1                    # 0x80002e7a
0x80001e7e:  8f8080e7          jalr                    ra,ra,-1800

----------------
IN: _RNvNtCsb0QcX9fjLSJ_6tritan6kalloc4walk
0x80001e82:  85aa              mv                      a1,a0
0x80001e84:  7542              ld                      a0,48(sp)
0x80001e86:  862e              mv                      a2,a1
0x80001e88:  e432              sd                      a2,8(sp)
0x80001e8a:  f92e              sd                      a1,176(sp)
0x80001e8c:  81b1              srli                    a1,a1,12
0x80001e8e:  05aa              slli                    a1,a1,10
0x80001e90:  e82e              sd                      a1,16(sp)
0x80001e92:  85aa              mv                      a1,a0
0x80001e94:  ec2e              sd                      a1,24(sp)
0x80001e96:  891d              andi                    a0,a0,7
0x80001e98:  e509              bnez                    a0,10                   # 0x80001ea2

----------------
IN: _RNvNtCsb0QcX9fjLSJ_6tritan6kalloc4walk
0x80001e9a:  a009              j                       2                       # 0x80001e9c

----------------
IN: _RNvNtCsb0QcX9fjLSJ_6tritan6kalloc4walk
0x80001e9c:  7542              ld                      a0,48(sp)
0x80001e9e:  ed01              bnez                    a0,24                   # 0x80001eb6

----------------
IN: _RNvNtCsb0QcX9fjLSJ_6tritan6kalloc4walk
0x80001eb6:  6522              ld                      a0,8(sp)
0x80001eb8:  7642              ld                      a2,48(sp)
0x80001eba:  65c2              ld                      a1,16(sp)
0x80001ebc:  0015e593          ori                     a1,a1,1
0x80001ec0:  e20c              sd                      a1,0(a2)
0x80001ec2:  f4aa              sd                      a0,104(sp)
0x80001ec4:  b561              j                       -376                    # 0x80001d4c

----------------
IN: _RNvXs3_NtNtCs4Hpn15vVByi_4core4iter5rangeINtNtNtB9_3ops5range5RangelENtB5_17RangeIteratorImpl14spec_next_backCsb0QcX9fjLSJ_6tritan
0x8000328e:  a009              j                       2                       # 0x80003290

----------------
IN: _RNvXs3_NtNtCs4Hpn15vVByi_4core4iter5rangeINtNtNtB9_3ops5range5RangelENtB5_17RangeIteratorImpl14spec_next_backCsb0QcX9fjLSJ_6tritan
0x80003290:  4501              mv                      a0,zero
0x80003292:  cc2a              sw                      a0,24(sp)
0x80003294:  a00d              j                       34                      # 0x800032b6

----------------
IN: _RNvNtCsb0QcX9fjLSJ_6tritan6kalloc4walk
0x80001d7a:  65a6              ld                      a1,72(sp)
0x80001d7c:  7526              ld                      a0,104(sp)
0x80001d7e:  15ae              slli                    a1,a1,43
0x80001d80:  91dd              srli                    a1,a1,55
0x80001d82:  e5aa              sd                      a0,200(sp)
0x80001d84:  e9ae              sd                      a1,208(sp)
0x80001d86:  058e              slli                    a1,a1,3
0x80001d88:  952e              add                     a0,a0,a1
0x80001d8a:  f0aa              sd                      a0,96(sp)
0x80001d8c:  4505              addi                    a0,zero,1
0x80001d8e:  ecaa              sd                      a0,88(sp)
0x80001d90:  a009              j                       2                       # 0x80001d92

----------------
IN: _RNvNtCsb0QcX9fjLSJ_6tritan6kalloc4walk
0x80001d92:  6566              ld                      a0,88(sp)
0x80001d94:  7586              ld                      a1,96(sp)
0x80001d96:  60ee              ld                      ra,216(sp)
0x80001d98:  612d              addi                    sp,sp,224
0x80001d9a:  8082              ret                     

----------------
IN: _RNvNtCsb0QcX9fjLSJ_6tritan6kalloc8mappages
0x80002170:  00009617          auipc                   a2,9                    # 0x8000b170
0x80002174:  77860613          addi                    a2,a2,1912
0x80002178:  00009697          auipc                   a3,9                    # 0x8000b178
0x8000217c:  78868713          addi                    a4,a3,1928
0x80002180:  46d5              addi                    a3,zero,21
0x80002182:  00000097          auipc                   ra,0                    # 0x80002182
0x80002186:  650080e7          jalr                    ra,ra,1616

----------------
IN: _RNvMNtCs4Hpn15vVByi_4core6optionINtB2_6OptionOyE6expectCsb0QcX9fjLSJ_6tritan
0x800027d2:  7139              addi                    sp,sp,-64
0x800027d4:  e03a              sd                      a4,0(sp)
0x800027d6:  e436              sd                      a3,8(sp)
0x800027d8:  e832              sd                      a2,16(sp)
0x800027da:  ec2a              sd                      a0,24(sp)
0x800027dc:  f02e              sd                      a1,32(sp)
0x800027de:  f432              sd                      a2,40(sp)
0x800027e0:  f836              sd                      a3,48(sp)
0x800027e2:  6562              ld                      a0,24(sp)
0x800027e4:  4585              addi                    a1,zero,1
0x800027e6:  00b51763          bne                     a0,a1,14                # 0x800027f4

----------------
IN: _RNvMNtCs4Hpn15vVByi_4core6optionINtB2_6OptionOyE6expectCsb0QcX9fjLSJ_6tritan
0x800027ea:  a009              j                       2                       # 0x800027ec

----------------
IN: _RNvMNtCs4Hpn15vVByi_4core6optionINtB2_6OptionOyE6expectCsb0QcX9fjLSJ_6tritan
0x800027ec:  7502              ld                      a0,32(sp)
0x800027ee:  fc2a              sd                      a0,56(sp)
0x800027f0:  6121              addi                    sp,sp,64
0x800027f2:  8082              ret                     

----------------
IN: _RNvNtCsb0QcX9fjLSJ_6tritan6kalloc8mappages
0x8000218a:  6662              ld                      a2,24(sp)
0x8000218c:  85aa              mv                      a1,a0
0x8000218e:  e02e              sd                      a1,0(sp)
0x80002190:  f8aa              sd                      a0,112(sp)
0x80002192:  75e2              ld                      a1,56(sp)
0x80002194:  81b1              srli                    a1,a1,12
0x80002196:  05aa              slli                    a1,a1,10
0x80002198:  8dd1              or                      a1,a1,a2
0x8000219a:  0415e593          ori                     a1,a1,65
0x8000219e:  e42e              sd                      a1,8(sp)
0x800021a0:  85aa              mv                      a1,a0
0x800021a2:  e82e              sd                      a1,16(sp)
0x800021a4:  891d              andi                    a0,a0,7
0x800021a6:  e509              bnez                    a0,10                   # 0x800021b0

----------------
IN: _RNvNtCsb0QcX9fjLSJ_6tritan6kalloc8mappages
0x800021a8:  a009              j                       2                       # 0x800021aa

----------------
IN: _RNvNtCsb0QcX9fjLSJ_6tritan6kalloc8mappages
0x800021aa:  6502              ld                      a0,0(sp)
0x800021ac:  ed01              bnez                    a0,24                   # 0x800021c4

----------------
IN: _RNvNtCsb0QcX9fjLSJ_6tritan6kalloc8mappages
0x800021c4:  75a2              ld                      a1,40(sp)
0x800021c6:  6602              ld                      a2,0(sp)
0x800021c8:  6522              ld                      a0,8(sp)
0x800021ca:  08056513          ori                     a0,a0,128
0x800021ce:  e208              sd                      a0,0(a2)
0x800021d0:  7542              ld                      a0,48(sp)
0x800021d2:  02b50763          beq                     a0,a1,46                # 0x80002200

----------------
IN: _RNvNtCsb0QcX9fjLSJ_6tritan6kalloc8mappages
0x80002200:  70ea              ld                      ra,184(sp)
0x80002202:  6129              addi                    sp,sp,192
0x80002204:  8082              ret                     

----------------
IN: main
0x80000cce:  750e              ld                      a0,224(sp)
0x80000cd0:  001005b7          lui                     a1,256
0x80000cd4:  f5ae              sd                      a1,232(sp)
0x80000cd6:  e115              bnez                    a0,36                   # 0x80000cfa

----------------
IN: main
0x80000cd8:  a809              j                       18                      # 0x80000cea

----------------
IN: main
0x80000cea:  75ae              ld                      a1,232(sp)
0x80000cec:  00559513          slli                    a0,a1,5
0x80000cf0:  e5aa              sd                      a0,200(sp)
0x80000cf2:  8115              srli                    a0,a0,5
0x80000cf4:  2ab51363          bne                     a0,a1,678               # 0x80000f9a

----------------
IN: main
0x80000cf8:  a809              j                       18                      # 0x80000d0a

----------------
IN: main
0x80000d0a:  66ae              ld                      a3,200(sp)
0x80000d0c:  0000e517          auipc                   a0,14                   # 0x8000ed0c
0x80000d10:  2f450513          addi                    a0,a0,756
0x80000d14:  f52a              sd                      a0,168(sp)
0x80000d16:  4585              addi                    a1,zero,1
0x80000d18:  fcae              sd                      a1,120(sp)
0x80000d1a:  01f59613          slli                    a2,a1,31
0x80000d1e:  4739              addi                    a4,zero,14
0x80000d20:  85b2              mv                      a1,a2
0x80000d22:  00001097          auipc                   ra,1                    # 0x80001d22
0x80000d26:  40c080e7          jalr                    ra,ra,1036

----------------
IN: _RNvNtCsb0QcX9fjLSJ_6tritan6kalloc8mappages
0x800021d6:  a809              j                       18                      # 0x800021e8

----------------
IN: _RNvNtCsb0QcX9fjLSJ_6tritan6kalloc8mappages
0x800021e8:  7542              ld                      a0,48(sp)
0x800021ea:  e52a              sd                      a0,136(sp)
0x800021ec:  6585              lui                     a1,1
0x800021ee:  e92e              sd                      a1,144(sp)
0x800021f0:  952e              add                     a0,a0,a1
0x800021f2:  f82a              sd                      a0,48(sp)
0x800021f4:  7562              ld                      a0,56(sp)
0x800021f6:  fcaa              sd                      a0,120(sp)
0x800021f8:  e12e              sd                      a1,128(sp)
0x800021fa:  952e              add                     a0,a0,a1
0x800021fc:  fc2a              sd                      a0,56(sp)
0x800021fe:  b795              j                       -156                    # 0x80002162

----------------
IN: _RNvNtCsb0QcX9fjLSJ_6tritan6kalloc4walk
0x80001e50:  7502              ld                      a0,32(sp)
0x80001e52:  8129              srli                    a0,a0,10
0x80001e54:  0532              slli                    a0,a0,12
0x80001e56:  f4aa              sd                      a0,104(sp)
0x80001e58:  bdd5              j                       -268                    # 0x80001d4c

----------------
IN: main
0x80000d2a:  752a              ld                      a0,168(sp)
0x80000d2c:  00008597          auipc                   a1,8                    # 0x80008d2c
0x80000d30:  2d458613          addi                    a2,a1,724
0x80000d34:  040005b7          lui                     a1,16384
0x80000d38:  15fd              addi                    a1,a1,-1
0x80000d3a:  05b2              slli                    a1,a1,12
0x80000d3c:  6685              lui                     a3,1
0x80000d3e:  f136              sd                      a3,160(sp)
0x80000d40:  4729              addi                    a4,zero,10
0x80000d42:  00001097          auipc                   ra,1                    # 0x80001d42
0x80000d46:  3ec080e7          jalr                    ra,ra,1004

----------------
IN: main
0x80000d4a:  752a              ld                      a0,168(sp)
0x80000d4c:  8131              srli                    a0,a0,12
0x80000d4e:  55fd              addi                    a1,zero,-1
0x80000d50:  15fe              slli                    a1,a1,63
0x80000d52:  fd2e              sd                      a1,184(sp)
0x80000d54:  8d4d              or                      a0,a0,a1
0x80000d56:  e12a              sd                      a0,128(sp)
0x80000d58:  f32a              sd                      a0,416(sp)
0x80000d5a:  fffff097          auipc                   ra,-1                   # 0x7ffffd5a
0x80000d5e:  376080e7          jalr                    ra,ra,886

----------------
IN: _RNvNtNtCs5h6NZYnWsRP_5riscv8register7sstatus4readCsb0QcX9fjLSJ_6tritan
0x800000d0:  7159              addi                    sp,sp,-112
0x800000d2:  10002573          csrrs                   a0,sstatus,zero

----------------
IN: _RNvNtNtCs5h6NZYnWsRP_5riscv8register7sstatus4readCsb0QcX9fjLSJ_6tritan
0x800000d6:  f4aa              sd                      a0,104(sp)
0x800000d8:  7526              ld                      a0,104(sp)
0x800000da:  ec2a              sd                      a0,24(sp)
0x800000dc:  4599              addi                    a1,zero,6
0x800000de:  e82e              sd                      a1,16(sp)
0x800000e0:  6542              ld                      a0,16(sp)
0x800000e2:  04b50063          beq                     a0,a1,64                # 0x80000122

----------------
IN: _RNvNtNtCs5h6NZYnWsRP_5riscv8register7sstatus4readCsb0QcX9fjLSJ_6tritan
0x80000122:  6562              ld                      a0,24(sp)
0x80000124:  f0aa              sd                      a0,96(sp)
0x80000126:  e42a              sd                      a0,8(sp)
0x80000128:  6522              ld                      a0,8(sp)
0x8000012a:  6165              addi                    sp,sp,112
0x8000012c:  8082              ret                     

----------------
IN: main
0x80000d62:  75e6              ld                      a1,120(sp)
0x80000d64:  f72a              sd                      a0,424(sp)
0x80000d66:  753a              ld                      a0,424(sp)
0x80000d68:  f62a              sd                      a0,296(sp)
0x80000d6a:  1228              addi                    a0,sp,296
0x80000d6c:  fffff097          auipc                   ra,-1                   # 0x7ffffd6c
0x80000d70:  33e080e7          jalr                    ra,ra,830

----------------
IN: _RNvMss_NtNtCs5h6NZYnWsRP_5riscv8register7sstatusNtB5_7Sstatus7set_sumCsb0QcX9fjLSJ_6tritan
0x800000aa:  1101              addi                    sp,sp,-32
0x800000ac:  ec06              sd                      ra,24(sp)
0x800000ae:  86ae              mv                      a3,a1
0x800000b0:  e02a              sd                      a0,0(sp)
0x800000b2:  e42a              sd                      a0,8(sp)
0x800000b4:  00d10ba3          sb                      a3,23(sp)
0x800000b8:  6108              ld                      a0,0(a0)
0x800000ba:  45c9              addi                    a1,zero,18
0x800000bc:  4605              addi                    a2,zero,1
0x800000be:  00003097          auipc                   ra,3                    # 0x800030be
0x800000c2:  36a080e7          jalr                    ra,ra,874

----------------
IN: _RNvNtCs5h6NZYnWsRP_5riscv4bits9bf_insertCsb0QcX9fjLSJ_6tritan
0x80003428:  711d              addi                    sp,sp,-96
0x8000342a:  ec36              sd                      a3,24(sp)
0x8000342c:  f032              sd                      a2,32(sp)
0x8000342e:  f42e              sd                      a1,40(sp)
0x80003430:  f82a              sd                      a0,48(sp)
0x80003432:  fc2a              sd                      a0,56(sp)
0x80003434:  e0ae              sd                      a1,64(sp)
0x80003436:  e4b2              sd                      a2,72(sp)
0x80003438:  e8b6              sd                      a3,80(sp)
0x8000343a:  03f00513          addi                    a0,zero,63
0x8000343e:  00c56c63          bgtu                    a2,a0,24                # 0x80003456

----------------
IN: _RNvNtCs5h6NZYnWsRP_5riscv4bits9bf_insertCsb0QcX9fjLSJ_6tritan
0x80003442:  a009              j                       2                       # 0x80003444

----------------
IN: _RNvNtCs5h6NZYnWsRP_5riscv4bits9bf_insertCsb0QcX9fjLSJ_6tritan
0x80003444:  7582              ld                      a1,32(sp)
0x80003446:  4505              addi                    a0,zero,1
0x80003448:  00b51533          sll                     a0,a0,a1
0x8000344c:  fff50593          addi                    a1,a0,-1
0x80003450:  e82e              sd                      a1,16(sp)
0x80003452:  c115              beqz                    a0,36                   # 0x80003476

----------------
IN: _RNvNtCs5h6NZYnWsRP_5riscv4bits9bf_insertCsb0QcX9fjLSJ_6tritan
0x80003454:  a809              j                       18                      # 0x80003466

----------------
IN: _RNvNtCs5h6NZYnWsRP_5riscv4bits9bf_insertCsb0QcX9fjLSJ_6tritan
0x80003466:  7522              ld                      a0,40(sp)
0x80003468:  65c2              ld                      a1,16(sp)
0x8000346a:  ecae              sd                      a1,88(sp)
0x8000346c:  04000593          addi                    a1,zero,64
0x80003470:  00b56b63          bgtu                    a1,a0,22                # 0x80003486

----------------
IN: _RNvNtCs5h6NZYnWsRP_5riscv4bits9bf_insertCsb0QcX9fjLSJ_6tritan
0x80003486:  7522              ld                      a0,40(sp)
0x80003488:  65e2              ld                      a1,24(sp)
0x8000348a:  6642              ld                      a2,16(sp)
0x8000348c:  76c2              ld                      a3,48(sp)
0x8000348e:  00a61733          sll                     a4,a2,a0
0x80003492:  fff74713          not                     a4,a4
0x80003496:  8ef9              and                     a3,a3,a4
0x80003498:  e036              sd                      a3,0(sp)
0x8000349a:  8df1              and                     a1,a1,a2
0x8000349c:  e42e              sd                      a1,8(sp)
0x8000349e:  04000593          addi                    a1,zero,64
0x800034a2:  00b56b63          bgtu                    a1,a0,22                # 0x800034b8

----------------
IN: _RNvNtCs5h6NZYnWsRP_5riscv4bits9bf_insertCsb0QcX9fjLSJ_6tritan
0x800034b8:  6502              ld                      a0,0(sp)
0x800034ba:  65a2              ld                      a1,8(sp)
0x800034bc:  7622              ld                      a2,40(sp)
0x800034be:  00c595b3          sll                     a1,a1,a2
0x800034c2:  8d4d              or                      a0,a0,a1
0x800034c4:  6125              addi                    sp,sp,96
0x800034c6:  8082              ret                     

----------------
IN: _RNvMss_NtNtCs5h6NZYnWsRP_5riscv8register7sstatusNtB5_7Sstatus7set_sumCsb0QcX9fjLSJ_6tritan
0x800000c6:  6582              ld                      a1,0(sp)
0x800000c8:  e188              sd                      a0,0(a1)
0x800000ca:  60e2              ld                      ra,24(sp)
0x800000cc:  6105              addi                    sp,sp,32
0x800000ce:  8082              ret                     

----------------
IN: main
0x80000d74:  7532              ld                      a0,296(sp)
0x80000d76:  fa2a              sd                      a0,304(sp)
0x80000d78:  7552              ld                      a0,304(sp)
0x80000d7a:  fb2a              sd                      a0,432(sp)
0x80000d7c:  755a              ld                      a0,432(sp)
0x80000d7e:  fffff097          auipc                   ra,-1                   # 0x7ffffd7e
0x80000d82:  3b0080e7          jalr                    ra,ra,944

----------------
IN: _RNvNtNtCs5h6NZYnWsRP_5riscv8register7sstatus5writeCsb0QcX9fjLSJ_6tritan
0x8000012e:  7159              addi                    sp,sp,-112
0x80000130:  e42a              sd                      a0,8(sp)
0x80000132:  6522              ld                      a0,8(sp)
0x80000134:  e02a              sd                      a0,0(sp)
0x80000136:  6502              ld                      a0,0(sp)
0x80000138:  fc2a              sd                      a0,56(sp)
0x8000013a:  f4aa              sd                      a0,104(sp)
0x8000013c:  10051073          csrrw                   zero,sstatus,a0

----------------
IN: _RNvNtNtCs5h6NZYnWsRP_5riscv8register7sstatus5writeCsb0QcX9fjLSJ_6tritan
0x80000140:  4599              addi                    a1,zero,6
0x80000142:  e82e              sd                      a1,16(sp)
0x80000144:  6542              ld                      a0,16(sp)
0x80000146:  04b50063          beq                     a0,a1,64                # 0x80000186

----------------
IN: _RNvNtNtCs5h6NZYnWsRP_5riscv8register7sstatus5writeCsb0QcX9fjLSJ_6tritan
0x80000186:  6165              addi                    sp,sp,112
0x80000188:  8082              ret                     

----------------
IN: main
0x80000d86:  650a              ld                      a0,128(sp)
0x80000d88:  0330000f          fence                   rw,rw
0x80000d8c:  12000073          sfence.vma              zero,zero
0x80000d90:  00004097          auipc                   ra,4                    # 0x80004d90
0x80000d94:  bfa080e7          jalr                    ra,ra,-1030

----------------
IN: _RNvMNtNtCs5h6NZYnWsRP_5riscv8register4satpNtB2_4Satp9from_bits
0x8000498a:  1141              addi                    sp,sp,-16
0x8000498c:  e42a              sd                      a0,8(sp)
0x8000498e:  e02a              sd                      a0,0(sp)
0x80004990:  6502              ld                      a0,0(sp)
0x80004992:  0141              addi                    sp,sp,16
0x80004994:  8082              ret                     

----------------
IN: main
0x80000d98:  ff2a              sd                      a0,440(sp)
0x80000d9a:  757a              ld                      a0,440(sp)
0x80000d9c:  fe2a              sd                      a0,312(sp)
0x80000d9e:  7572              ld                      a0,312(sp)
0x80000da0:  e3aa              sd                      a0,448(sp)
0x80000da2:  651e              ld                      a0,448(sp)
0x80000da4:  00003097          auipc                   ra,3                    # 0x80003da4
0x80000da8:  4fe080e7          jalr                    ra,ra,1278

----------------
IN: _RNvNtNtCs5h6NZYnWsRP_5riscv8register4satp5writeCsb0QcX9fjLSJ_6tritan
0x800042a2:  7159              addi                    sp,sp,-112
0x800042a4:  e42a              sd                      a0,8(sp)
0x800042a6:  6522              ld                      a0,8(sp)
0x800042a8:  e02a              sd                      a0,0(sp)
0x800042aa:  6502              ld                      a0,0(sp)
0x800042ac:  fc2a              sd                      a0,56(sp)
0x800042ae:  f4aa              sd                      a0,104(sp)
0x800042b0:  18051073          csrrw                   zero,satp,a0

----------------
IN: _RNvNtNtCs5h6NZYnWsRP_5riscv8register4satp5writeCsb0QcX9fjLSJ_6tritan
0x800042b4:  4599              addi                    a1,zero,6
0x800042b6:  e82e              sd                      a1,16(sp)
0x800042b8:  6542              ld                      a0,16(sp)
0x800042ba:  04b50063          beq                     a0,a1,64                # 0x800042fa

----------------
IN: _RNvNtNtCs5h6NZYnWsRP_5riscv8register4satp5writeCsb0QcX9fjLSJ_6tritan
0x800042fa:  6165              addi                    sp,sp,112
0x800042fc:  8082              ret                     

----------------
IN: main
0x80000dac:  12000073          sfence.vma              zero,zero
0x80000db0:  0000100f          fence.i                 

----------------
IN: main
0x80000db4:  0000a517          auipc                   a0,10                   # 0x8000adb4
0x80000db8:  4dc50513          addi                    a0,a0,1244
0x80000dbc:  45e1              addi                    a1,zero,24
0x80000dbe:  00001097          auipc                   ra,1                    # 0x80001dbe
0x80000dc2:  d30080e7          jalr                    ra,ra,-720

----------------
IN: _RNvMs2_NtCs4Hpn15vVByi_4core3fmtNtB5_9Arguments17from_str_nonconstCsb0QcX9fjLSJ_6tritan
0x80001aee:  1101              addi                    sp,sp,-32
0x80001af0:  ec06              sd                      ra,24(sp)
0x80001af2:  e42a              sd                      a0,8(sp)
0x80001af4:  e82e              sd                      a1,16(sp)
0x80001af6:  00000097          auipc                   ra,0                    # 0x80001af6
0x80001afa:  09e080e7          jalr                    ra,ra,158

----------------
IN: _RNvMs4_NtCs4Hpn15vVByi_4core3fmtNtB5_9Arguments8from_strCsb0QcX9fjLSJ_6tritan
0x80001b94:  1141              addi                    sp,sp,-16
0x80001b96:  e02a              sd                      a0,0(sp)
0x80001b98:  e42e              sd                      a1,8(sp)
0x80001b9a:  0586              slli                    a1,a1,1
0x80001b9c:  0585              addi                    a1,a1,1
0x80001b9e:  0141              addi                    sp,sp,16
0x80001ba0:  8082              ret                     

----------------
IN: _RNvMs2_NtCs4Hpn15vVByi_4core3fmtNtB5_9Arguments17from_str_nonconstCsb0QcX9fjLSJ_6tritan
0x80001afe:  60e2              ld                      ra,24(sp)
0x80001b00:  6105              addi                    sp,sp,32
0x80001b02:  8082              ret                     

----------------
IN: main
0x80000dc6:  00003097          auipc                   ra,3                    # 0x80003dc6
0x80000dca:  766080e7          jalr                    ra,ra,1894

----------------
IN: _RNvNtCsb0QcX9fjLSJ_6tritan7console6__print
0x8000452c:  7135              addi                    sp,sp,-160
0x8000452e:  ed06              sd                      ra,152(sp)
0x80004530:  e02e              sd                      a1,0(sp)
0x80004532:  e42a              sd                      a0,8(sp)
0x80004534:  f02a              sd                      a0,32(sp)
0x80004536:  f42e              sd                      a1,40(sp)
0x80004538:  0000c517          auipc                   a0,12                   # 0x80010538
0x8000453c:  ac850513          addi                    a0,a0,-1336
0x80004540:  fc2a              sd                      a0,56(sp)
0x80004542:  e8aa              sd                      a0,80(sp)
0x80004544:  a009              j                       2                       # 0x80004546

----------------
IN: _RNvNtCsb0QcX9fjLSJ_6tritan7console6__print
0x80004546:  0000c517          auipc                   a0,12                   # 0x80010546
0x8000454a:  aba50513          addi                    a0,a0,-1350
0x8000454e:  e12a              sd                      a0,128(sp)
0x80004550:  4605              addi                    a2,zero,1
0x80004552:  4689              addi                    a3,zero,2
0x80004554:  4701              mv                      a4,zero
0x80004556:  85ba              mv                      a1,a4
0x80004558:  ffffd097          auipc                   ra,-3                   # 0x80001558
0x8000455c:  2c6080e7          jalr                    ra,ra,710

----------------
IN: _RNvMs3_NtNtCs4Hpn15vVByi_4core4sync6atomicNtB5_10AtomicBool21compare_exchange_weakCsb0QcX9fjLSJ_6tritan
0x8000181e:  1101              addi                    sp,sp,-32
0x80001820:  ec06              sd                      ra,24(sp)
0x80001822:  e42a              sd                      a0,8(sp)
0x80001824:  00b10a23          sb                      a1,20(sp)
0x80001828:  00c10aa3          sb                      a2,21(sp)
0x8000182c:  00d10b23          sb                      a3,22(sp)
0x80001830:  00e10ba3          sb                      a4,23(sp)
0x80001834:  00000097          auipc                   ra,0                    # 0x80001834
0x80001838:  d32080e7          jalr                    ra,ra,-718

----------------
IN: _RNvMs3_NtNtCs4Hpn15vVByi_4core4sync6atomicNtB5_10AtomicBool16compare_exchangeCsb0QcX9fjLSJ_6tritan
0x80001566:  7119              addi                    sp,sp,-128
0x80001568:  fc86              sd                      ra,120(sp)
0x8000156a:  e42a              sd                      a0,8(sp)
0x8000156c:  87ba              mv                      a5,a4
0x8000156e:  e83e              sd                      a5,16(sp)
0x80001570:  87b2              mv                      a5,a2
0x80001572:  ec3e              sd                      a5,24(sp)
0x80001574:  87ae              mv                      a5,a1
0x80001576:  f03e              sd                      a5,32(sp)
0x80001578:  e4aa              sd                      a0,72(sp)
0x8000157a:  04b10923          sb                      a1,82(sp)
0x8000157e:  04c109a3          sb                      a2,83(sp)
0x80001582:  04d10a23          sb                      a3,84(sp)
0x80001586:  04e10aa3          sb                      a4,85(sp)
0x8000158a:  4501              mv                      a0,zero
0x8000158c:  04a10b23          sb                      a0,86(sp)
0x80001590:  04a10ba3          sb                      a0,87(sp)
0x80001594:  8536              mv                      a0,a3
0x80001596:  f42a              sd                      a0,40(sp)
0x80001598:  4511              addi                    a0,zero,4
0x8000159a:  00a69763          bne                     a3,a0,14                # 0x800015a8

----------------
IN: _RNvMs3_NtNtCs4Hpn15vVByi_4core4sync6atomicNtB5_10AtomicBool16compare_exchangeCsb0QcX9fjLSJ_6tritan
0x800015a8:  6542              ld                      a0,16(sp)
0x800015aa:  0ff57513          andi                    a0,a0,255
0x800015ae:  e02a              sd                      a0,0(sp)
0x800015b0:  4591              addi                    a1,zero,4
0x800015b2:  02b50063          beq                     a0,a1,32                # 0x800015d2

----------------
IN: _RNvMs3_NtNtCs4Hpn15vVByi_4core4sync6atomicNtB5_10AtomicBool16compare_exchangeCsb0QcX9fjLSJ_6tritan
0x800015b6:  a015              j                       36                      # 0x800015da

----------------
IN: _RNvMs3_NtNtCs4Hpn15vVByi_4core4sync6atomicNtB5_10AtomicBool16compare_exchangeCsb0QcX9fjLSJ_6tritan
0x800015da:  7522              ld                      a0,40(sp)
0x800015dc:  458d              addi                    a1,zero,3
0x800015de:  04b50763          beq                     a0,a1,78                # 0x8000162c

----------------
IN: _RNvMs3_NtNtCs4Hpn15vVByi_4core4sync6atomicNtB5_10AtomicBool16compare_exchangeCsb0QcX9fjLSJ_6tritan
0x800015e2:  a889              j                       82                      # 0x80001634

----------------
IN: _RNvMs3_NtNtCs4Hpn15vVByi_4core4sync6atomicNtB5_10AtomicBool16compare_exchangeCsb0QcX9fjLSJ_6tritan
0x80001634:  6502              ld                      a0,0(sp)
0x80001636:  4589              addi                    a1,zero,2
0x80001638:  02b50a63          beq                     a0,a1,52                # 0x8000166c

----------------
IN: _RNvMs3_NtNtCs4Hpn15vVByi_4core4sync6atomicNtB5_10AtomicBool16compare_exchangeCsb0QcX9fjLSJ_6tritan
0x8000163c:  a009              j                       2                       # 0x8000163e

----------------
IN: _RNvMs3_NtNtCs4Hpn15vVByi_4core4sync6atomicNtB5_10AtomicBool16compare_exchangeCsb0QcX9fjLSJ_6tritan
0x8000163e:  6502              ld                      a0,0(sp)
0x80001640:  458d              addi                    a1,zero,3
0x80001642:  02b50a63          beq                     a0,a1,52                # 0x80001676

----------------
IN: _RNvMs3_NtNtCs4Hpn15vVByi_4core4sync6atomicNtB5_10AtomicBool16compare_exchangeCsb0QcX9fjLSJ_6tritan
0x80001646:  a831              j                       28                      # 0x80001662

----------------
IN: _RNvMs3_NtNtCs4Hpn15vVByi_4core4sync6atomicNtB5_10AtomicBool16compare_exchangeCsb0QcX9fjLSJ_6tritan
0x80001662:  7522              ld                      a0,40(sp)
0x80001664:  4589              addi                    a1,zero,2
0x80001666:  06b50463          beq                     a0,a1,104               # 0x800016ce

----------------
IN: _RNvMs3_NtNtCs4Hpn15vVByi_4core4sync6atomicNtB5_10AtomicBool16compare_exchangeCsb0QcX9fjLSJ_6tritan
0x800016ce:  4509              addi                    a0,zero,2
0x800016d0:  02a10a23          sb                      a0,52(sp)
0x800016d4:  a831              j                       28                      # 0x800016f0

----------------
IN: _RNvMs3_NtNtCs4Hpn15vVByi_4core4sync6atomicNtB5_10AtomicBool16compare_exchangeCsb0QcX9fjLSJ_6tritan
0x800016f0:  7502              ld                      a0,32(sp)
0x800016f2:  65e2              ld                      a1,24(sp)
0x800016f4:  8d2d              xor                     a0,a0,a1
0x800016f6:  fff54513          not                     a0,a0
0x800016fa:  8905              andi                    a0,a0,1
0x800016fc:  02a10b23          sb                      a0,54(sp)
0x80001700:  03614503          lbu                     a0,54(sp)
0x80001704:  8905              andi                    a0,a0,1
0x80001706:  ed45              bnez                    a0,184                  # 0x800017be

----------------
IN: _RNvMs3_NtNtCs4Hpn15vVByi_4core4sync6atomicNtB5_10AtomicBool16compare_exchangeCsb0QcX9fjLSJ_6tritan
0x80001708:  bdf1              j                       -292                    # 0x800015e4

----------------
IN: _RNvMs3_NtNtCs4Hpn15vVByi_4core4sync6atomicNtB5_10AtomicBool16compare_exchangeCsb0QcX9fjLSJ_6tritan
0x800015e4:  6522              ld                      a0,8(sp)
0x800015e6:  65e2              ld                      a1,24(sp)
0x800015e8:  03414603          lbu                     a2,52(sp)
0x800015ec:  8985              andi                    a1,a1,1
0x800015ee:  00000097          auipc                   ra,0                    # 0x800015ee
0x800015f2:  274080e7          jalr                    ra,ra,628

----------------
IN: _RNvMs3_NtNtCs4Hpn15vVByi_4core4sync6atomicNtB5_10AtomicBool4swapCsb0QcX9fjLSJ_6tritan
0x80001862:  715d              addi                    sp,sp,-80
0x80001864:  ec2a              sd                      a0,24(sp)
0x80001866:  86b2              mv                      a3,a2
0x80001868:  f036              sd                      a3,32(sp)
0x8000186a:  f82a              sd                      a0,48(sp)
0x8000186c:  02b10d23          sb                      a1,58(sp)
0x80001870:  02c10da3          sb                      a2,59(sp)
0x80001874:  4505              addi                    a0,zero,1
0x80001876:  02a10e23          sb                      a0,60(sp)
0x8000187a:  02a10ea3          sb                      a0,61(sp)
0x8000187e:  4501              mv                      a0,zero
0x80001880:  02a10f23          sb                      a0,62(sp)
0x80001884:  02a10fa3          sb                      a0,63(sp)
0x80001888:  e195              bnez                    a1,36                   # 0x800018ac

----------------
IN: _RNvMs3_NtNtCs4Hpn15vVByi_4core4sync6atomicNtB5_10AtomicBool4swapCsb0QcX9fjLSJ_6tritan
0x800018ac:  7502              ld                      a0,32(sp)
0x800018ae:  65e2              ld                      a1,24(sp)
0x800018b0:  e4ae              sd                      a1,72(sp)
0x800018b2:  0ff57513          andi                    a0,a0,255
0x800018b6:  e42a              sd                      a0,8(sp)
0x800018b8:  6522              ld                      a0,8(sp)
0x800018ba:  00351593          slli                    a1,a0,3
0x800018be:  0000a517          auipc                   a0,10                   # 0x8000b8be
0x800018c2:  c5250513          addi                    a0,a0,-942
0x800018c6:  952e              add                     a0,a0,a1
0x800018c8:  6108              ld                      a0,0(a0)
0x800018ca:  8502              jr                      a0

----------------
IN: _RNvMs3_NtNtCs4Hpn15vVByi_4core4sync6atomicNtB5_10AtomicBool4swapCsb0QcX9fjLSJ_6tritan
0x800019d4:  6562              ld                      a0,24(sp)
0x800019d6:  ffc57613          andi                    a2,a0,-4
0x800019da:  0035159b          slliw                   a1,a0,3
0x800019de:  4505              addi                    a0,zero,1
0x800019e0:  00b5153b          sllw                    a0,a0,a1
0x800019e4:  44a6252f          amoor.w.aq              a0,a0,(a2)
0x800019e8:  00b5553b          srlw                    a0,a0,a1
0x800019ec:  02a10723          sb                      a0,46(sp)
0x800019f0:  a83d              j                       62                      # 0x80001a2e

----------------
IN: _RNvMs3_NtNtCs4Hpn15vVByi_4core4sync6atomicNtB5_10AtomicBool4swapCsb0QcX9fjLSJ_6tritan
0x80001a2e:  02e14503          lbu                     a0,46(sp)
0x80001a32:  00a03533          snez                    a0,a0
0x80001a36:  02a106a3          sb                      a0,45(sp)
0x80001a3a:  bf99              j                       -170                    # 0x80001990

----------------
IN: _RNvMs3_NtNtCs4Hpn15vVByi_4core4sync6atomicNtB5_10AtomicBool4swapCsb0QcX9fjLSJ_6tritan
0x80001990:  02d14503          lbu                     a0,45(sp)
0x80001994:  6161              addi                    sp,sp,80
0x80001996:  8082              ret                     

----------------
IN: _RNvMs3_NtNtCs4Hpn15vVByi_4core4sync6atomicNtB5_10AtomicBool16compare_exchangeCsb0QcX9fjLSJ_6tritan
0x800015f6:  02a10aa3          sb                      a0,53(sp)
0x800015fa:  a2dd              j                       486                     # 0x800017e0

----------------
IN: _RNvMs3_NtNtCs4Hpn15vVByi_4core4sync6atomicNtB5_10AtomicBool16compare_exchangeCsb0QcX9fjLSJ_6tritan
0x800017e0:  7582              ld                      a1,32(sp)
0x800017e2:  03514503          lbu                     a0,53(sp)
0x800017e6:  8905              andi                    a0,a0,1
0x800017e8:  8985              andi                    a1,a1,1
0x800017ea:  00b50b63          beq                     a0,a1,22                # 0x80001800

----------------
IN: _RNvMs3_NtNtCs4Hpn15vVByi_4core4sync6atomicNtB5_10AtomicBool16compare_exchangeCsb0QcX9fjLSJ_6tritan
0x80001800:  03514503          lbu                     a0,53(sp)
0x80001804:  02a109a3          sb                      a0,51(sp)
0x80001808:  4501              mv                      a0,zero
0x8000180a:  02a10923          sb                      a0,50(sp)
0x8000180e:  a009              j                       2                       # 0x80001810

----------------
IN: _RNvMs3_NtNtCs4Hpn15vVByi_4core4sync6atomicNtB5_10AtomicBool16compare_exchangeCsb0QcX9fjLSJ_6tritan
0x80001810:  03214503          lbu                     a0,50(sp)
0x80001814:  03314583          lbu                     a1,51(sp)
0x80001818:  70e6              ld                      ra,120(sp)
0x8000181a:  6109              addi                    sp,sp,128
0x8000181c:  8082              ret                     

----------------
IN: _RNvMs3_NtNtCs4Hpn15vVByi_4core4sync6atomicNtB5_10AtomicBool21compare_exchange_weakCsb0QcX9fjLSJ_6tritan
0x8000183c:  60e2              ld                      ra,24(sp)
0x8000183e:  6105              addi                    sp,sp,32
0x80001840:  8082              ret                     

----------------
IN: _RNvNtCsb0QcX9fjLSJ_6tritan7console6__print
0x80004560:  8905              andi                    a0,a0,1
0x80004562:  06a10f23          sb                      a0,126(sp)
0x80004566:  06b10fa3          sb                      a1,127(sp)
0x8000456a:  07e10513          addi                    a0,sp,126
0x8000456e:  fffff097          auipc                   ra,-1                   # 0x8000356e
0x80004572:  3dc080e7          jalr                    ra,ra,988

----------------
IN: _RNvMNtCs4Hpn15vVByi_4core6resultINtB2_6ResultbbE5is_okCsb0QcX9fjLSJ_6tritan
0x8000394a:  1141              addi                    sp,sp,-16
0x8000394c:  e42a              sd                      a0,8(sp)
0x8000394e:  00054503          lbu                     a0,0(a0)
0x80003952:  fff54513          not                     a0,a0
0x80003956:  8905              andi                    a0,a0,1
0x80003958:  0141              addi                    sp,sp,16
0x8000395a:  8082              ret                     

----------------
IN: _RNvNtCsb0QcX9fjLSJ_6tritan7console6__print
0x80004576:  e509              bnez                    a0,10                   # 0x80004580

----------------
IN: _RNvNtCsb0QcX9fjLSJ_6tritan7console6__print
0x80004580:  0000c517          auipc                   a0,12                   # 0x80010580
0x80004584:  a8050593          addi                    a1,a0,-1408
0x80004588:  00858513          addi                    a0,a1,8
0x8000458c:  e92a              sd                      a0,144(sp)
0x8000458e:  f4ae              sd                      a1,104(sp)
0x80004590:  f8aa              sd                      a0,112(sp)
0x80004592:  a009              j                       2                       # 0x80004594

----------------
IN: _RNvNtCsb0QcX9fjLSJ_6tritan7console6__print
0x80004594:  75a6              ld                      a1,104(sp)
0x80004596:  7546              ld                      a0,112(sp)
0x80004598:  e0ae              sd                      a1,64(sp)
0x8000459a:  e4aa              sd                      a0,72(sp)
0x8000459c:  6506              ld                      a0,64(sp)
0x8000459e:  e11d              bnez                    a0,38                   # 0x800045c4

----------------
IN: _RNvNtCsb0QcX9fjLSJ_6tritan7console6__print
0x800045c4:  6586              ld                      a1,64(sp)
0x800045c6:  6526              ld                      a0,72(sp)
0x800045c8:  ecae              sd                      a1,88(sp)
0x800045ca:  f0aa              sd                      a0,96(sp)
0x800045cc:  e82e              sd                      a1,16(sp)
0x800045ce:  ec2a              sd                      a0,24(sp)
0x800045d0:  0808              addi                    a0,sp,16
0x800045d2:  fffff097          auipc                   ra,-1                   # 0x800035d2
0x800045d6:  f2e080e7          jalr                    ra,ra,-210

----------------
IN: _RNvXsa_NtCsek73zhQAbPJ_4spin5mutexINtB5_10MutexGuardNtNtCsb0QcX9fjLSJ_6tritan7console4UartENtNtNtCs4Hpn15vVByi_4core3ops5deref8DerefMut9deref_mutBS_
0x80003500:  1141              addi                    sp,sp,-16
0x80003502:  e406              sd                      ra,8(sp)
0x80003504:  e02a              sd                      a0,0(sp)
0x80003506:  00000097          auipc                   ra,0                    # 0x80003506
0x8000350a:  510080e7          jalr                    ra,ra,1296

----------------
IN: _RNvXsc_NtNtCsek73zhQAbPJ_4spin5mutex4spinINtB5_14SpinMutexGuardNtNtCsb0QcX9fjLSJ_6tritan7console4UartENtNtNtCs4Hpn15vVByi_4core3ops5deref8DerefMut9deref_mutB13_
0x80003a16:  1141              addi                    sp,sp,-16
0x80003a18:  e42a              sd                      a0,8(sp)
0x80003a1a:  6508              ld                      a0,8(a0)
0x80003a1c:  0141              addi                    sp,sp,16
0x80003a1e:  8082              ret                     

----------------
IN: _RNvXsa_NtCsek73zhQAbPJ_4spin5mutexINtB5_10MutexGuardNtNtCsb0QcX9fjLSJ_6tritan7console4UartENtNtNtCs4Hpn15vVByi_4core3ops5deref8DerefMut9deref_mutBS_
0x8000350e:  60a2              ld                      ra,8(sp)
0x80003510:  0141              addi                    sp,sp,16
0x80003512:  8082              ret                     

----------------
IN: _RNvNtCsb0QcX9fjLSJ_6tritan7console6__print
0x800045da:  65a2              ld                      a1,8(sp)
0x800045dc:  6602              ld                      a2,0(sp)
0x800045de:  fffff097          auipc                   ra,-1                   # 0x800035de
0x800045e2:  bea080e7          jalr                    ra,ra,-1046

----------------
IN: _RNvYNtNtCsb0QcX9fjLSJ_6tritan7console4UartNtNtCs4Hpn15vVByi_4core3fmt5Write9write_fmtB6_
0x800031c8:  1101              addi                    sp,sp,-32
0x800031ca:  ec06              sd                      ra,24(sp)
0x800031cc:  e02a              sd                      a0,0(sp)
0x800031ce:  e42e              sd                      a1,8(sp)
0x800031d0:  e832              sd                      a2,16(sp)
0x800031d2:  00000097          auipc                   ra,0                    # 0x800031d2
0x800031d6:  f58080e7          jalr                    ra,ra,-168

----------------
IN: _RNvXs_NvNtNtCs4Hpn15vVByi_4core3fmt5Write9write_fmtQNtNtCsb0QcX9fjLSJ_6tritan7console4UartNtB4_12SpecWriteFmt14spec_write_fmtBS_
0x8000312a:  715d              addi                    sp,sp,-80
0x8000312c:  e486              sd                      ra,72(sp)
0x8000312e:  e02a              sd                      a0,0(sp)
0x80003130:  e42e              sd                      a1,8(sp)
0x80003132:  e832              sd                      a2,16(sp)
0x80003134:  f82a              sd                      a0,48(sp)
0x80003136:  0028              addi                    a0,sp,8
0x80003138:  fffff097          auipc                   ra,-1                   # 0x80002138
0x8000313c:  9cc080e7          jalr                    ra,ra,-1588

----------------
IN: _RNvMs4_NtCs4Hpn15vVByi_4core3fmtNtB5_9Arguments23as_statically_known_strCsb0QcX9fjLSJ_6tritan
0x80001b04:  7119              addi                    sp,sp,-128
0x80001b06:  fc86              sd                      ra,120(sp)
0x80001b08:  ec2a              sd                      a0,24(sp)
0x80001b0a:  fc2a              sd                      a0,56(sp)
0x80001b0c:  6508              ld                      a0,8(a0)
0x80001b0e:  f02a              sd                      a0,32(sp)
0x80001b10:  e0aa              sd                      a0,64(sp)
0x80001b12:  8905              andi                    a0,a0,1
0x80001b14:  cd01              beqz                    a0,24                   # 0x80001b2c

----------------
IN: _RNvMs4_NtCs4Hpn15vVByi_4core3fmtNtB5_9Arguments23as_statically_known_strCsb0QcX9fjLSJ_6tritan
0x80001b16:  a009              j                       2                       # 0x80001b18

----------------
IN: _RNvMs4_NtCs4Hpn15vVByi_4core3fmtNtB5_9Arguments23as_statically_known_strCsb0QcX9fjLSJ_6tritan
0x80001b18:  7502              ld                      a0,32(sp)
0x80001b1a:  65e2              ld                      a1,24(sp)
0x80001b1c:  618c              ld                      a1,0(a1)
0x80001b1e:  e42e              sd                      a1,8(sp)
0x80001b20:  e4ae              sd                      a1,72(sp)
0x80001b22:  e8ae              sd                      a1,80(sp)
0x80001b24:  8105              srli                    a0,a0,1
0x80001b26:  e82a              sd                      a0,16(sp)
0x80001b28:  ecaa              sd                      a0,88(sp)
0x80001b2a:  a811              j                       20                      # 0x80001b3e

----------------
IN: _RNvMs4_NtCs4Hpn15vVByi_4core3fmtNtB5_9Arguments23as_statically_known_strCsb0QcX9fjLSJ_6tritan
0x80001b3e:  66c2              ld                      a3,16(sp)
0x80001b40:  6522              ld                      a0,8(sp)
0x80001b42:  0000a597          auipc                   a1,10                   # 0x8000bb42
0x80001b46:  b6658713          addi                    a4,a1,-1178
0x80001b4a:  4605              addi                    a2,zero,1
0x80001b4c:  85b2              mv                      a1,a2
0x80001b4e:  00001097          auipc                   ra,1                    # 0x80002b4e
0x80001b52:  1de080e7          jalr                    ra,ra,478

----------------
IN: _RNvNvNtNtCs4Hpn15vVByi_4core5slice3raw14from_raw_parts18precondition_checkCsb0QcX9fjLSJ_6tritan
0x80002d2c:  7119              addi                    sp,sp,-128
0x80002d2e:  fc86              sd                      ra,120(sp)
0x80002d30:  e43a              sd                      a4,8(sp)
0x80002d32:  e836              sd                      a3,16(sp)
0x80002d34:  ec32              sd                      a2,24(sp)
0x80002d36:  862e              mv                      a2,a1
0x80002d38:  65e2              ld                      a1,24(sp)
0x80002d3a:  f032              sd                      a2,32(sp)
0x80002d3c:  f42a              sd                      a0,40(sp)
0x80002d3e:  fc2a              sd                      a0,56(sp)
0x80002d40:  e0b2              sd                      a2,64(sp)
0x80002d42:  e4ae              sd                      a1,72(sp)
0x80002d44:  e8b6              sd                      a3,80(sp)
0x80002d46:  4601              mv                      a2,zero
0x80002d48:  04c10fa3          sb                      a2,95(sp)
0x80002d4c:  f0aa              sd                      a0,96(sp)
0x80002d4e:  00002097          auipc                   ra,2                    # 0x80004d4e
0x80002d52:  d30080e7          jalr                    ra,ra,-720

----------------
IN: _RNvMNtNtCs4Hpn15vVByi_4core3ptr9const_ptrPu13is_aligned_toCsoBFtlNyUFT_11riscv_types
0x80004a7e:  7139              addi                    sp,sp,-64
0x80004a80:  e42e              sd                      a1,8(sp)
0x80004a82:  e82a              sd                      a0,16(sp)
0x80004a84:  ec2a              sd                      a0,24(sp)
0x80004a86:  f02e              sd                      a1,32(sp)
0x80004a88:  0015d513          srli                    a0,a1,1
0x80004a8c:  55555637          lui                     a2,349525
0x80004a90:  55560613          addi                    a2,a2,1365
0x80004a94:  02061693          slli                    a3,a2,32
0x80004a98:  9636              add                     a2,a2,a3
0x80004a9a:  8d71              and                     a0,a0,a2
0x80004a9c:  8d89              sub                     a1,a1,a0
0x80004a9e:  33333537          lui                     a0,209715
0x80004aa2:  33350513          addi                    a0,a0,819
0x80004aa6:  02051613          slli                    a2,a0,32
0x80004aaa:  962a              add                     a2,a2,a0
0x80004aac:  00c5f533          and                     a0,a1,a2
0x80004ab0:  8189              srli                    a1,a1,2
0x80004ab2:  8df1              and                     a1,a1,a2
0x80004ab4:  952e              add                     a0,a0,a1
0x80004ab6:  00455593          srli                    a1,a0,4
0x80004aba:  952e              add                     a0,a0,a1
0x80004abc:  0f0f15b7          lui                     a1,61681
0x80004ac0:  f0f58593          addi                    a1,a1,-241
0x80004ac4:  02059613          slli                    a2,a1,32
0x80004ac8:  95b2              add                     a1,a1,a2
0x80004aca:  8d6d              and                     a0,a0,a1
0x80004acc:  010105b7          lui                     a1,4112
0x80004ad0:  10158593          addi                    a1,a1,257
0x80004ad4:  02059613          slli                    a2,a1,32
0x80004ad8:  95b2              add                     a1,a1,a2
0x80004ada:  02b50533          mul                     a0,a0,a1
0x80004ade:  9161              srli                    a0,a0,56
0x80004ae0:  d62a              sw                      a0,44(sp)
0x80004ae2:  5532              lw                      a0,44(sp)
0x80004ae4:  4585              addi                    a1,zero,1
0x80004ae6:  00b51b63          bne                     a0,a1,22                # 0x80004afc

----------------
IN: _RNvMNtNtCs4Hpn15vVByi_4core3ptr9const_ptrPu13is_aligned_toCsoBFtlNyUFT_11riscv_types
0x80004aea:  a009              j                       2                       # 0x80004aec

----------------
IN: _RNvMNtNtCs4Hpn15vVByi_4core3ptr9const_ptrPu13is_aligned_toCsoBFtlNyUFT_11riscv_types
0x80004aec:  6542              ld                      a0,16(sp)
0x80004aee:  65a2              ld                      a1,8(sp)
0x80004af0:  15fd              addi                    a1,a1,-1
0x80004af2:  8d6d              and                     a0,a0,a1
0x80004af4:  00153513          seqz                    a0,a0
0x80004af8:  6121              addi                    sp,sp,64
0x80004afa:  8082              ret                     

----------------
IN: _RNvNvNtNtCs4Hpn15vVByi_4core5slice3raw14from_raw_parts18precondition_checkCsb0QcX9fjLSJ_6tritan
0x80002d56:  e119              bnez                    a0,6                    # 0x80002d5c

----------------
IN: _RNvNvNtNtCs4Hpn15vVByi_4core5slice3raw14from_raw_parts18precondition_checkCsb0QcX9fjLSJ_6tritan
0x80002d5c:  7522              ld                      a0,40(sp)
0x80002d5e:  e119              bnez                    a0,6                    # 0x80002d64

----------------
IN: _RNvNvNtNtCs4Hpn15vVByi_4core5slice3raw14from_raw_parts18precondition_checkCsb0QcX9fjLSJ_6tritan
0x80002d64:  7502              ld                      a0,32(sp)
0x80002d66:  c115              beqz                    a0,36                   # 0x80002d8a

----------------
IN: _RNvNvNtNtCs4Hpn15vVByi_4core5slice3raw14from_raw_parts18precondition_checkCsb0QcX9fjLSJ_6tritan
0x80002d68:  a025              j                       40                      # 0x80002d90

----------------
IN: _RNvNvNtNtCs4Hpn15vVByi_4core5slice3raw14from_raw_parts18precondition_checkCsb0QcX9fjLSJ_6tritan
0x80002d90:  7582              ld                      a1,32(sp)
0x80002d92:  557d              addi                    a0,zero,-1
0x80002d94:  8105              srli                    a0,a0,1
0x80002d96:  02b55533          divu                    a0,a0,a1
0x80002d9a:  f82a              sd                      a0,48(sp)
0x80002d9c:  a009              j                       2                       # 0x80002d9e

----------------
IN: _RNvNvNtNtCs4Hpn15vVByi_4core5slice3raw14from_raw_parts18precondition_checkCsb0QcX9fjLSJ_6tritan
0x80002d9e:  65c2              ld                      a1,16(sp)
0x80002da0:  7542              ld                      a0,48(sp)
0x80002da2:  00b57463          bleu                    a1,a0,8                 # 0x80002daa

----------------
IN: _RNvNvNtNtCs4Hpn15vVByi_4core5slice3raw14from_raw_parts18precondition_checkCsb0QcX9fjLSJ_6tritan
0x80002daa:  70e6              ld                      ra,120(sp)
0x80002dac:  6109              addi                    sp,sp,128
0x80002dae:  8082              ret                     

----------------
IN: _RNvMs4_NtCs4Hpn15vVByi_4core3fmtNtB5_9Arguments23as_statically_known_strCsb0QcX9fjLSJ_6tritan
0x80001b56:  a009              j                       2                       # 0x80001b58

----------------
IN: _RNvMs4_NtCs4Hpn15vVByi_4core3fmtNtB5_9Arguments23as_statically_known_strCsb0QcX9fjLSJ_6tritan
0x80001b58:  6542              ld                      a0,16(sp)
0x80001b5a:  65a2              ld                      a1,8(sp)
0x80001b5c:  f0ae              sd                      a1,96(sp)
0x80001b5e:  f4aa              sd                      a0,104(sp)
0x80001b60:  f42e              sd                      a1,40(sp)
0x80001b62:  f82a              sd                      a0,48(sp)
0x80001b64:  a009              j                       2                       # 0x80001b66

----------------
IN: _RNvMs4_NtCs4Hpn15vVByi_4core3fmtNtB5_9Arguments23as_statically_known_strCsb0QcX9fjLSJ_6tritan
0x80001b66:  4501              mv                      a0,zero
0x80001b68:  06a10ba3          sb                      a0,119(sp)
0x80001b6c:  07714503          lbu                     a0,119(sp)
0x80001b70:  8905              andi                    a0,a0,1
0x80001b72:  e919              bnez                    a0,22                   # 0x80001b88

----------------
IN: _RNvMs4_NtCs4Hpn15vVByi_4core3fmtNtB5_9Arguments23as_statically_known_strCsb0QcX9fjLSJ_6tritan
0x80001b74:  a009              j                       2                       # 0x80001b76

----------------
IN: _RNvMs4_NtCs4Hpn15vVByi_4core3fmtNtB5_9Arguments23as_statically_known_strCsb0QcX9fjLSJ_6tritan
0x80001b76:  0000a517          auipc                   a0,10                   # 0x8000bb76
0x80001b7a:  b6a50513          addi                    a0,a0,-1174
0x80001b7e:  610c              ld                      a1,0(a0)
0x80001b80:  6508              ld                      a0,8(a0)
0x80001b82:  f42e              sd                      a1,40(sp)
0x80001b84:  f82a              sd                      a0,48(sp)
0x80001b86:  a011              j                       4                       # 0x80001b8a

----------------
IN: _RNvMs4_NtCs4Hpn15vVByi_4core3fmtNtB5_9Arguments23as_statically_known_strCsb0QcX9fjLSJ_6tritan
0x80001b8a:  7522              ld                      a0,40(sp)
0x80001b8c:  75c2              ld                      a1,48(sp)
0x80001b8e:  70e6              ld                      ra,120(sp)
0x80001b90:  6109              addi                    sp,sp,128
0x80001b92:  8082              ret                     

----------------
IN: _RNvXs_NvNtNtCs4Hpn15vVByi_4core3fmt5Write9write_fmtQNtNtCsb0QcX9fjLSJ_6tritan7console4UartNtB4_12SpecWriteFmt14spec_write_fmtBS_
0x80003140:  f02a              sd                      a0,32(sp)
0x80003142:  f42e              sd                      a1,40(sp)
0x80003144:  7502              ld                      a0,32(sp)
0x80003146:  cd11              beqz                    a0,28                   # 0x80003162

----------------
IN: _RNvXs_NvNtNtCs4Hpn15vVByi_4core3fmt5Write9write_fmtQNtNtCsb0QcX9fjLSJ_6tritan7console4UartNtB4_12SpecWriteFmt14spec_write_fmtBS_
0x80003162:  6502              ld                      a0,0(sp)
0x80003164:  6622              ld                      a2,8(sp)
0x80003166:  66c2              ld                      a3,16(sp)
0x80003168:  00009597          auipc                   a1,9                    # 0x8000c168
0x8000316c:  e4058593          addi                    a1,a1,-448
0x80003170:  00003097          auipc                   ra,3                    # 0x80006170
0x80003174:  fc8080e7          jalr                    ra,ra,-56

----------------
IN: _RNvNtCs4Hpn15vVByi_4core3fmt5write
0x80006138:  7119              addi                    sp,sp,-128
0x8000613a:  fc86              sd                      ra,120(sp)
0x8000613c:  f8a2              sd                      s0,112(sp)
0x8000613e:  f4a6              sd                      s1,104(sp)
0x80006140:  f0ca              sd                      s2,96(sp)
0x80006142:  ecce              sd                      s3,88(sp)
0x80006144:  e8d2              sd                      s4,80(sp)
0x80006146:  e4d6              sd                      s5,72(sp)
0x80006148:  e0da              sd                      s6,64(sp)
0x8000614a:  fc5e              sd                      s7,56(sp)
0x8000614c:  f862              sd                      s8,48(sp)
0x8000614e:  f466              sd                      s9,40(sp)
0x80006150:  f06a              sd                      s10,32(sp)
0x80006152:  0100              addi                    s0,sp,128
0x80006154:  89b6              mv                      s3,a3
0x80006156:  892e              mv                      s2,a1
0x80006158:  0016f593          andi                    a1,a3,1
0x8000615c:  8a2a              mv                      s4,a0
0x8000615e:  16059063          bnez                    a1,352                  # 0x800062be

----------------
IN: _RNvNtCs4Hpn15vVByi_4core3fmt5write
0x800062be:  01893783          ld                      a5,24(s2)
0x800062c2:  0019d693          srli                    a3,s3,1
0x800062c6:  8552              mv                      a0,s4
0x800062c8:  85b2              mv                      a1,a2
0x800062ca:  8636              mv                      a2,a3
0x800062cc:  70e6              ld                      ra,120(sp)
0x800062ce:  7446              ld                      s0,112(sp)
0x800062d0:  74a6              ld                      s1,104(sp)
0x800062d2:  7906              ld                      s2,96(sp)
0x800062d4:  69e6              ld                      s3,88(sp)
0x800062d6:  6a46              ld                      s4,80(sp)
0x800062d8:  6aa6              ld                      s5,72(sp)
0x800062da:  6b06              ld                      s6,64(sp)
0x800062dc:  7be2              ld                      s7,56(sp)
0x800062de:  7c42              ld                      s8,48(sp)
0x800062e0:  7ca2              ld                      s9,40(sp)
0x800062e2:  7d02              ld                      s10,32(sp)
0x800062e4:  6109              addi                    sp,sp,128
0x800062e6:  8782              jr                      a5

----------------
IN: _RNvXs1_NtCsb0QcX9fjLSJ_6tritan7consoleNtB5_4UartNtNtCs4Hpn15vVByi_4core3fmt5Write9write_str
0x8000462c:  711d              addi                    sp,sp,-96
0x8000462e:  ec86              sd                      ra,88(sp)
0x80004630:  e432              sd                      a2,8(sp)
0x80004632:  862e              mv                      a2,a1
0x80004634:  65a2              ld                      a1,8(sp)
0x80004636:  e832              sd                      a2,16(sp)
0x80004638:  862a              mv                      a2,a0
0x8000463a:  6542              ld                      a0,16(sp)
0x8000463c:  ec32              sd                      a2,24(sp)
0x8000463e:  fc32              sd                      a2,56(sp)
0x80004640:  e0aa              sd                      a0,64(sp)
0x80004642:  e4ae              sd                      a1,72(sp)
0x80004644:  ffffe097          auipc                   ra,-2                   # 0x80002644
0x80004648:  040080e7          jalr                    ra,ra,64

----------------
IN: _RNvMNtCs4Hpn15vVByi_4core3stre5bytesCsb0QcX9fjLSJ_6tritan
0x80002684:  1141              addi                    sp,sp,-16
0x80002686:  e02a              sd                      a0,0(sp)
0x80002688:  e42e              sd                      a1,8(sp)
0x8000268a:  95aa              add                     a1,a1,a0
0x8000268c:  0141              addi                    sp,sp,16
0x8000268e:  8082              ret                     

----------------
IN: _RNvXs1_NtCsb0QcX9fjLSJ_6tritan7consoleNtB5_4UartNtNtCs4Hpn15vVByi_4core3fmt5Write9write_str
0x8000464c:  ffffc097          auipc                   ra,-4                   # 0x8000064c
0x80004650:  9f0080e7          jalr                    ra,ra,-1552

----------------
IN: _RNvXNtNtNtCs4Hpn15vVByi_4core4iter6traits7collectNtNtNtB8_3str4iter5BytesNtB2_12IntoIterator9into_iterCsb0QcX9fjLSJ_6tritan
0x8000003c:  1141              addi                    sp,sp,-16
0x8000003e:  e02a              sd                      a0,0(sp)
0x80000040:  e42e              sd                      a1,8(sp)
0x80000042:  0141              addi                    sp,sp,16
0x80000044:  8082              ret                     

----------------
IN: _RNvXs1_NtCsb0QcX9fjLSJ_6tritan7consoleNtB5_4UartNtNtCs4Hpn15vVByi_4core3fmt5Write9write_str
0x80004654:  f02a              sd                      a0,32(sp)
0x80004656:  f42e              sd                      a1,40(sp)
0x80004658:  a009              j                       2                       # 0x8000465a

----------------
IN: _RNvXs1_NtCsb0QcX9fjLSJ_6tritan7consoleNtB5_4UartNtNtCs4Hpn15vVByi_4core3fmt5Write9write_str
0x8000465a:  1008              addi                    a0,sp,32
0x8000465c:  00000097          auipc                   ra,0                    # 0x8000465c
0x80004660:  2be080e7          jalr                    ra,ra,702

----------------
IN: _RNvXs7_NtNtCs4Hpn15vVByi_4core3str4iterNtB5_5BytesNtNtNtNtB9_4iter6traits8iterator8Iterator4nextCsb0QcX9fjLSJ_6tritan
0x8000491a:  7179              addi                    sp,sp,-48
0x8000491c:  f406              sd                      ra,40(sp)
0x8000491e:  ec2a              sd                      a0,24(sp)
0x80004920:  ffffe097          auipc                   ra,-2                   # 0x80002920
0x80004924:  3ca080e7          jalr                    ra,ra,970

----------------
IN: _RNvXs2J_NtNtCs4Hpn15vVByi_4core5slice4iterINtB6_4IterhENtNtNtNtBa_4iter6traits8iterator8Iterator4nextCsb0QcX9fjLSJ_6tritan
0x80002cea:  715d              addi                    sp,sp,-80
0x80002cec:  e42a              sd                      a0,8(sp)
0x80002cee:  f42a              sd                      a0,40(sp)
0x80002cf0:  4585              addi                    a1,zero,1
0x80002cf2:  f82e              sd                      a1,48(sp)
0x80002cf4:  fc2e              sd                      a1,56(sp)
0x80002cf6:  610c              ld                      a1,0(a0)
0x80002cf8:  e82e              sd                      a1,16(sp)
0x80002cfa:  e0ae              sd                      a1,64(sp)
0x80002cfc:  6508              ld                      a0,8(a0)
0x80002cfe:  ec2a              sd                      a0,24(sp)
0x80002d00:  e4aa              sd                      a0,72(sp)
0x80002d02:  a009              j                       2                       # 0x80002d04

----------------
IN: _RNvXs2J_NtNtCs4Hpn15vVByi_4core5slice4iterINtB6_4IterhENtNtNtNtBa_4iter6traits8iterator8Iterator4nextCsb0QcX9fjLSJ_6tritan
0x80002d04:  6542              ld                      a0,16(sp)
0x80002d06:  65e2              ld                      a1,24(sp)
0x80002d08:  00b50863          beq                     a0,a1,16                # 0x80002d18

----------------
IN: _RNvXs2J_NtNtCs4Hpn15vVByi_4core5slice4iterINtB6_4IterhENtNtNtNtBa_4iter6traits8iterator8Iterator4nextCsb0QcX9fjLSJ_6tritan
0x80002d0c:  a009              j                       2                       # 0x80002d0e

----------------
IN: _RNvXs2J_NtNtCs4Hpn15vVByi_4core5slice4iterINtB6_4IterhENtNtNtNtBa_4iter6traits8iterator8Iterator4nextCsb0QcX9fjLSJ_6tritan
0x80002d0e:  65a2              ld                      a1,8(sp)
0x80002d10:  6542              ld                      a0,16(sp)
0x80002d12:  0505              addi                    a0,a0,1
0x80002d14:  e188              sd                      a0,0(a1)
0x80002d16:  a021              j                       8                       # 0x80002d1e

----------------
IN: _RNvXs2J_NtNtCs4Hpn15vVByi_4core5slice4iterINtB6_4IterhENtNtNtNtBa_4iter6traits8iterator8Iterator4nextCsb0QcX9fjLSJ_6tritan
0x80002d1e:  6542              ld                      a0,16(sp)
0x80002d20:  f02a              sd                      a0,32(sp)
0x80002d22:  a009              j                       2                       # 0x80002d24

----------------
IN: _RNvXs2J_NtNtCs4Hpn15vVByi_4core5slice4iterINtB6_4IterhENtNtNtNtBa_4iter6traits8iterator8Iterator4nextCsb0QcX9fjLSJ_6tritan
0x80002d24:  7502              ld                      a0,32(sp)
0x80002d26:  6161              addi                    sp,sp,80
0x80002d28:  8082              ret                     

----------------
IN: _RNvXs7_NtNtCs4Hpn15vVByi_4core3str4iterNtB5_5BytesNtNtNtNtB9_4iter6traits8iterator8Iterator4nextCsb0QcX9fjLSJ_6tritan
0x80004928:  e82a              sd                      a0,16(sp)
0x8000492a:  6542              ld                      a0,16(sp)
0x8000492c:  cd09              beqz                    a0,26                   # 0x80004946

----------------
IN: _RNvXs7_NtNtCs4Hpn15vVByi_4core3str4iterNtB5_5BytesNtNtNtNtB9_4iter6traits8iterator8Iterator4nextCsb0QcX9fjLSJ_6tritan
0x8000492e:  a009              j                       2                       # 0x80004930

----------------
IN: _RNvXs7_NtNtCs4Hpn15vVByi_4core3str4iterNtB5_5BytesNtNtNtNtB9_4iter6traits8iterator8Iterator4nextCsb0QcX9fjLSJ_6tritan
0x80004930:  6542              ld                      a0,16(sp)
0x80004932:  00054503          lbu                     a0,0(a0)
0x80004936:  02a103a3          sb                      a0,39(sp)
0x8000493a:  00a107a3          sb                      a0,15(sp)
0x8000493e:  4505              addi                    a0,zero,1
0x80004940:  00a10723          sb                      a0,14(sp)
0x80004944:  a831              j                       28                      # 0x80004960

----------------
IN: _RNvXs7_NtNtCs4Hpn15vVByi_4core3str4iterNtB5_5BytesNtNtNtNtB9_4iter6traits8iterator8Iterator4nextCsb0QcX9fjLSJ_6tritan
0x80004960:  00e14503          lbu                     a0,14(sp)
0x80004964:  00f14583          lbu                     a1,15(sp)
0x80004968:  70a2              ld                      ra,40(sp)
0x8000496a:  6145              addi                    sp,sp,48
0x8000496c:  8082              ret                     

----------------
IN: _RNvXs1_NtCsb0QcX9fjLSJ_6tritan7consoleNtB5_4UartNtNtCs4Hpn15vVByi_4core3fmt5Write9write_str
0x80004664:  8905              andi                    a0,a0,1
0x80004666:  02a10b23          sb                      a0,54(sp)
0x8000466a:  02b10ba3          sb                      a1,55(sp)
0x8000466e:  03614503          lbu                     a0,54(sp)
0x80004672:  8905              andi                    a0,a0,1
0x80004674:  cd01              beqz                    a0,24                   # 0x8000468c

----------------
IN: _RNvXs1_NtCsb0QcX9fjLSJ_6tritan7consoleNtB5_4UartNtNtCs4Hpn15vVByi_4core3fmt5Write9write_str
0x80004676:  a009              j                       2                       # 0x80004678

----------------
IN: _RNvXs1_NtCsb0QcX9fjLSJ_6tritan7consoleNtB5_4UartNtNtCs4Hpn15vVByi_4core3fmt5Write9write_str
0x80004678:  6562              ld                      a0,24(sp)
0x8000467a:  03714583          lbu                     a1,55(sp)
0x8000467e:  04b10ba3          sb                      a1,87(sp)
0x80004682:  00000097          auipc                   ra,0                    # 0x80004682
0x80004686:  e72080e7          jalr                    ra,ra,-398

----------------
IN: _RNvMs0_NtCsb0QcX9fjLSJ_6tritan7consoleNtB5_4Uart4putc
0x800044f4:  7139              addi                    sp,sp,-64
0x800044f6:  fc06              sd                      ra,56(sp)
0x800044f8:  e42e              sd                      a1,8(sp)
0x800044fa:  e82a              sd                      a0,16(sp)
0x800044fc:  00b10fa3          sb                      a1,31(sp)
0x80004500:  6108              ld                      a0,0(a0)
0x80004502:  e02a              sd                      a0,0(sp)
0x80004504:  f02a              sd                      a0,32(sp)
0x80004506:  f42a              sd                      a0,40(sp)
0x80004508:  02b10ba3          sb                      a1,55(sp)
0x8000450c:  00008597          auipc                   a1,8                    # 0x8000c50c
0x80004510:  68c58613          addi                    a2,a1,1676
0x80004514:  4585              addi                    a1,zero,1
0x80004516:  fffff097          auipc                   ra,-1                   # 0x80003516
0x8000451a:  2d2080e7          jalr                    ra,ra,722

----------------
IN: _RNvNvNtCs4Hpn15vVByi_4core3ptr14write_volatile18precondition_checkCsb0QcX9fjLSJ_6tritan
0x800037e8:  7139              addi                    sp,sp,-64
0x800037ea:  fc06              sd                      ra,56(sp)
0x800037ec:  e432              sd                      a2,8(sp)
0x800037ee:  e82a              sd                      a0,16(sp)
0x800037f0:  ec2e              sd                      a1,24(sp)
0x800037f2:  f02a              sd                      a0,32(sp)
0x800037f4:  00001097          auipc                   ra,1                    # 0x800047f4
0x800037f8:  28a080e7          jalr                    ra,ra,650

----------------
IN: _RNvNvNtCs4Hpn15vVByi_4core3ptr14write_volatile18precondition_checkCsb0QcX9fjLSJ_6tritan
0x800037fc:  e115              bnez                    a0,36                   # 0x80003820

----------------
IN: _RNvNvNtCs4Hpn15vVByi_4core3ptr14write_volatile18precondition_checkCsb0QcX9fjLSJ_6tritan
0x80003820:  70e2              ld                      ra,56(sp)
0x80003822:  6121              addi                    sp,sp,64
0x80003824:  8082              ret                     

----------------
IN: _RNvMs0_NtCsb0QcX9fjLSJ_6tritan7consoleNtB5_4Uart4putc
0x8000451e:  6502              ld                      a0,0(sp)
0x80004520:  65a2              ld                      a1,8(sp)
0x80004522:  00b50023          sb                      a1,0(a0)
0x80004526:  70e2              ld                      ra,56(sp)
0x80004528:  6121              addi                    sp,sp,64
0x8000452a:  8082              ret                     

----------------
IN: _RNvMs0_NtCsb0QcX9fjLSJ_6tritan7consoleNtB5_4Uart4putc
0x80004522:  00b50023          sb                      a1,0(a0)

----------------
IN: _RNvMs0_NtCsb0QcX9fjLSJ_6tritan7consoleNtB5_4Uart4putc
0x80004526:  70e2              ld                      ra,56(sp)
0x80004528:  6121              addi                    sp,sp,64
0x8000452a:  8082              ret                     

----------------
IN: _RNvXs1_NtCsb0QcX9fjLSJ_6tritan7consoleNtB5_4UartNtNtCs4Hpn15vVByi_4core3fmt5Write9write_str
0x8000468a:  bfc1              j                       -48                     # 0x8000465a

----------------
IN: _RNvXs2J_NtNtCs4Hpn15vVByi_4core5slice4iterINtB6_4IterhENtNtNtNtBa_4iter6traits8iterator8Iterator4nextCsb0QcX9fjLSJ_6tritan
0x80002d18:  4501              mv                      a0,zero
0x80002d1a:  f02a              sd                      a0,32(sp)
0x80002d1c:  a039              j                       14                      # 0x80002d2a

----------------
IN: _RNvXs2J_NtNtCs4Hpn15vVByi_4core5slice4iterINtB6_4IterhENtNtNtNtBa_4iter6traits8iterator8Iterator4nextCsb0QcX9fjLSJ_6tritan
0x80002d2a:  bfed              j                       -6                      # 0x80002d24

----------------
IN: _RNvXs7_NtNtCs4Hpn15vVByi_4core3str4iterNtB5_5BytesNtNtNtNtB9_4iter6traits8iterator8Iterator4nextCsb0QcX9fjLSJ_6tritan
0x80004946:  00008517          auipc                   a0,8                    # 0x8000c946
0x8000494a:  2f950513          addi                    a0,a0,761
0x8000494e:  00054583          lbu                     a1,0(a0)
0x80004952:  00154503          lbu                     a0,1(a0)
0x80004956:  00b10723          sb                      a1,14(sp)
0x8000495a:  00a107a3          sb                      a0,15(sp)
0x8000495e:  a009              j                       2                       # 0x80004960

----------------
IN: _RNvXs1_NtCsb0QcX9fjLSJ_6tritan7consoleNtB5_4UartNtNtCs4Hpn15vVByi_4core3fmt5Write9write_str
0x8000468c:  4501              mv                      a0,zero
0x8000468e:  60e6              ld                      ra,88(sp)
0x80004690:  6125              addi                    sp,sp,96
0x80004692:  8082              ret                     

----------------
IN: _RNvXs_NvNtNtCs4Hpn15vVByi_4core3fmt5Write9write_fmtQNtNtCsb0QcX9fjLSJ_6tritan7console4UartNtB4_12SpecWriteFmt14spec_write_fmtBS_
0x80003178:  00a10fa3          sb                      a0,31(sp)
0x8000317c:  a009              j                       2                       # 0x8000317e

----------------
IN: _RNvXs_NvNtNtCs4Hpn15vVByi_4core3fmt5Write9write_fmtQNtNtCsb0QcX9fjLSJ_6tritan7console4UartNtB4_12SpecWriteFmt14spec_write_fmtBS_
0x8000317e:  01f14503          lbu                     a0,31(sp)
0x80003182:  60a6              ld                      ra,72(sp)
0x80003184:  6161              addi                    sp,sp,80
0x80003186:  8082              ret                     

----------------
IN: _RNvYNtNtCsb0QcX9fjLSJ_6tritan7console4UartNtNtCs4Hpn15vVByi_4core3fmt5Write9write_fmtB6_
0x800031da:  60e2              ld                      ra,24(sp)
0x800031dc:  6105              addi                    sp,sp,32
0x800031de:  8082              ret                     

----------------
IN: _RNvNtCsb0QcX9fjLSJ_6tritan7console6__print
0x800045e6:  02a10b23          sb                      a0,54(sp)
0x800045ea:  03614503          lbu                     a0,54(sp)
0x800045ee:  8905              andi                    a0,a0,1
0x800045f0:  c515              beqz                    a0,44                   # 0x8000461c

----------------
IN: _RNvNtCsb0QcX9fjLSJ_6tritan7console6__print
0x8000461c:  0808              addi                    a0,sp,16
0x8000461e:  ffffe097          auipc                   ra,-2                   # 0x8000261e
0x80004622:  228080e7          jalr                    ra,ra,552

----------------
IN: _RINvNtCs4Hpn15vVByi_4core3ptr13drop_in_placeINtNtCsek73zhQAbPJ_4spin5mutex10MutexGuardNtNtCsb0QcX9fjLSJ_6tritan7console4UartEEB1q_
0x80002846:  1141              addi                    sp,sp,-16
0x80002848:  e406              sd                      ra,8(sp)
0x8000284a:  e02a              sd                      a0,0(sp)
0x8000284c:  00000097          auipc                   ra,0                    # 0x8000284c
0x80002850:  04a080e7          jalr                    ra,ra,74

----------------
IN: _RINvNtCs4Hpn15vVByi_4core3ptr13drop_in_placeINtNtNtCsek73zhQAbPJ_4spin5mutex4spin14SpinMutexGuardNtNtCsb0QcX9fjLSJ_6tritan7console4UartEEB1B_
0x80002896:  1141              addi                    sp,sp,-16
0x80002898:  e406              sd                      ra,8(sp)
0x8000289a:  e02a              sd                      a0,0(sp)
0x8000289c:  00000097          auipc                   ra,0                    # 0x8000289c
0x800028a0:  052080e7          jalr                    ra,ra,82

----------------
IN: _RNvXsd_NtNtCsek73zhQAbPJ_4spin5mutex4spinINtB5_14SpinMutexGuardNtNtCsb0QcX9fjLSJ_6tritan7console4UartENtNtNtCs4Hpn15vVByi_4core3ops4drop4Drop4dropB13_
0x800028ee:  1141              addi                    sp,sp,-16
0x800028f0:  e406              sd                      ra,8(sp)
0x800028f2:  e02a              sd                      a0,0(sp)
0x800028f4:  6108              ld                      a0,0(a0)
0x800028f6:  4581              mv                      a1,zero
0x800028f8:  4605              addi                    a2,zero,1
0x800028fa:  fffff097          auipc                   ra,-1                   # 0x800018fa
0x800028fe:  142080e7          jalr                    ra,ra,322

----------------
IN: _RNvMs3_NtNtCs4Hpn15vVByi_4core4sync6atomicNtB5_10AtomicBool5storeCsb0QcX9fjLSJ_6tritan
0x80001a3c:  1101              addi                    sp,sp,-32
0x80001a3e:  ec06              sd                      ra,24(sp)
0x80001a40:  e42a              sd                      a0,8(sp)
0x80001a42:  00b10b23          sb                      a1,22(sp)
0x80001a46:  00c10ba3          sb                      a2,23(sp)
0x80001a4a:  00004097          auipc                   ra,4                    # 0x80005a4a
0x80001a4e:  986080e7          jalr                    ra,ra,-1658

----------------
IN: _RINvNtNtCs4Hpn15vVByi_4core4sync6atomic12atomic_storehECsek73zhQAbPJ_4spin
0x800053d0:  715d              addi                    sp,sp,-80
0x800053d2:  e42a              sd                      a0,8(sp)
0x800053d4:  86ae              mv                      a3,a1
0x800053d6:  e836              sd                      a3,16(sp)
0x800053d8:  f02a              sd                      a0,32(sp)
0x800053da:  02b10723          sb                      a1,46(sp)
0x800053de:  02c107a3          sb                      a2,47(sp)
0x800053e2:  ec32              sd                      a2,24(sp)
0x800053e4:  6562              ld                      a0,24(sp)
0x800053e6:  00351593          slli                    a1,a0,3
0x800053ea:  00008517          auipc                   a0,8                    # 0x8000d3ea
0x800053ee:  c4650513          addi                    a0,a0,-954
0x800053f2:  952e              add                     a0,a0,a1
0x800053f4:  6108              ld                      a0,0(a0)
0x800053f6:  8502              jr                      a0

----------------
IN: _RINvNtNtCs4Hpn15vVByi_4core4sync6atomic12atomic_storehECsek73zhQAbPJ_4spin
0x80005404:  6542              ld                      a0,16(sp)
0x80005406:  65a2              ld                      a1,8(sp)
0x80005408:  0310000f          fence                   rw,w
0x8000540c:  00a58023          sb                      a0,0(a1)
0x80005410:  a8b1              j                       92                      # 0x8000546c

----------------
IN: _RINvNtNtCs4Hpn15vVByi_4core4sync6atomic12atomic_storehECsek73zhQAbPJ_4spin
0x8000546c:  6161              addi                    sp,sp,80
0x8000546e:  8082              ret                     

----------------
IN: _RNvMs3_NtNtCs4Hpn15vVByi_4core4sync6atomicNtB5_10AtomicBool5storeCsb0QcX9fjLSJ_6tritan
0x80001a52:  60e2              ld                      ra,24(sp)
0x80001a54:  6105              addi                    sp,sp,32
0x80001a56:  8082              ret                     

----------------
IN: _RNvXsd_NtNtCsek73zhQAbPJ_4spin5mutex4spinINtB5_14SpinMutexGuardNtNtCsb0QcX9fjLSJ_6tritan7console4UartENtNtNtCs4Hpn15vVByi_4core3ops4drop4Drop4dropB13_
0x80002902:  60a2              ld                      ra,8(sp)
0x80002904:  0141              addi                    sp,sp,16
0x80002906:  8082              ret                     

----------------
IN: _RINvNtCs4Hpn15vVByi_4core3ptr13drop_in_placeINtNtNtCsek73zhQAbPJ_4spin5mutex4spin14SpinMutexGuardNtNtCsb0QcX9fjLSJ_6tritan7console4UartEEB1B_
0x800028a4:  60a2              ld                      ra,8(sp)
0x800028a6:  0141              addi                    sp,sp,16
0x800028a8:  8082              ret                     

----------------
IN: _RINvNtCs4Hpn15vVByi_4core3ptr13drop_in_placeINtNtCsek73zhQAbPJ_4spin5mutex10MutexGuardNtNtCsb0QcX9fjLSJ_6tritan7console4UartEEB1q_
0x80002854:  60a2              ld                      ra,8(sp)
0x80002856:  0141              addi                    sp,sp,16
0x80002858:  8082              ret                     

----------------
IN: _RNvNtCsb0QcX9fjLSJ_6tritan7console6__print
0x80004626:  60ea              ld                      ra,152(sp)
0x80004628:  610d              addi                    sp,sp,160
0x8000462a:  8082              ret                     

----------------
IN: main
0x80000dce:  00001097          auipc                   ra,1                    # 0x80001dce
0x80000dd2:  246080e7          jalr                    ra,ra,582

----------------
IN: _RNvNtCsb0QcX9fjLSJ_6tritan6kalloc6kalloc
0x80002014:  7155              addi                    sp,sp,-208
0x80002016:  e586              sd                      ra,200(sp)
0x80002018:  6585              lui                     a1,1
0x8000201a:  852e              mv                      a0,a1
0x8000201c:  00001097          auipc                   ra,1                    # 0x8000301c
0x80002020:  004080e7          jalr                    ra,ra,4

----------------
IN: _RNvMNtNtCs4Hpn15vVByi_4core5alloc6layoutNtB2_6Layout15from_size_alignCsb0QcX9fjLSJ_6tritan
0x80003020:  715d              addi                    sp,sp,-80
0x80003022:  e486              sd                      ra,72(sp)
0x80003024:  e42e              sd                      a1,8(sp)
0x80003026:  e82a              sd                      a0,16(sp)
0x80003028:  f42a              sd                      a0,40(sp)
0x8000302a:  f82e              sd                      a1,48(sp)
0x8000302c:  0015d513          srli                    a0,a1,1
0x80003030:  55555637          lui                     a2,349525
0x80003034:  55560613          addi                    a2,a2,1365
0x80003038:  02061693          slli                    a3,a2,32
0x8000303c:  9636              add                     a2,a2,a3
0x8000303e:  8d71              and                     a0,a0,a2
0x80003040:  8d89              sub                     a1,a1,a0
0x80003042:  33333537          lui                     a0,209715
0x80003046:  33350513          addi                    a0,a0,819
0x8000304a:  02051613          slli                    a2,a0,32
0x8000304e:  962a              add                     a2,a2,a0
0x80003050:  00c5f533          and                     a0,a1,a2
0x80003054:  8189              srli                    a1,a1,2
0x80003056:  8df1              and                     a1,a1,a2
0x80003058:  952e              add                     a0,a0,a1
0x8000305a:  00455593          srli                    a1,a0,4
0x8000305e:  952e              add                     a0,a0,a1
0x80003060:  0f0f15b7          lui                     a1,61681
0x80003064:  f0f58593          addi                    a1,a1,-241
0x80003068:  02059613          slli                    a2,a1,32
0x8000306c:  95b2              add                     a1,a1,a2
0x8000306e:  8d6d              and                     a0,a0,a1
0x80003070:  010105b7          lui                     a1,4112
0x80003074:  10158593          addi                    a1,a1,257
0x80003078:  02059613          slli                    a2,a1,32
0x8000307c:  95b2              add                     a1,a1,a2
0x8000307e:  02b50533          mul                     a0,a0,a1
0x80003082:  9161              srli                    a0,a0,56
0x80003084:  de2a              sw                      a0,60(sp)
0x80003086:  5572              lw                      a0,60(sp)
0x80003088:  4585              addi                    a1,zero,1
0x8000308a:  00b51463          bne                     a0,a1,8                 # 0x80003092

----------------
IN: _RNvMNtNtCs4Hpn15vVByi_4core5alloc6layoutNtB2_6Layout15from_size_alignCsb0QcX9fjLSJ_6tritan
0x8000308e:  a009              j                       2                       # 0x80003090

----------------
IN: _RNvMNtNtCs4Hpn15vVByi_4core5alloc6layoutNtB2_6Layout15from_size_alignCsb0QcX9fjLSJ_6tritan
0x80003090:  a011              j                       4                       # 0x80003094

----------------
IN: _RNvMNtNtCs4Hpn15vVByi_4core5alloc6layoutNtB2_6Layout15from_size_alignCsb0QcX9fjLSJ_6tritan
0x80003094:  6522              ld                      a0,8(sp)
0x80003096:  00009597          auipc                   a1,9                    # 0x8000c096
0x8000309a:  efa58593          addi                    a1,a1,-262
0x8000309e:  fffff097          auipc                   ra,-1                   # 0x8000209e
0x800030a2:  9c0080e7          jalr                    ra,ra,-1600

----------------
IN: _RNvNvMNtNtCs4Hpn15vVByi_4core3ptr9alignmentNtB4_9Alignment13new_unchecked18precondition_checkCsb0QcX9fjLSJ_6tritan
0x80001a5e:  7179              addi                    sp,sp,-48
0x80001a60:  e42e              sd                      a1,8(sp)
0x80001a62:  e82a              sd                      a0,16(sp)
0x80001a64:  00155593          srli                    a1,a0,1
0x80001a68:  55555637          lui                     a2,349525
0x80001a6c:  55560613          addi                    a2,a2,1365
0x80001a70:  02061693          slli                    a3,a2,32
0x80001a74:  9636              add                     a2,a2,a3
0x80001a76:  8df1              and                     a1,a1,a2
0x80001a78:  40b505b3          sub                     a1,a0,a1
0x80001a7c:  33333537          lui                     a0,209715
0x80001a80:  33350513          addi                    a0,a0,819
0x80001a84:  02051613          slli                    a2,a0,32
0x80001a88:  962a              add                     a2,a2,a0
0x80001a8a:  00c5f533          and                     a0,a1,a2
0x80001a8e:  8189              srli                    a1,a1,2
0x80001a90:  8df1              and                     a1,a1,a2
0x80001a92:  952e              add                     a0,a0,a1
0x80001a94:  00455593          srli                    a1,a0,4
0x80001a98:  952e              add                     a0,a0,a1
0x80001a9a:  0f0f15b7          lui                     a1,61681
0x80001a9e:  f0f58593          addi                    a1,a1,-241
0x80001aa2:  02059613          slli                    a2,a1,32
0x80001aa6:  95b2              add                     a1,a1,a2
0x80001aa8:  8d6d              and                     a0,a0,a1
0x80001aaa:  010105b7          lui                     a1,4112
0x80001aae:  10158593          addi                    a1,a1,257
0x80001ab2:  02059613          slli                    a2,a1,32
0x80001ab6:  95b2              add                     a1,a1,a2
0x80001ab8:  02b50533          mul                     a0,a0,a1
0x80001abc:  9161              srli                    a0,a0,56
0x80001abe:  ce2a              sw                      a0,28(sp)
0x80001ac0:  4572              lw                      a0,28(sp)
0x80001ac2:  4585              addi                    a1,zero,1
0x80001ac4:  00b51563          bne                     a0,a1,10                # 0x80001ace

----------------
IN: _RNvNvMNtNtCs4Hpn15vVByi_4core3ptr9alignmentNtB4_9Alignment13new_unchecked18precondition_checkCsb0QcX9fjLSJ_6tritan
0x80001ac8:  a009              j                       2                       # 0x80001aca

----------------
IN: _RNvNvMNtNtCs4Hpn15vVByi_4core3ptr9alignmentNtB4_9Alignment13new_unchecked18precondition_checkCsb0QcX9fjLSJ_6tritan
0x80001aca:  6145              addi                    sp,sp,48
0x80001acc:  8082              ret                     

----------------
IN: _RNvMNtNtCs4Hpn15vVByi_4core5alloc6layoutNtB2_6Layout15from_size_alignCsb0QcX9fjLSJ_6tritan
0x800030a6:  a009              j                       2                       # 0x800030a8

----------------
IN: _RNvMNtNtCs4Hpn15vVByi_4core5alloc6layoutNtB2_6Layout15from_size_alignCsb0QcX9fjLSJ_6tritan
0x800030a8:  65c2              ld                      a1,16(sp)
0x800030aa:  6622              ld                      a2,8(sp)
0x800030ac:  e0b2              sd                      a2,64(sp)
0x800030ae:  557d              addi                    a0,zero,-1
0x800030b0:  157e              slli                    a0,a0,63
0x800030b2:  8d11              sub                     a0,a0,a2
0x800030b4:  00b57c63          bleu                    a1,a0,24                # 0x800030cc

----------------
IN: _RNvMNtNtCs4Hpn15vVByi_4core5alloc6layoutNtB2_6Layout15from_size_alignCsb0QcX9fjLSJ_6tritan
0x800030cc:  6542              ld                      a0,16(sp)
0x800030ce:  65a2              ld                      a1,8(sp)
0x800030d0:  ec2e              sd                      a1,24(sp)
0x800030d2:  f02a              sd                      a0,32(sp)
0x800030d4:  a009              j                       2                       # 0x800030d6

----------------
IN: _RNvMNtNtCs4Hpn15vVByi_4core5alloc6layoutNtB2_6Layout15from_size_alignCsb0QcX9fjLSJ_6tritan
0x800030d6:  6562              ld                      a0,24(sp)
0x800030d8:  7582              ld                      a1,32(sp)
0x800030da:  60a6              ld                      ra,72(sp)
0x800030dc:  6161              addi                    sp,sp,80
0x800030de:  8082              ret                     

----------------
IN: _RNvNtCsb0QcX9fjLSJ_6tritan6kalloc6kalloc
0x80002024:  00002097          auipc                   ra,2                    # 0x80004024
0x80002028:  8f6080e7          jalr                    ra,ra,-1802

----------------
IN: _RNvMNtCs4Hpn15vVByi_4core6resultINtB2_6ResultNtNtNtB4_5alloc6layout6LayoutNtBJ_11LayoutErrorE2okCsb0QcX9fjLSJ_6tritan
0x8000391a:  7179              addi                    sp,sp,-48
0x8000391c:  e02a              sd                      a0,0(sp)
0x8000391e:  e42e              sd                      a1,8(sp)
0x80003920:  6502              ld                      a0,0(sp)
0x80003922:  e509              bnez                    a0,10                   # 0x8000392c

----------------
IN: _RNvMNtCs4Hpn15vVByi_4core6resultINtB2_6ResultNtNtNtB4_5alloc6layout6LayoutNtBJ_11LayoutErrorE2okCsb0QcX9fjLSJ_6tritan
0x8000392c:  6582              ld                      a1,0(sp)
0x8000392e:  6522              ld                      a0,8(sp)
0x80003930:  f02e              sd                      a1,32(sp)
0x80003932:  f42a              sd                      a0,40(sp)
0x80003934:  e82e              sd                      a1,16(sp)
0x80003936:  ec2a              sd                      a0,24(sp)
0x80003938:  a009              j                       2                       # 0x8000393a

----------------
IN: _RNvMNtCs4Hpn15vVByi_4core6resultINtB2_6ResultNtNtNtB4_5alloc6layout6LayoutNtBJ_11LayoutErrorE2okCsb0QcX9fjLSJ_6tritan
0x8000393a:  6502              ld                      a0,0(sp)
0x8000393c:  e119              bnez                    a0,6                    # 0x80003942

----------------
IN: _RNvMNtCs4Hpn15vVByi_4core6resultINtB2_6ResultNtNtNtB4_5alloc6layout6LayoutNtBJ_11LayoutErrorE2okCsb0QcX9fjLSJ_6tritan
0x80003942:  6542              ld                      a0,16(sp)
0x80003944:  65e2              ld                      a1,24(sp)
0x80003946:  6145              addi                    sp,sp,48
0x80003948:  8082              ret                     

----------------
IN: _RNvNtCsb0QcX9fjLSJ_6tritan6kalloc6kalloc
0x8000202c:  00000097          auipc                   ra,0                    # 0x8000202c
0x80002030:  7d6080e7          jalr                    ra,ra,2006

----------------
IN: _RNvXsJ_NtCs4Hpn15vVByi_4core6optionINtB5_6OptionNtNtNtB7_5alloc6layout6LayoutENtNtNtB7_3ops9try_trait3Try6branchCsb0QcX9fjLSJ_6tritan
0x80002802:  7179              addi                    sp,sp,-48
0x80002804:  e02a              sd                      a0,0(sp)
0x80002806:  e42e              sd                      a1,8(sp)
0x80002808:  6502              ld                      a0,0(sp)
0x8000280a:  c909              beqz                    a0,18                   # 0x8000281c

----------------
IN: _RNvXsJ_NtCs4Hpn15vVByi_4core6optionINtB5_6OptionNtNtNtB7_5alloc6layout6LayoutENtNtNtB7_3ops9try_trait3Try6branchCsb0QcX9fjLSJ_6tritan
0x8000280c:  a009              j                       2                       # 0x8000280e

----------------
IN: _RNvXsJ_NtCs4Hpn15vVByi_4core6optionINtB5_6OptionNtNtNtB7_5alloc6layout6LayoutENtNtNtB7_3ops9try_trait3Try6branchCsb0QcX9fjLSJ_6tritan
0x8000280e:  6582              ld                      a1,0(sp)
0x80002810:  6522              ld                      a0,8(sp)
0x80002812:  f02e              sd                      a1,32(sp)
0x80002814:  f42a              sd                      a0,40(sp)
0x80002816:  e82e              sd                      a1,16(sp)
0x80002818:  ec2a              sd                      a0,24(sp)
0x8000281a:  a021              j                       8                       # 0x80002822

----------------
IN: _RNvXsJ_NtCs4Hpn15vVByi_4core6optionINtB5_6OptionNtNtNtB7_5alloc6layout6LayoutENtNtNtB7_3ops9try_trait3Try6branchCsb0QcX9fjLSJ_6tritan
0x80002822:  6542              ld                      a0,16(sp)
0x80002824:  65e2              ld                      a1,24(sp)
0x80002826:  6145              addi                    sp,sp,48
0x80002828:  8082              ret                     

----------------
IN: _RNvNtCsb0QcX9fjLSJ_6tritan6kalloc6kalloc
0x80002034:  f82a              sd                      a0,48(sp)
0x80002036:  fc2e              sd                      a1,56(sp)
0x80002038:  7542              ld                      a0,48(sp)
0x8000203a:  e909              bnez                    a0,18                   # 0x8000204c

----------------
IN: _RNvNtCsb0QcX9fjLSJ_6tritan6kalloc6kalloc
0x8000204c:  75c2              ld                      a1,48(sp)
0x8000204e:  e42e              sd                      a1,8(sp)
0x80002050:  7562              ld                      a0,56(sp)
0x80002052:  e82a              sd                      a0,16(sp)
0x80002054:  ecae              sd                      a1,88(sp)
0x80002056:  f0aa              sd                      a0,96(sp)
0x80002058:  00022517          auipc                   a0,34                   # 0x80024058
0x8000205c:  fd850513          addi                    a0,a0,-40
0x80002060:  00002097          auipc                   ra,2                    # 0x80004060
0x80002064:  034080e7          jalr                    ra,ra,52

----------------
IN: _RNvXs2_Csd5aZ26uNDBs_22buddy_system_allocatorINtB5_10LockedHeapKj20_ENtNtNtCs4Hpn15vVByi_4core3ops5deref5Deref5derefCsb0QcX9fjLSJ_6tritan
0x80004094:  1141              addi                    sp,sp,-16
0x80004096:  e42a              sd                      a0,8(sp)
0x80004098:  0141              addi                    sp,sp,16
0x8000409a:  8082              ret                     

----------------
IN: _RNvNtCsb0QcX9fjLSJ_6tritan6kalloc6kalloc
0x80002068:  85aa              mv                      a1,a0
0x8000206a:  ec2e              sd                      a1,24(sp)
0x8000206c:  f4aa              sd                      a0,104(sp)
0x8000206e:  e12a              sd                      a0,128(sp)
0x80002070:  a009              j                       2                       # 0x80002072

----------------
IN: _RNvNtCsb0QcX9fjLSJ_6tritan6kalloc6kalloc
0x80002072:  6562              ld                      a0,24(sp)
0x80002074:  f92a              sd                      a0,176(sp)
0x80002076:  4605              addi                    a2,zero,1
0x80002078:  4689              addi                    a3,zero,2
0x8000207a:  4701              mv                      a4,zero
0x8000207c:  85ba              mv                      a1,a4
0x8000207e:  fffff097          auipc                   ra,-1                   # 0x8000107e
0x80002082:  7a0080e7          jalr                    ra,ra,1952

----------------
IN: _RNvNtCsb0QcX9fjLSJ_6tritan6kalloc6kalloc
0x80002086:  8905              andi                    a0,a0,1
0x80002088:  0aa10723          sb                      a0,174(sp)
0x8000208c:  0ab107a3          sb                      a1,175(sp)
0x80002090:  0ae10513          addi                    a0,sp,174
0x80002094:  00002097          auipc                   ra,2                    # 0x80004094
0x80002098:  8b6080e7          jalr                    ra,ra,-1866

----------------
IN: _RNvNtCsb0QcX9fjLSJ_6tritan6kalloc6kalloc
0x8000209c:  e509              bnez                    a0,10                   # 0x800020a6

----------------
IN: _RNvNtCsb0QcX9fjLSJ_6tritan6kalloc6kalloc
0x800020a6:  65e2              ld                      a1,24(sp)
0x800020a8:  00858513          addi                    a0,a1,8
0x800020ac:  e1aa              sd                      a0,192(sp)
0x800020ae:  ed2e              sd                      a1,152(sp)
0x800020b0:  f12a              sd                      a0,160(sp)
0x800020b2:  a009              j                       2                       # 0x800020b4

----------------
IN: _RNvNtCsb0QcX9fjLSJ_6tritan6kalloc6kalloc
0x800020b4:  65ea              ld                      a1,152(sp)
0x800020b6:  750a              ld                      a0,160(sp)
0x800020b8:  f8ae              sd                      a1,112(sp)
0x800020ba:  fcaa              sd                      a0,120(sp)
0x800020bc:  7546              ld                      a0,112(sp)
0x800020be:  e105              bnez                    a0,32                   # 0x800020de

----------------
IN: _RNvNtCsb0QcX9fjLSJ_6tritan6kalloc6kalloc
0x800020de:  75c6              ld                      a1,112(sp)
0x800020e0:  7566              ld                      a0,120(sp)
0x800020e2:  e52e              sd                      a1,136(sp)
0x800020e4:  e92a              sd                      a0,144(sp)
0x800020e6:  e0ae              sd                      a1,64(sp)
0x800020e8:  e4aa              sd                      a0,72(sp)
0x800020ea:  0088              addi                    a0,sp,64
0x800020ec:  e02a              sd                      a0,0(sp)
0x800020ee:  00001097          auipc                   ra,1                    # 0x800030ee
0x800020f2:  3fe080e7          jalr                    ra,ra,1022

----------------
IN: _RNvXsa_NtCsek73zhQAbPJ_4spin5mutexINtB5_10MutexGuardINtCsd5aZ26uNDBs_22buddy_system_allocator4HeapKj20_EENtNtNtCs4Hpn15vVByi_4core3ops5deref8DerefMut9deref_mutCsb0QcX9fjLSJ_6tritan
0x800034ec:  1141              addi                    sp,sp,-16
0x800034ee:  e406              sd                      ra,8(sp)
0x800034f0:  e02a              sd                      a0,0(sp)
0x800034f2:  00000097          auipc                   ra,0                    # 0x800034f2
0x800034f6:  51a080e7          jalr                    ra,ra,1306

----------------
IN: _RNvXsc_NtNtCsek73zhQAbPJ_4spin5mutex4spinINtB5_14SpinMutexGuardINtCsd5aZ26uNDBs_22buddy_system_allocator4HeapKj20_EENtNtNtCs4Hpn15vVByi_4core3ops5deref8DerefMut9deref_mutCsb0QcX9fjLSJ_6tritan
0x80003a0c:  1141              addi                    sp,sp,-16
0x80003a0e:  e42a              sd                      a0,8(sp)
0x80003a10:  6508              ld                      a0,8(a0)
0x80003a12:  0141              addi                    sp,sp,16
0x80003a14:  8082              ret                     

----------------
IN: _RNvXsa_NtCsek73zhQAbPJ_4spin5mutexINtB5_10MutexGuardINtCsd5aZ26uNDBs_22buddy_system_allocator4HeapKj20_EENtNtNtCs4Hpn15vVByi_4core3ops5deref8DerefMut9deref_mutCsb0QcX9fjLSJ_6tritan
0x800034fa:  60a2              ld                      ra,8(sp)
0x800034fc:  0141              addi                    sp,sp,16
0x800034fe:  8082              ret                     

----------------
IN: _RNvNtCsb0QcX9fjLSJ_6tritan6kalloc6kalloc
0x800020f6:  65a2              ld                      a1,8(sp)
0x800020f8:  6642              ld                      a2,16(sp)
0x800020fa:  00002097          auipc                   ra,2                    # 0x800040fa
0x800020fe:  c10080e7          jalr                    ra,ra,-1008

----------------
IN: _RNvMCsd5aZ26uNDBs_22buddy_system_allocatorINtB2_4HeapKj20_E5allocCsb0QcX9fjLSJ_6tritan
0x80003d0a:  7149              addi                    sp,sp,-368
0x80003d0c:  f686              sd                      ra,360(sp)
0x80003d0e:  e12a              sd                      a0,128(sp)
0x80003d10:  f92e              sd                      a1,176(sp)
0x80003d12:  fd32              sd                      a2,184(sp)
0x80003d14:  f22a              sd                      a0,288(sp)
0x80003d16:  1908              addi                    a0,sp,176
0x80003d18:  e52a              sd                      a0,136(sp)
0x80003d1a:  fffff097          auipc                   ra,-1                   # 0x80002d1a
0x80003d1e:  3c6080e7          jalr                    ra,ra,966

----------------
IN: _RNvMNtNtCs4Hpn15vVByi_4core5alloc6layoutNtB2_6Layout4sizeCsb0QcX9fjLSJ_6tritan
0x800030e0:  1141              addi                    sp,sp,-16
0x800030e2:  e42a              sd                      a0,8(sp)
0x800030e4:  6508              ld                      a0,8(a0)
0x800030e6:  0141              addi                    sp,sp,16
0x800030e8:  8082              ret                     

----------------
IN: _RNvMCsd5aZ26uNDBs_22buddy_system_allocatorINtB2_4HeapKj20_E5allocCsb0QcX9fjLSJ_6tritan
0x80003d22:  fffff097          auipc                   ra,-1                   # 0x80002d22
0x80003d26:  112080e7          jalr                    ra,ra,274

----------------
IN: _RNvMs9_NtCs4Hpn15vVByi_4core3numj17next_power_of_twoCsb0QcX9fjLSJ_6tritan
0x80002e34:  7179              addi                    sp,sp,-48
0x80002e36:  e42a              sd                      a0,8(sp)
0x80002e38:  ec2a              sd                      a0,24(sp)
0x80002e3a:  4589              addi                    a1,zero,2
0x80002e3c:  0ab56063          bgtu                    a1,a0,160               # 0x80002edc

----------------
IN: _RNvMs9_NtCs4Hpn15vVByi_4core3numj17next_power_of_twoCsb0QcX9fjLSJ_6tritan
0x80002e40:  a009              j                       2                       # 0x80002e42

----------------
IN: _RNvMs9_NtCs4Hpn15vVByi_4core3numj17next_power_of_twoCsb0QcX9fjLSJ_6tritan
0x80002e42:  6522              ld                      a0,8(sp)
0x80002e44:  157d              addi                    a0,a0,-1
0x80002e46:  f02a              sd                      a0,32(sp)
0x80002e48:  00155593          srli                    a1,a0,1
0x80002e4c:  8d4d              or                      a0,a0,a1
0x80002e4e:  00255593          srli                    a1,a0,2
0x80002e52:  8d4d              or                      a0,a0,a1
0x80002e54:  00455593          srli                    a1,a0,4
0x80002e58:  8d4d              or                      a0,a0,a1
0x80002e5a:  00855593          srli                    a1,a0,8
0x80002e5e:  8d4d              or                      a0,a0,a1
0x80002e60:  01055593          srli                    a1,a0,16
0x80002e64:  8d4d              or                      a0,a0,a1
0x80002e66:  02055593          srli                    a1,a0,32
0x80002e6a:  8d4d              or                      a0,a0,a1
0x80002e6c:  fff54513          not                     a0,a0
0x80002e70:  00155593          srli                    a1,a0,1
0x80002e74:  55555637          lui                     a2,349525
0x80002e78:  55560613          addi                    a2,a2,1365
0x80002e7c:  02061693          slli                    a3,a2,32
0x80002e80:  9636              add                     a2,a2,a3
0x80002e82:  8df1              and                     a1,a1,a2
0x80002e84:  40b505b3          sub                     a1,a0,a1
0x80002e88:  33333537          lui                     a0,209715
0x80002e8c:  33350513          addi                    a0,a0,819
0x80002e90:  02051613          slli                    a2,a0,32
0x80002e94:  962a              add                     a2,a2,a0
0x80002e96:  00c5f533          and                     a0,a1,a2
0x80002e9a:  8189              srli                    a1,a1,2
0x80002e9c:  8df1              and                     a1,a1,a2
0x80002e9e:  952e              add                     a0,a0,a1
0x80002ea0:  00455593          srli                    a1,a0,4
0x80002ea4:  952e              add                     a0,a0,a1
0x80002ea6:  0f0f15b7          lui                     a1,61681
0x80002eaa:  f0f58593          addi                    a1,a1,-241
0x80002eae:  02059613          slli                    a2,a1,32
0x80002eb2:  95b2              add                     a1,a1,a2
0x80002eb4:  8d6d              and                     a0,a0,a1
0x80002eb6:  010105b7          lui                     a1,4112
0x80002eba:  10158593          addi                    a1,a1,257
0x80002ebe:  02059613          slli                    a2,a1,32
0x80002ec2:  95b2              add                     a1,a1,a2
0x80002ec4:  02b50533          mul                     a0,a0,a1
0x80002ec8:  9161              srli                    a0,a0,56
0x80002eca:  d42a              sw                      a0,40(sp)
0x80002ecc:  02816583          lwu                     a1,40(sp)
0x80002ed0:  d62e              sw                      a1,44(sp)
0x80002ed2:  557d              addi                    a0,zero,-1
0x80002ed4:  00b55533          srl                     a0,a0,a1
0x80002ed8:  e82a              sd                      a0,16(sp)
0x80002eda:  a021              j                       8                       # 0x80002ee2

----------------
IN: _RNvMs9_NtCs4Hpn15vVByi_4core3numj17next_power_of_twoCsb0QcX9fjLSJ_6tritan
0x80002ee2:  65c2              ld                      a1,16(sp)
0x80002ee4:  00158513          addi                    a0,a1,1
0x80002ee8:  e02a              sd                      a0,0(sp)
0x80002eea:  00b56663          bgtu                    a1,a0,12                # 0x80002ef6

----------------
IN: _RNvMs9_NtCs4Hpn15vVByi_4core3numj17next_power_of_twoCsb0QcX9fjLSJ_6tritan
0x80002eee:  a009              j                       2                       # 0x80002ef0

----------------
IN: _RNvMs9_NtCs4Hpn15vVByi_4core3numj17next_power_of_twoCsb0QcX9fjLSJ_6tritan
0x80002ef0:  6502              ld                      a0,0(sp)
0x80002ef2:  6145              addi                    sp,sp,48
0x80002ef4:  8082              ret                     

----------------
IN: _RNvMCsd5aZ26uNDBs_22buddy_system_allocatorINtB2_4HeapKj20_E5allocCsb0QcX9fjLSJ_6tritan
0x80003d2a:  85aa              mv                      a1,a0
0x80003d2c:  652a              ld                      a0,136(sp)
0x80003d2e:  e92e              sd                      a1,144(sp)
0x80003d30:  fffff097          auipc                   ra,-1                   # 0x80002d30
0x80003d34:  3ba080e7          jalr                    ra,ra,954

----------------
IN: _RNvMNtNtCs4Hpn15vVByi_4core5alloc6layoutNtB2_6Layout5alignCsb0QcX9fjLSJ_6tritan
0x800030ea:  1141              addi                    sp,sp,-16
0x800030ec:  e42a              sd                      a0,8(sp)
0x800030ee:  6108              ld                      a0,0(a0)
0x800030f0:  0141              addi                    sp,sp,16
0x800030f2:  8082              ret                     

----------------
IN: _RNvMCsd5aZ26uNDBs_22buddy_system_allocatorINtB2_4HeapKj20_E5allocCsb0QcX9fjLSJ_6tritan
0x80003d38:  45a1              addi                    a1,zero,8
0x80003d3a:  ffffe097          auipc                   ra,-2                   # 0x80001d3a
0x80003d3e:  ee4080e7          jalr                    ra,ra,-284

----------------
IN: _RINvNtCs4Hpn15vVByi_4core3cmp3maxjECsb0QcX9fjLSJ_6tritan
0x80001c1e:  1101              addi                    sp,sp,-32
0x80001c20:  ec06              sd                      ra,24(sp)
0x80001c22:  e42a              sd                      a0,8(sp)
0x80001c24:  e82e              sd                      a1,16(sp)
0x80001c26:  00000097          auipc                   ra,0                    # 0x80001c26
0x80001c2a:  024080e7          jalr                    ra,ra,36

----------------
IN: _RNvYjNtNtCs4Hpn15vVByi_4core3cmp3Ord3maxCsb0QcX9fjLSJ_6tritan
0x80001c4a:  7179              addi                    sp,sp,-48
0x80001c4c:  e42a              sd                      a0,8(sp)
0x80001c4e:  e82e              sd                      a1,16(sp)
0x80001c50:  0808              addi                    a0,sp,16
0x80001c52:  f02a              sd                      a0,32(sp)
0x80001c54:  0028              addi                    a0,sp,8
0x80001c56:  f42a              sd                      a0,40(sp)
0x80001c58:  6542              ld                      a0,16(sp)
0x80001c5a:  65a2              ld                      a1,8(sp)
0x80001c5c:  00b56663          bgtu                    a1,a0,12                # 0x80001c68

----------------
IN: _RNvYjNtNtCs4Hpn15vVByi_4core3cmp3Ord3maxCsb0QcX9fjLSJ_6tritan
0x80001c68:  6522              ld                      a0,8(sp)
0x80001c6a:  ec2a              sd                      a0,24(sp)
0x80001c6c:  a009              j                       2                       # 0x80001c6e

----------------
IN: _RNvYjNtNtCs4Hpn15vVByi_4core3cmp3Ord3maxCsb0QcX9fjLSJ_6tritan
0x80001c6e:  6562              ld                      a0,24(sp)
0x80001c70:  6145              addi                    sp,sp,48
0x80001c72:  8082              ret                     

----------------
IN: _RINvNtCs4Hpn15vVByi_4core3cmp3maxjECsb0QcX9fjLSJ_6tritan
0x80001c2e:  60e2              ld                      ra,24(sp)
0x80001c30:  6105              addi                    sp,sp,32
0x80001c32:  8082              ret                     

----------------
IN: _RNvMCsd5aZ26uNDBs_22buddy_system_allocatorINtB2_4HeapKj20_E5allocCsb0QcX9fjLSJ_6tritan
0x80003d42:  85aa              mv                      a1,a0
0x80003d44:  654a              ld                      a0,144(sp)
0x80003d46:  ffffe097          auipc                   ra,-2                   # 0x80001d46
0x80003d4a:  ed8080e7          jalr                    ra,ra,-296

----------------
IN: _RNvYjNtNtCs4Hpn15vVByi_4core3cmp3Ord3maxCsb0QcX9fjLSJ_6tritan
0x80001c60:  a009              j                       2                       # 0x80001c62

----------------
IN: _RNvYjNtNtCs4Hpn15vVByi_4core3cmp3Ord3maxCsb0QcX9fjLSJ_6tritan
0x80001c62:  6542              ld                      a0,16(sp)
0x80001c64:  ec2a              sd                      a0,24(sp)
0x80001c66:  a021              j                       8                       # 0x80001c6e

----------------
IN: _RNvMCsd5aZ26uNDBs_22buddy_system_allocatorINtB2_4HeapKj20_E5allocCsb0QcX9fjLSJ_6tritan
0x80003d4e:  85aa              mv                      a1,a0
0x80003d50:  ed2e              sd                      a1,152(sp)
0x80003d52:  f62a              sd                      a0,296(sp)
0x80003d54:  eeaa              sd                      a0,344(sp)
0x80003d56:  4581              mv                      a1,zero
0x80003d58:  8d89              sub                     a1,a1,a0
0x80003d5a:  8de9              and                     a1,a1,a0
0x80003d5c:  00007617          auipc                   a2,7                    # 0x8000ad5c
0x80003d60:  41c60613          addi                    a2,a2,1052
0x80003d64:  6210              ld                      a2,0(a2)
0x80003d66:  02c585b3          mul                     a1,a1,a2
0x80003d6a:  03a5d613          srli                    a2,a1,58
0x80003d6e:  00009597          auipc                   a1,9                    # 0x8000cd6e
0x80003d72:  83258593          addi                    a1,a1,-1998
0x80003d76:  95b2              add                     a1,a1,a2
0x80003d78:  0005c583          lbu                     a1,0(a1)
0x80003d7c:  04000613          addi                    a2,zero,64
0x80003d80:  f132              sd                      a2,160(sp)
0x80003d82:  f52e              sd                      a1,168(sp)
0x80003d84:  e119              bnez                    a0,6                    # 0x80003d8a

----------------
IN: _RNvMCsd5aZ26uNDBs_22buddy_system_allocatorINtB2_4HeapKj20_E5allocCsb0QcX9fjLSJ_6tritan
0x80003d8a:  752a              ld                      a0,168(sp)
0x80003d8c:  16a12223          sw                      a0,356(sp)
0x80003d90:  16416503          lwu                     a0,356(sp)
0x80003d94:  fcaa              sd                      a0,120(sp)
0x80003d96:  fa2a              sd                      a0,304(sp)
0x80003d98:  02000593          addi                    a1,zero,32
0x80003d9c:  00001097          auipc                   ra,1                    # 0x80004d9c
0x80003da0:  2c8080e7          jalr                    ra,ra,712

----------------
IN: _RNvXNtNtNtCs4Hpn15vVByi_4core4iter6traits7collectINtNtNtB8_3ops5range5RangejENtB2_12IntoIterator9into_iterCscQj4IemQydr_4talc
0x80005064:  1141              addi                    sp,sp,-16
0x80005066:  e02a              sd                      a0,0(sp)
0x80005068:  e42e              sd                      a1,8(sp)
0x8000506a:  0141              addi                    sp,sp,16
0x8000506c:  8082              ret                     

----------------
IN: _RNvMCsd5aZ26uNDBs_22buddy_system_allocatorINtB2_4HeapKj20_E5allocCsb0QcX9fjLSJ_6tritan
0x80003da4:  e5aa              sd                      a0,200(sp)
0x80003da6:  e9ae              sd                      a1,208(sp)
0x80003da8:  a009              j                       2                       # 0x80003daa

----------------
IN: _RNvMCsd5aZ26uNDBs_22buddy_system_allocatorINtB2_4HeapKj20_E5allocCsb0QcX9fjLSJ_6tritan
0x80003daa:  01a8              addi                    a0,sp,200
0x80003dac:  00001097          auipc                   ra,1                    # 0x80004dac
0x80003db0:  35c080e7          jalr                    ra,ra,860

----------------
IN: _RNvXs4_NtNtCs4Hpn15vVByi_4core4iter5rangeINtNtNtB9_3ops5range5RangejENtNtNtB7_6traits8iterator8Iterator4nextCscQj4IemQydr_4talc
0x80005108:  1141              addi                    sp,sp,-16
0x8000510a:  e406              sd                      ra,8(sp)
0x8000510c:  e02a              sd                      a0,0(sp)
0x8000510e:  00000097          auipc                   ra,0                    # 0x8000510e
0x80005112:  faa080e7          jalr                    ra,ra,-86

----------------
IN: _RNvXs3_NtNtCs4Hpn15vVByi_4core4iter5rangeINtNtNtB9_3ops5range5RangejENtB5_17RangeIteratorImpl9spec_nextCscQj4IemQydr_4talc
0x800050b8:  715d              addi                    sp,sp,-80
0x800050ba:  e486              sd                      ra,72(sp)
0x800050bc:  85aa              mv                      a1,a0
0x800050be:  e82e              sd                      a1,16(sp)
0x800050c0:  f42e              sd                      a1,40(sp)
0x800050c2:  00858513          addi                    a0,a1,8
0x800050c6:  fc2e              sd                      a1,56(sp)
0x800050c8:  e0aa              sd                      a0,64(sp)
0x800050ca:  6188              ld                      a0,0(a1)
0x800050cc:  658c              ld                      a1,8(a1)
0x800050ce:  00b56663          bgtu                    a1,a0,12                # 0x800050da

----------------
IN: _RNvXs3_NtNtCs4Hpn15vVByi_4core4iter5rangeINtNtNtB9_3ops5range5RangejENtB5_17RangeIteratorImpl9spec_nextCscQj4IemQydr_4talc
0x800050da:  6542              ld                      a0,16(sp)
0x800050dc:  6108              ld                      a0,0(a0)
0x800050de:  e02a              sd                      a0,0(sp)
0x800050e0:  f82a              sd                      a0,48(sp)
0x800050e2:  4585              addi                    a1,zero,1
0x800050e4:  e42e              sd                      a1,8(sp)
0x800050e6:  00000097          auipc                   ra,0                    # 0x800050e6
0x800050ea:  036080e7          jalr                    ra,ra,54

----------------
IN: _RNvXsF_NtNtCs4Hpn15vVByi_4core4iter5rangejNtB5_4Step17forward_uncheckedCscQj4IemQydr_4talc
0x8000511c:  7179              addi                    sp,sp,-48
0x8000511e:  f406              sd                      ra,40(sp)
0x80005120:  e42e              sd                      a1,8(sp)
0x80005122:  e82a              sd                      a0,16(sp)
0x80005124:  ec2a              sd                      a0,24(sp)
0x80005126:  f02e              sd                      a1,32(sp)
0x80005128:  a009              j                       2                       # 0x8000512a

----------------
IN: _RNvXsF_NtNtCs4Hpn15vVByi_4core4iter5rangejNtB5_4Step17forward_uncheckedCscQj4IemQydr_4talc
0x8000512a:  65a2              ld                      a1,8(sp)
0x8000512c:  6542              ld                      a0,16(sp)
0x8000512e:  00008617          auipc                   a2,8                    # 0x8000d12e
0x80005132:  e6a60613          addi                    a2,a2,-406
0x80005136:  00000097          auipc                   ra,0                    # 0x80005136
0x8000513a:  ef4080e7          jalr                    ra,ra,-268

----------------
IN: _RNvNvMs9_NtCs4Hpn15vVByi_4core3numj13unchecked_add18precondition_checkCscQj4IemQydr_4talc
0x8000502a:  7179              addi                    sp,sp,-48
0x8000502c:  e032              sd                      a2,0(sp)
0x8000502e:  e42e              sd                      a1,8(sp)
0x80005030:  85aa              mv                      a1,a0
0x80005032:  6522              ld                      a0,8(sp)
0x80005034:  e82e              sd                      a1,16(sp)
0x80005036:  ec2a              sd                      a0,24(sp)
0x80005038:  952e              add                     a0,a0,a1
0x8000503a:  00b56563          bgtu                    a1,a0,10                # 0x80005044

----------------
IN: _RNvNvMs9_NtCs4Hpn15vVByi_4core3numj13unchecked_add18precondition_checkCscQj4IemQydr_4talc
0x8000503e:  a009              j                       2                       # 0x80005040

----------------
IN: _RNvNvMs9_NtCs4Hpn15vVByi_4core3numj13unchecked_add18precondition_checkCscQj4IemQydr_4talc
0x80005040:  6145              addi                    sp,sp,48
0x80005042:  8082              ret                     

----------------
IN: _RNvXsF_NtNtCs4Hpn15vVByi_4core4iter5rangejNtB5_4Step17forward_uncheckedCscQj4IemQydr_4talc
0x8000513e:  a009              j                       2                       # 0x80005140

----------------
IN: _RNvXsF_NtNtCs4Hpn15vVByi_4core4iter5rangejNtB5_4Step17forward_uncheckedCscQj4IemQydr_4talc
0x80005140:  6542              ld                      a0,16(sp)
0x80005142:  65a2              ld                      a1,8(sp)
0x80005144:  952e              add                     a0,a0,a1
0x80005146:  70a2              ld                      ra,40(sp)
0x80005148:  6145              addi                    sp,sp,48
0x8000514a:  8082              ret                     

----------------
IN: _RNvXs3_NtNtCs4Hpn15vVByi_4core4iter5rangeINtNtNtB9_3ops5range5RangejENtB5_17RangeIteratorImpl9spec_nextCscQj4IemQydr_4talc
0x800050ee:  66c2              ld                      a3,16(sp)
0x800050f0:  6582              ld                      a1,0(sp)
0x800050f2:  862a              mv                      a2,a0
0x800050f4:  6522              ld                      a0,8(sp)
0x800050f6:  e290              sd                      a2,0(a3)
0x800050f8:  f02e              sd                      a1,32(sp)
0x800050fa:  ec2a              sd                      a0,24(sp)
0x800050fc:  a009              j                       2                       # 0x800050fe

----------------
IN: _RNvXs3_NtNtCs4Hpn15vVByi_4core4iter5rangeINtNtNtB9_3ops5range5RangejENtB5_17RangeIteratorImpl9spec_nextCscQj4IemQydr_4talc
0x800050fe:  6562              ld                      a0,24(sp)
0x80005100:  7582              ld                      a1,32(sp)
0x80005102:  60a6              ld                      ra,72(sp)
0x80005104:  6161              addi                    sp,sp,80
0x80005106:  8082              ret                     

----------------
IN: _RNvXs4_NtNtCs4Hpn15vVByi_4core4iter5rangeINtNtNtB9_3ops5range5RangejENtNtNtB7_6traits8iterator8Iterator4nextCscQj4IemQydr_4talc
0x80005116:  60a2              ld                      ra,8(sp)
0x80005118:  0141              addi                    sp,sp,16
0x8000511a:  8082              ret                     

----------------
IN: _RNvMCsd5aZ26uNDBs_22buddy_system_allocatorINtB2_4HeapKj20_E5allocCsb0QcX9fjLSJ_6tritan
0x80003db4:  edaa              sd                      a0,216(sp)
0x80003db6:  f1ae              sd                      a1,224(sp)
0x80003db8:  656e              ld                      a0,216(sp)
0x80003dba:  4585              addi                    a1,zero,1
0x80003dbc:  00b51b63          bne                     a0,a1,22                # 0x80003dd2

----------------
IN: _RNvMCsd5aZ26uNDBs_22buddy_system_allocatorINtB2_4HeapKj20_E5allocCsb0QcX9fjLSJ_6tritan
0x80003dc0:  a009              j                       2                       # 0x80003dc2

----------------
IN: _RNvMCsd5aZ26uNDBs_22buddy_system_allocatorINtB2_4HeapKj20_E5allocCsb0QcX9fjLSJ_6tritan
0x80003dc2:  750e              ld                      a0,224(sp)
0x80003dc4:  f8aa              sd                      a0,112(sp)
0x80003dc6:  fe2a              sd                      a0,312(sp)
0x80003dc8:  02000593          addi                    a1,zero,32
0x80003dcc:  00b56a63          bgtu                    a1,a0,20                # 0x80003de0

----------------
IN: _RNvMCsd5aZ26uNDBs_22buddy_system_allocatorINtB2_4HeapKj20_E5allocCsb0QcX9fjLSJ_6tritan
0x80003de0:  650a              ld                      a0,128(sp)
0x80003de2:  75c6              ld                      a1,112(sp)
0x80003de4:  058e              slli                    a1,a1,3
0x80003de6:  952e              add                     a0,a0,a1
0x80003de8:  00001097          auipc                   ra,1                    # 0x80004de8
0x80003dec:  5d2080e7          jalr                    ra,ra,1490

----------------
IN: _RNvMs_NtCsd5aZ26uNDBs_22buddy_system_allocator11linked_listNtB4_10LinkedList8is_empty
0x800053ba:  1141              addi                    sp,sp,-16
0x800053bc:  e406              sd                      ra,8(sp)
0x800053be:  e02a              sd                      a0,0(sp)
0x800053c0:  6108              ld                      a0,0(a0)
0x800053c2:  00000097          auipc                   ra,0                    # 0x800053c2
0x800053c6:  fa6080e7          jalr                    ra,ra,-90

----------------
IN: _RNvMNtNtCs4Hpn15vVByi_4core3ptr7mut_ptrOj7is_nullCsd5aZ26uNDBs_22buddy_system_allocator
0x80005368:  1141              addi                    sp,sp,-16
0x8000536a:  e42a              sd                      a0,8(sp)
0x8000536c:  00153513          seqz                    a0,a0
0x80005370:  0141              addi                    sp,sp,16
0x80005372:  8082              ret                     

----------------
IN: _RNvMs_NtCsd5aZ26uNDBs_22buddy_system_allocator11linked_listNtB4_10LinkedList8is_empty
0x800053ca:  60a2              ld                      ra,8(sp)
0x800053cc:  0141              addi                    sp,sp,16
0x800053ce:  8082              ret                     

----------------
IN: _RNvMCsd5aZ26uNDBs_22buddy_system_allocatorINtB2_4HeapKj20_E5allocCsb0QcX9fjLSJ_6tritan
0x80003df0:  fd4d              bnez                    a0,-70                  # 0x80003daa

----------------
IN: _RNvMCsd5aZ26uNDBs_22buddy_system_allocatorINtB2_4HeapKj20_E5allocCsb0QcX9fjLSJ_6tritan
0x80003df2:  a821              j                       24                      # 0x80003e0a

----------------
IN: _RNvMCsd5aZ26uNDBs_22buddy_system_allocatorINtB2_4HeapKj20_E5allocCsb0QcX9fjLSJ_6tritan
0x80003e0a:  75e6              ld                      a1,120(sp)
0x80003e0c:  00158513          addi                    a0,a1,1
0x80003e10:  f4aa              sd                      a0,104(sp)
0x80003e12:  00b56a63          bgtu                    a1,a0,20                # 0x80003e26

----------------
IN: _RNvMCsd5aZ26uNDBs_22buddy_system_allocatorINtB2_4HeapKj20_E5allocCsb0QcX9fjLSJ_6tritan
0x80003e16:  a009              j                       2                       # 0x80003e18

----------------
IN: _RNvMCsd5aZ26uNDBs_22buddy_system_allocatorINtB2_4HeapKj20_E5allocCsb0QcX9fjLSJ_6tritan
0x80003e18:  75c6              ld                      a1,112(sp)
0x80003e1a:  00158513          addi                    a0,a1,1
0x80003e1e:  f0aa              sd                      a0,96(sp)
0x80003e20:  02b56863          bgtu                    a1,a0,48                # 0x80003e50

----------------
IN: _RNvMCsd5aZ26uNDBs_22buddy_system_allocatorINtB2_4HeapKj20_E5allocCsb0QcX9fjLSJ_6tritan
0x80003e24:  a809              j                       18                      # 0x80003e36

----------------
IN: _RNvMCsd5aZ26uNDBs_22buddy_system_allocatorINtB2_4HeapKj20_E5allocCsb0QcX9fjLSJ_6tritan
0x80003e36:  7586              ld                      a1,96(sp)
0x80003e38:  7526              ld                      a0,104(sp)
0x80003e3a:  fffff097          auipc                   ra,-1                   # 0x80002e3a
0x80003e3e:  560080e7          jalr                    ra,ra,1376

----------------
IN: _RNvYINtNtNtCs4Hpn15vVByi_4core3ops5range5RangejENtNtNtNtB9_4iter6traits8iterator8Iterator3revCsb0QcX9fjLSJ_6tritan
0x8000339a:  1141              addi                    sp,sp,-16
0x8000339c:  e02a              sd                      a0,0(sp)
0x8000339e:  e42e              sd                      a1,8(sp)
0x800033a0:  0141              addi                    sp,sp,16
0x800033a2:  8082              ret                     

----------------
IN: _RNvMCsd5aZ26uNDBs_22buddy_system_allocatorINtB2_4HeapKj20_E5allocCsb0QcX9fjLSJ_6tritan
0x80003e42:  fffff097          auipc                   ra,-1                   # 0x80002e42
0x80003e46:  af8080e7          jalr                    ra,ra,-1288

----------------
IN: _RNvXNtNtNtCs4Hpn15vVByi_4core4iter6traits7collectINtNtNtB6_8adapters3rev3RevINtNtNtB8_3ops5range5RangejEENtB2_12IntoIterator9into_iterCsb0QcX9fjLSJ_6tritan
0x8000293a:  1141              addi                    sp,sp,-16
0x8000293c:  e02a              sd                      a0,0(sp)
0x8000293e:  e42e              sd                      a1,8(sp)
0x80002940:  0141              addi                    sp,sp,16
0x80002942:  8082              ret                     

----------------
IN: _RNvMCsd5aZ26uNDBs_22buddy_system_allocatorINtB2_4HeapKj20_E5allocCsb0QcX9fjLSJ_6tritan
0x80003e4a:  f5aa              sd                      a0,232(sp)
0x80003e4c:  f9ae              sd                      a1,240(sp)
0x80003e4e:  a809              j                       18                      # 0x80003e60

----------------
IN: _RNvMCsd5aZ26uNDBs_22buddy_system_allocatorINtB2_4HeapKj20_E5allocCsb0QcX9fjLSJ_6tritan
0x80003e60:  11a8              addi                    a0,sp,232
0x80003e62:  fffff097          auipc                   ra,-1                   # 0x80002e62
0x80003e66:  b00080e7          jalr                    ra,ra,-1280

----------------
IN: _RNvXs_NtNtNtCs4Hpn15vVByi_4core4iter8adapters3revINtB4_3RevINtNtNtBa_3ops5range5RangejEENtNtNtB8_6traits8iterator8Iterator4nextCsb0QcX9fjLSJ_6tritan
0x80002962:  1141              addi                    sp,sp,-16
0x80002964:  e406              sd                      ra,8(sp)
0x80002966:  e02a              sd                      a0,0(sp)
0x80002968:  00001097          auipc                   ra,1                    # 0x80003968
0x8000296c:  958080e7          jalr                    ra,ra,-1704

----------------
IN: _RNvXs5_NtNtCs4Hpn15vVByi_4core4iter5rangeINtNtNtB9_3ops5range5RangejENtNtNtB7_6traits12double_ended19DoubleEndedIterator9next_backCsb0QcX9fjLSJ_6tritan
0x800032c0:  1141              addi                    sp,sp,-16
0x800032c2:  e406              sd                      ra,8(sp)
0x800032c4:  e02a              sd                      a0,0(sp)
0x800032c6:  00000097          auipc                   ra,0                    # 0x800032c6
0x800032ca:  f62080e7          jalr                    ra,ra,-158

----------------
IN: _RNvXs3_NtNtCs4Hpn15vVByi_4core4iter5rangeINtNtNtB9_3ops5range5RangejENtB5_17RangeIteratorImpl14spec_next_backCsb0QcX9fjLSJ_6tritan
0x80003228:  7139              addi                    sp,sp,-64
0x8000322a:  fc06              sd                      ra,56(sp)
0x8000322c:  85aa              mv                      a1,a0
0x8000322e:  e42e              sd                      a1,8(sp)
0x80003230:  f02e              sd                      a1,32(sp)
0x80003232:  00858513          addi                    a0,a1,8
0x80003236:  f42e              sd                      a1,40(sp)
0x80003238:  f82a              sd                      a0,48(sp)
0x8000323a:  6188              ld                      a0,0(a1)
0x8000323c:  658c              ld                      a1,8(a1)
0x8000323e:  00b56663          bgtu                    a1,a0,12                # 0x8000324a

----------------
IN: _RNvXs3_NtNtCs4Hpn15vVByi_4core4iter5rangeINtNtNtB9_3ops5range5RangejENtB5_17RangeIteratorImpl14spec_next_backCsb0QcX9fjLSJ_6tritan
0x80003242:  a009              j                       2                       # 0x80003244

----------------
IN: _RNvXs3_NtNtCs4Hpn15vVByi_4core4iter5rangeINtNtNtB9_3ops5range5RangejENtB5_17RangeIteratorImpl14spec_next_backCsb0QcX9fjLSJ_6tritan
0x80003244:  4501              mv                      a0,zero
0x80003246:  e82a              sd                      a0,16(sp)
0x80003248:  a00d              j                       34                      # 0x8000326a

----------------
IN: _RNvXs3_NtNtCs4Hpn15vVByi_4core4iter5rangeINtNtNtB9_3ops5range5RangejENtB5_17RangeIteratorImpl14spec_next_backCsb0QcX9fjLSJ_6tritan
0x8000326a:  6542              ld                      a0,16(sp)
0x8000326c:  65e2              ld                      a1,24(sp)
0x8000326e:  70e2              ld                      ra,56(sp)
0x80003270:  6121              addi                    sp,sp,64
0x80003272:  8082              ret                     

----------------
IN: _RNvXs5_NtNtCs4Hpn15vVByi_4core4iter5rangeINtNtNtB9_3ops5range5RangejENtNtNtB7_6traits12double_ended19DoubleEndedIterator9next_backCsb0QcX9fjLSJ_6tritan
0x800032ce:  60a2              ld                      ra,8(sp)
0x800032d0:  0141              addi                    sp,sp,16
0x800032d2:  8082              ret                     

----------------
IN: _RNvXs_NtNtNtCs4Hpn15vVByi_4core4iter8adapters3revINtB4_3RevINtNtNtBa_3ops5range5RangejEENtNtNtB8_6traits8iterator8Iterator4nextCsb0QcX9fjLSJ_6tritan
0x80002970:  60a2              ld                      ra,8(sp)
0x80002972:  0141              addi                    sp,sp,16
0x80002974:  8082              ret                     

----------------
IN: _RNvMCsd5aZ26uNDBs_22buddy_system_allocatorINtB2_4HeapKj20_E5allocCsb0QcX9fjLSJ_6tritan
0x80003e6a:  fdaa              sd                      a0,248(sp)
0x80003e6c:  e22e              sd                      a1,256(sp)
0x80003e6e:  756e              ld                      a0,248(sp)
0x80003e70:  4585              addi                    a1,zero,1
0x80003e72:  00b51b63          bne                     a0,a1,22                # 0x80003e88

----------------
IN: _RNvMCsd5aZ26uNDBs_22buddy_system_allocatorINtB2_4HeapKj20_E5allocCsb0QcX9fjLSJ_6tritan
0x80003e88:  75e6              ld                      a1,120(sp)
0x80003e8a:  457d              addi                    a0,zero,31
0x80003e8c:  04b56163          bgtu                    a1,a0,66                # 0x80003ece

----------------
IN: _RNvMCsd5aZ26uNDBs_22buddy_system_allocatorINtB2_4HeapKj20_E5allocCsb0QcX9fjLSJ_6tritan
0x80003e90:  a009              j                       2                       # 0x80003e92

----------------
IN: _RNvMCsd5aZ26uNDBs_22buddy_system_allocatorINtB2_4HeapKj20_E5allocCsb0QcX9fjLSJ_6tritan
0x80003e92:  650a              ld                      a0,128(sp)
0x80003e94:  75e6              ld                      a1,120(sp)
0x80003e96:  058e              slli                    a1,a1,3
0x80003e98:  952e              add                     a0,a0,a1
0x80003e9a:  00001097          auipc                   ra,1                    # 0x80004e9a
0x80003e9e:  4da080e7          jalr                    ra,ra,1242

----------------
IN: _RNvMs_NtCsd5aZ26uNDBs_22buddy_system_allocator11linked_listNtB4_10LinkedList3pop
0x80005374:  7179              addi                    sp,sp,-48
0x80005376:  f406              sd                      ra,40(sp)
0x80005378:  e02a              sd                      a0,0(sp)
0x8000537a:  ec2a              sd                      a0,24(sp)
0x8000537c:  00000097          auipc                   ra,0                    # 0x8000537c
0x80005380:  03e080e7          jalr                    ra,ra,62

----------------
IN: _RNvMs_NtCsd5aZ26uNDBs_22buddy_system_allocator11linked_listNtB4_10LinkedList3pop
0x80005384:  e919              bnez                    a0,22                   # 0x8000539a

----------------
IN: _RNvMs_NtCsd5aZ26uNDBs_22buddy_system_allocator11linked_listNtB4_10LinkedList3pop
0x80005386:  a009              j                       2                       # 0x80005388

----------------
IN: _RNvMs_NtCsd5aZ26uNDBs_22buddy_system_allocator11linked_listNtB4_10LinkedList3pop
0x80005388:  6602              ld                      a2,0(sp)
0x8000538a:  6208              ld                      a0,0(a2)
0x8000538c:  f02a              sd                      a0,32(sp)
0x8000538e:  610c              ld                      a1,0(a0)
0x80005390:  e20c              sd                      a1,0(a2)
0x80005392:  e82a              sd                      a0,16(sp)
0x80005394:  4505              addi                    a0,zero,1
0x80005396:  e42a              sd                      a0,8(sp)
0x80005398:  a021              j                       8                       # 0x800053a0

----------------
IN: _RNvMs_NtCsd5aZ26uNDBs_22buddy_system_allocator11linked_listNtB4_10LinkedList3pop
0x800053a0:  6522              ld                      a0,8(sp)
0x800053a2:  65c2              ld                      a1,16(sp)
0x800053a4:  70a2              ld                      ra,40(sp)
0x800053a6:  6145              addi                    sp,sp,48
0x800053a8:  8082              ret                     

----------------
IN: _RNvMCsd5aZ26uNDBs_22buddy_system_allocatorINtB2_4HeapKj20_E5allocCsb0QcX9fjLSJ_6tritan
0x80003ea2:  00009617          auipc                   a2,9                    # 0x8000cea2
0x80003ea6:  90e60613          addi                    a2,a2,-1778
0x80003eaa:  00009697          auipc                   a3,9                    # 0x8000ceaa
0x80003eae:  92e68713          addi                    a4,a3,-1746
0x80003eb2:  02800693          addi                    a3,zero,40
0x80003eb6:  fffff097          auipc                   ra,-1                   # 0x80002eb6
0x80003eba:  8ec080e7          jalr                    ra,ra,-1812

----------------
IN: _RNvMNtCs4Hpn15vVByi_4core6optionINtB2_6OptionOjE6expectCsb0QcX9fjLSJ_6tritan
0x800027a2:  7139              addi                    sp,sp,-64
0x800027a4:  e03a              sd                      a4,0(sp)
0x800027a6:  e436              sd                      a3,8(sp)
0x800027a8:  e832              sd                      a2,16(sp)
0x800027aa:  ec2a              sd                      a0,24(sp)
0x800027ac:  f02e              sd                      a1,32(sp)
0x800027ae:  f432              sd                      a2,40(sp)
0x800027b0:  f836              sd                      a3,48(sp)
0x800027b2:  6562              ld                      a0,24(sp)
0x800027b4:  4585              addi                    a1,zero,1
0x800027b6:  00b51763          bne                     a0,a1,14                # 0x800027c4

----------------
IN: _RNvMNtCs4Hpn15vVByi_4core6optionINtB2_6OptionOjE6expectCsb0QcX9fjLSJ_6tritan
0x800027ba:  a009              j                       2                       # 0x800027bc

----------------
IN: _RNvMNtCs4Hpn15vVByi_4core6optionINtB2_6OptionOjE6expectCsb0QcX9fjLSJ_6tritan
0x800027bc:  7502              ld                      a0,32(sp)
0x800027be:  fc2a              sd                      a0,56(sp)
0x800027c0:  6121              addi                    sp,sp,64
0x800027c2:  8082              ret                     

----------------
IN: _RNvMCsd5aZ26uNDBs_22buddy_system_allocatorINtB2_4HeapKj20_E5allocCsb0QcX9fjLSJ_6tritan
0x80003ebe:  00000097          auipc                   ra,0                    # 0x80003ebe
0x80003ec2:  b6c080e7          jalr                    ra,ra,-1172

----------------
IN: _RNvMs1_NtNtCs4Hpn15vVByi_4core3ptr8non_nullINtB5_7NonNullhE3newCsb0QcX9fjLSJ_6tritan
0x80003a2a:  1101              addi                    sp,sp,-32
0x80003a2c:  ec06              sd                      ra,24(sp)
0x80003a2e:  e02a              sd                      a0,0(sp)
0x80003a30:  e82a              sd                      a0,16(sp)
0x80003a32:  e509              bnez                    a0,10                   # 0x80003a3c

----------------
IN: _RNvMs1_NtNtCs4Hpn15vVByi_4core3ptr8non_nullINtB5_7NonNullhE3newCsb0QcX9fjLSJ_6tritan
0x80003a3c:  a029              j                       10                      # 0x80003a46

----------------
IN: _RNvMs1_NtNtCs4Hpn15vVByi_4core3ptr8non_nullINtB5_7NonNullhE3newCsb0QcX9fjLSJ_6tritan
0x80003a46:  6502              ld                      a0,0(sp)
0x80003a48:  00009597          auipc                   a1,9                    # 0x8000ca48
0x80003a4c:  b0058593          addi                    a1,a1,-1280
0x80003a50:  fffff097          auipc                   ra,-1                   # 0x80002a50
0x80003a54:  790080e7          jalr                    ra,ra,1936

----------------
IN: _RNvNvMs1_NtNtCs4Hpn15vVByi_4core3ptr8non_nullINtB7_7NonNullpE13new_unchecked18precondition_checkCsb0QcX9fjLSJ_6tritan
0x800031e0:  1101              addi                    sp,sp,-32
0x800031e2:  e02e              sd                      a1,0(sp)
0x800031e4:  e42a              sd                      a0,8(sp)
0x800031e6:  e115              bnez                    a0,36                   # 0x8000320a

----------------
IN: _RNvNvMs1_NtNtCs4Hpn15vVByi_4core3ptr8non_nullINtB7_7NonNullpE13new_unchecked18precondition_checkCsb0QcX9fjLSJ_6tritan
0x8000320a:  6105              addi                    sp,sp,32
0x8000320c:  8082              ret                     

----------------
IN: _RNvMs1_NtNtCs4Hpn15vVByi_4core3ptr8non_nullINtB5_7NonNullhE3newCsb0QcX9fjLSJ_6tritan
0x80003a58:  a009              j                       2                       # 0x80003a5a

----------------
IN: _RNvMs1_NtNtCs4Hpn15vVByi_4core3ptr8non_nullINtB5_7NonNullhE3newCsb0QcX9fjLSJ_6tritan
0x80003a5a:  6502              ld                      a0,0(sp)
0x80003a5c:  e42a              sd                      a0,8(sp)
0x80003a5e:  b7c5              j                       -32                     # 0x80003a3e

----------------
IN: _RNvMs1_NtNtCs4Hpn15vVByi_4core3ptr8non_nullINtB5_7NonNullhE3newCsb0QcX9fjLSJ_6tritan
0x80003a3e:  6522              ld                      a0,8(sp)
0x80003a40:  60e2              ld                      ra,24(sp)
0x80003a42:  6105              addi                    sp,sp,32
0x80003a44:  8082              ret                     

----------------
IN: _RNvMCsd5aZ26uNDBs_22buddy_system_allocatorINtB2_4HeapKj20_E5allocCsb0QcX9fjLSJ_6tritan
0x80003ec6:  ee2a              sd                      a0,280(sp)
0x80003ec8:  6572              ld                      a0,280(sp)
0x80003eca:  ed09              bnez                    a0,26                   # 0x80003ee4

----------------
IN: _RNvMCsd5aZ26uNDBs_22buddy_system_allocatorINtB2_4HeapKj20_E5allocCsb0QcX9fjLSJ_6tritan
0x80003ee4:  6572              ld                      a0,280(sp)
0x80003ee6:  e4aa              sd                      a0,72(sp)
0x80003ee8:  e2aa              sd                      a0,320(sp)
0x80003eea:  1908              addi                    a0,sp,176
0x80003eec:  fffff097          auipc                   ra,-1                   # 0x80002eec
0x80003ef0:  1f4080e7          jalr                    ra,ra,500

----------------
IN: _RNvMCsd5aZ26uNDBs_22buddy_system_allocatorINtB2_4HeapKj20_E5allocCsb0QcX9fjLSJ_6tritan
0x80003ef4:  658a              ld                      a1,128(sp)
0x80003ef6:  1005b583          ld                      a1,256(a1)
0x80003efa:  952e              add                     a0,a0,a1
0x80003efc:  e8aa              sd                      a0,80(sp)
0x80003efe:  02b56263          bgtu                    a1,a0,36                # 0x80003f22

----------------
IN: _RNvMCsd5aZ26uNDBs_22buddy_system_allocatorINtB2_4HeapKj20_E5allocCsb0QcX9fjLSJ_6tritan
0x80003f02:  a021              j                       8                       # 0x80003f0a

----------------
IN: _RNvMCsd5aZ26uNDBs_22buddy_system_allocatorINtB2_4HeapKj20_E5allocCsb0QcX9fjLSJ_6tritan
0x80003f0a:  656a              ld                      a0,152(sp)
0x80003f0c:  658a              ld                      a1,128(sp)
0x80003f0e:  6646              ld                      a2,80(sp)
0x80003f10:  10c5b023          sd                      a2,256(a1)
0x80003f14:  1085b583          ld                      a1,264(a1)
0x80003f18:  952e              add                     a0,a0,a1
0x80003f1a:  e0aa              sd                      a0,64(sp)
0x80003f1c:  02b56263          bgtu                    a1,a0,36                # 0x80003f40

----------------
IN: _RNvMCsd5aZ26uNDBs_22buddy_system_allocatorINtB2_4HeapKj20_E5allocCsb0QcX9fjLSJ_6tritan
0x80003f20:  a809              j                       18                      # 0x80003f32

----------------
IN: _RNvMCsd5aZ26uNDBs_22buddy_system_allocatorINtB2_4HeapKj20_E5allocCsb0QcX9fjLSJ_6tritan
0x80003f32:  6526              ld                      a0,72(sp)
0x80003f34:  6586              ld                      a1,64(sp)
0x80003f36:  660a              ld                      a2,128(sp)
0x80003f38:  10b63423          sd                      a1,264(a2)
0x80003f3c:  e1aa              sd                      a0,192(sp)
0x80003f3e:  bd69              j                       -358                    # 0x80003dd8

----------------
IN: _RNvMCsd5aZ26uNDBs_22buddy_system_allocatorINtB2_4HeapKj20_E5allocCsb0QcX9fjLSJ_6tritan
0x80003dd8:  650e              ld                      a0,192(sp)
0x80003dda:  70b6              ld                      ra,360(sp)
0x80003ddc:  6175              addi                    sp,sp,368
0x80003dde:  8082              ret                     

----------------
IN: _RNvNtCsb0QcX9fjLSJ_6tritan6kalloc6kalloc
0x80002102:  00001097          auipc                   ra,1                    # 0x80003102
0x80002106:  7f2080e7          jalr                    ra,ra,2034

----------------
IN: _RNvMNtCs4Hpn15vVByi_4core6resultINtB2_6ResultINtNtNtB4_3ptr8non_null7NonNullhEuE2okCsb0QcX9fjLSJ_6tritan
0x800038f4:  1101              addi                    sp,sp,-32
0x800038f6:  e42a              sd                      a0,8(sp)
0x800038f8:  6522              ld                      a0,8(sp)
0x800038fa:  e509              bnez                    a0,10                   # 0x80003904

----------------
IN: _RNvMNtCs4Hpn15vVByi_4core6resultINtB2_6ResultINtNtNtB4_3ptr8non_null7NonNullhEuE2okCsb0QcX9fjLSJ_6tritan
0x80003904:  6522              ld                      a0,8(sp)
0x80003906:  ec2a              sd                      a0,24(sp)
0x80003908:  e82a              sd                      a0,16(sp)
0x8000390a:  a009              j                       2                       # 0x8000390c

----------------
IN: _RNvMNtCs4Hpn15vVByi_4core6resultINtB2_6ResultINtNtNtB4_3ptr8non_null7NonNullhEuE2okCsb0QcX9fjLSJ_6tritan
0x8000390c:  6522              ld                      a0,8(sp)
0x8000390e:  e119              bnez                    a0,6                    # 0x80003914

----------------
IN: _RNvMNtCs4Hpn15vVByi_4core6resultINtB2_6ResultINtNtNtB4_3ptr8non_null7NonNullhEuE2okCsb0QcX9fjLSJ_6tritan
0x80003914:  6542              ld                      a0,16(sp)
0x80003916:  6105              addi                    sp,sp,32
0x80003918:  8082              ret                     

----------------
IN: _RNvNtCsb0QcX9fjLSJ_6tritan6kalloc6kalloc
0x8000210a:  00000097          auipc                   ra,0                    # 0x8000210a
0x8000210e:  638080e7          jalr                    ra,ra,1592

----------------
IN: _RINvMNtCs4Hpn15vVByi_4core6optionINtB3_6OptionINtNtNtB5_3ptr8non_null7NonNullhEE3mapOhNCNvNtCsb0QcX9fjLSJ_6tritan6kalloc6kalloc0EB1s_
0x80002742:  7179              addi                    sp,sp,-48
0x80002744:  f406              sd                      ra,40(sp)
0x80002746:  e02a              sd                      a0,0(sp)
0x80002748:  6502              ld                      a0,0(sp)
0x8000274a:  cd01              beqz                    a0,24                   # 0x80002762

----------------
IN: _RINvMNtCs4Hpn15vVByi_4core6optionINtB3_6OptionINtNtNtB5_3ptr8non_null7NonNullhEE3mapOhNCNvNtCsb0QcX9fjLSJ_6tritan6kalloc6kalloc0EB1s_
0x8000274c:  a009              j                       2                       # 0x8000274e

----------------
IN: _RINvMNtCs4Hpn15vVByi_4core6optionINtB3_6OptionINtNtNtB5_3ptr8non_null7NonNullhEE3mapOhNCNvNtCsb0QcX9fjLSJ_6tritan6kalloc6kalloc0EB1s_
0x8000274e:  6502              ld                      a0,0(sp)
0x80002750:  f02a              sd                      a0,32(sp)
0x80002752:  00000097          auipc                   ra,0                    # 0x80002752
0x80002756:  fa4080e7          jalr                    ra,ra,-92

----------------
IN: _RNCNvNtCsb0QcX9fjLSJ_6tritan6kalloc6kalloc0B5_
0x800026f6:  711d              addi                    sp,sp,-96
0x800026f8:  ec86              sd                      ra,88(sp)
0x800026fa:  e82a              sd                      a0,16(sp)
0x800026fc:  f02a              sd                      a0,32(sp)
0x800026fe:  e8aa              sd                      a0,80(sp)
0x80002700:  f42a              sd                      a0,40(sp)
0x80002702:  fc2a              sd                      a0,56(sp)
0x80002704:  4581              mv                      a1,zero
0x80002706:  e02e              sd                      a1,0(sp)
0x80002708:  04b103a3          sb                      a1,71(sp)
0x8000270c:  6605              lui                     a2,1
0x8000270e:  e432              sd                      a2,8(sp)
0x80002710:  e4b2              sd                      a2,72(sp)
0x80002712:  02b10ba3          sb                      a1,55(sp)
0x80002716:  03714603          lbu                     a2,55(sp)
0x8000271a:  00009597          auipc                   a1,9                    # 0x8000b71a
0x8000271e:  3d658693          addi                    a3,a1,982
0x80002722:  4585              addi                    a1,zero,1
0x80002724:  00001097          auipc                   ra,1                    # 0x80003724
0x80002728:  06c080e7          jalr                    ra,ra,108

----------------
IN: _RNvNvNtCs4Hpn15vVByi_4core3ptr11write_bytes18precondition_checkCsb0QcX9fjLSJ_6tritan
0x80003790:  715d              addi                    sp,sp,-80
0x80003792:  e486              sd                      ra,72(sp)
0x80003794:  e436              sd                      a3,8(sp)
0x80003796:  e82a              sd                      a0,16(sp)
0x80003798:  86b2              mv                      a3,a2
0x8000379a:  ec36              sd                      a3,24(sp)
0x8000379c:  f02a              sd                      a0,32(sp)
0x8000379e:  f42e              sd                      a1,40(sp)
0x800037a0:  02c10ba3          sb                      a2,55(sp)
0x800037a4:  00001097          auipc                   ra,1                    # 0x800047a4
0x800037a8:  2da080e7          jalr                    ra,ra,730

----------------
IN: _RNvNvNtCs4Hpn15vVByi_4core3ptr11write_bytes18precondition_checkCsb0QcX9fjLSJ_6tritan
0x800037ac:  e119              bnez                    a0,6                    # 0x800037b2

----------------
IN: _RNvNvNtCs4Hpn15vVByi_4core3ptr11write_bytes18precondition_checkCsb0QcX9fjLSJ_6tritan
0x800037b2:  6562              ld                      a0,24(sp)
0x800037b4:  8905              andi                    a0,a0,1
0x800037b6:  e50d              bnez                    a0,42                   # 0x800037e0

----------------
IN: _RNvNvNtCs4Hpn15vVByi_4core3ptr11write_bytes18precondition_checkCsb0QcX9fjLSJ_6tritan
0x800037b8:  a00d              j                       34                      # 0x800037da

----------------
IN: _RNvNvNtCs4Hpn15vVByi_4core3ptr11write_bytes18precondition_checkCsb0QcX9fjLSJ_6tritan
0x800037da:  6542              ld                      a0,16(sp)
0x800037dc:  e119              bnez                    a0,6                    # 0x800037e2

----------------
IN: _RNvNvNtCs4Hpn15vVByi_4core3ptr11write_bytes18precondition_checkCsb0QcX9fjLSJ_6tritan
0x800037e2:  60a6              ld                      ra,72(sp)
0x800037e4:  6161              addi                    sp,sp,80
0x800037e6:  8082              ret                     

----------------
IN: _RNCNvNtCsb0QcX9fjLSJ_6tritan6kalloc6kalloc0B5_
0x8000272c:  6582              ld                      a1,0(sp)
0x8000272e:  6622              ld                      a2,8(sp)
0x80002730:  6542              ld                      a0,16(sp)
0x80002732:  00006097          auipc                   ra,6                    # 0x80008732
0x80002736:  8a4080e7          jalr                    ra,ra,-1884

----------------
IN: memset
0x80007fd6:  46c1              addi                    a3,zero,16
0x80007fd8:  06d66463          bgtu                    a3,a2,104               # 0x80008040

----------------
IN: memset
0x80007fdc:  40a006b3          neg                     a3,a0
0x80007fe0:  0076f813          andi                    a6,a3,7
0x80007fe4:  01050733          add                     a4,a0,a6
0x80007fe8:  00e57963          bleu                    a4,a0,18                # 0x80007ffa

----------------
IN: memset
0x80007ffa:  41060633          sub                     a2,a2,a6

----------------
IN: memset
0x80007ffe:  ff867693          andi                    a3,a2,-8

----------------
IN: memset
0x80008002:  96ba              add                     a3,a3,a4
0x80008004:  02d77363          bleu                    a3,a4,38                # 0x8000802a

----------------
IN: memset
0x80008008:  03859813          slli                    a6,a1,56
0x8000800c:  101017b7          lui                     a5,65793
0x80008010:  0792              slli                    a5,a5,4
0x80008012:  10078793          addi                    a5,a5,256
0x80008016:  02f83833          mulhu                   a6,a6,a5
0x8000801a:  02081793          slli                    a5,a6,32
0x8000801e:  0107e7b3          or                      a5,a5,a6
0x80008022:  e31c              sd                      a5,0(a4)
0x80008024:  0721              addi                    a4,a4,8
0x80008026:  fed76ee3          bgtu                    a3,a4,-4                # 0x80008022

----------------
IN: memset
0x80008022:  e31c              sd                      a5,0(a4)
0x80008024:  0721              addi                    a4,a4,8
0x80008026:  fed76ee3          bgtu                    a3,a4,-4                # 0x80008022

----------------
IN: memset
0x8000802a:  8a1d              andi                    a2,a2,7
0x8000802c:  00c68733          add                     a4,a3,a2
0x80008030:  00e6f763          bleu                    a4,a3,14                # 0x8000803e

----------------
IN: memset
0x8000803e:  8082              ret                     

----------------
IN: _RNCNvNtCsb0QcX9fjLSJ_6tritan6kalloc6kalloc0B5_
0x8000273a:  6542              ld                      a0,16(sp)
0x8000273c:  60e6              ld                      ra,88(sp)
0x8000273e:  6125              addi                    sp,sp,96
0x80002740:  8082              ret                     

----------------
IN: _RINvMNtCs4Hpn15vVByi_4core6optionINtB3_6OptionINtNtNtB5_3ptr8non_null7NonNullhEE3mapOhNCNvNtCsb0QcX9fjLSJ_6tritan6kalloc6kalloc0EB1s_
0x8000275a:  e82a              sd                      a0,16(sp)
0x8000275c:  4505              addi                    a0,zero,1
0x8000275e:  e42a              sd                      a0,8(sp)
0x80002760:  a021              j                       8                       # 0x80002768

----------------
IN: _RINvMNtCs4Hpn15vVByi_4core6optionINtB3_6OptionINtNtNtB5_3ptr8non_null7NonNullhEE3mapOhNCNvNtCsb0QcX9fjLSJ_6tritan6kalloc6kalloc0EB1s_
0x80002768:  6522              ld                      a0,8(sp)
0x8000276a:  65c2              ld                      a1,16(sp)
0x8000276c:  70a2              ld                      ra,40(sp)
0x8000276e:  6145              addi                    sp,sp,48
0x80002770:  8082              ret                     

----------------
IN: _RNvNtCsb0QcX9fjLSJ_6tritan6kalloc6kalloc
0x80002112:  862a              mv                      a2,a0
0x80002114:  6502              ld                      a0,0(sp)
0x80002116:  f032              sd                      a2,32(sp)
0x80002118:  f42e              sd                      a1,40(sp)
0x8000211a:  00000097          auipc                   ra,0                    # 0x8000211a
0x8000211e:  718080e7          jalr                    ra,ra,1816

----------------
IN: _RINvNtCs4Hpn15vVByi_4core3ptr13drop_in_placeINtNtCsek73zhQAbPJ_4spin5mutex10MutexGuardINtCsd5aZ26uNDBs_22buddy_system_allocator4HeapKj20_EEECsb0QcX9fjLSJ_6tritan
0x80002832:  1141              addi                    sp,sp,-16
0x80002834:  e406              sd                      ra,8(sp)
0x80002836:  e02a              sd                      a0,0(sp)
0x80002838:  00000097          auipc                   ra,0                    # 0x80002838
0x8000283c:  04a080e7          jalr                    ra,ra,74

----------------
IN: _RINvNtCs4Hpn15vVByi_4core3ptr13drop_in_placeINtNtNtCsek73zhQAbPJ_4spin5mutex4spin14SpinMutexGuardINtCsd5aZ26uNDBs_22buddy_system_allocator4HeapKj20_EEECsb0QcX9fjLSJ_6tritan
0x80002882:  1141              addi                    sp,sp,-16
0x80002884:  e406              sd                      ra,8(sp)
0x80002886:  e02a              sd                      a0,0(sp)
0x80002888:  00000097          auipc                   ra,0                    # 0x80002888
0x8000288c:  04c080e7          jalr                    ra,ra,76

----------------
IN: _RNvXsd_NtNtCsek73zhQAbPJ_4spin5mutex4spinINtB5_14SpinMutexGuardINtCsd5aZ26uNDBs_22buddy_system_allocator4HeapKj20_EENtNtNtCs4Hpn15vVByi_4core3ops4drop4Drop4dropCsb0QcX9fjLSJ_6tritan
0x800028d4:  1141              addi                    sp,sp,-16
0x800028d6:  e406              sd                      ra,8(sp)
0x800028d8:  e02a              sd                      a0,0(sp)
0x800028da:  6108              ld                      a0,0(a0)
0x800028dc:  4581              mv                      a1,zero
0x800028de:  4605              addi                    a2,zero,1
0x800028e0:  fffff097          auipc                   ra,-1                   # 0x800018e0
0x800028e4:  15c080e7          jalr                    ra,ra,348

----------------
IN: _RNvXsd_NtNtCsek73zhQAbPJ_4spin5mutex4spinINtB5_14SpinMutexGuardINtCsd5aZ26uNDBs_22buddy_system_allocator4HeapKj20_EENtNtNtCs4Hpn15vVByi_4core3ops4drop4Drop4dropCsb0QcX9fjLSJ_6tritan
0x800028e8:  60a2              ld                      ra,8(sp)
0x800028ea:  0141              addi                    sp,sp,16
0x800028ec:  8082              ret                     

----------------
IN: _RINvNtCs4Hpn15vVByi_4core3ptr13drop_in_placeINtNtNtCsek73zhQAbPJ_4spin5mutex4spin14SpinMutexGuardINtCsd5aZ26uNDBs_22buddy_system_allocator4HeapKj20_EEECsb0QcX9fjLSJ_6tritan
0x80002890:  60a2              ld                      ra,8(sp)
0x80002892:  0141              addi                    sp,sp,16
0x80002894:  8082              ret                     

----------------
IN: _RINvNtCs4Hpn15vVByi_4core3ptr13drop_in_placeINtNtCsek73zhQAbPJ_4spin5mutex10MutexGuardINtCsd5aZ26uNDBs_22buddy_system_allocator4HeapKj20_EEECsb0QcX9fjLSJ_6tritan
0x80002840:  60a2              ld                      ra,8(sp)
0x80002842:  0141              addi                    sp,sp,16
0x80002844:  8082              ret                     

----------------
IN: _RNvNtCsb0QcX9fjLSJ_6tritan6kalloc6kalloc
0x80002122:  a009              j                       2                       # 0x80002124

----------------
IN: _RNvNtCsb0QcX9fjLSJ_6tritan6kalloc6kalloc
0x80002124:  7502              ld                      a0,32(sp)
0x80002126:  75a2              ld                      a1,40(sp)
0x80002128:  60ae              ld                      ra,200(sp)
0x8000212a:  6169              addi                    sp,sp,208
0x8000212c:  8082              ret                     

----------------
IN: main
0x80000dd6:  0000a617          auipc                   a2,10                   # 0x8000add6
0x80000dda:  4d260613          addi                    a2,a2,1234
0x80000dde:  0000a697          auipc                   a3,10                   # 0x8000adde
0x80000de2:  4da68713          addi                    a4,a3,1242
0x80000de6:  46bd              addi                    a3,zero,15
0x80000de8:  00002097          auipc                   ra,2                    # 0x80002de8
0x80000dec:  98a080e7          jalr                    ra,ra,-1654

----------------
IN: _RNvMNtCs4Hpn15vVByi_4core6optionINtB2_6OptionOhE6expectCsb0QcX9fjLSJ_6tritan
0x80002772:  7139              addi                    sp,sp,-64
0x80002774:  e03a              sd                      a4,0(sp)
0x80002776:  e436              sd                      a3,8(sp)
0x80002778:  e832              sd                      a2,16(sp)
0x8000277a:  ec2a              sd                      a0,24(sp)
0x8000277c:  f02e              sd                      a1,32(sp)
0x8000277e:  f432              sd                      a2,40(sp)
0x80002780:  f836              sd                      a3,48(sp)
0x80002782:  6562              ld                      a0,24(sp)
0x80002784:  4585              addi                    a1,zero,1
0x80002786:  00b51763          bne                     a0,a1,14                # 0x80002794

----------------
IN: _RNvMNtCs4Hpn15vVByi_4core6optionINtB2_6OptionOhE6expectCsb0QcX9fjLSJ_6tritan
0x8000278a:  a009              j                       2                       # 0x8000278c

----------------
IN: _RNvMNtCs4Hpn15vVByi_4core6optionINtB2_6OptionOhE6expectCsb0QcX9fjLSJ_6tritan
0x8000278c:  7502              ld                      a0,32(sp)
0x8000278e:  fc2a              sd                      a0,56(sp)
0x80002790:  6121              addi                    sp,sp,64
0x80002792:  8082              ret                     

----------------
IN: main
0x80000df0:  ed2a              sd                      a0,152(sp)
0x80000df2:  85aa              mv                      a1,a0
0x80000df4:  e52e              sd                      a1,136(sp)
0x80000df6:  e7aa              sd                      a0,456(sp)
0x80000df8:  00001097          auipc                   ra,1                    # 0x80001df8
0x80000dfc:  21c080e7          jalr                    ra,ra,540

----------------
IN: _RNvXs3_NtNtCs4Hpn15vVByi_4core4iter5rangeINtNtNtB9_3ops5range5RangejENtB5_17RangeIteratorImpl14spec_next_backCsb0QcX9fjLSJ_6tritan
0x8000324a:  6522              ld                      a0,8(sp)
0x8000324c:  6508              ld                      a0,8(a0)
0x8000324e:  4585              addi                    a1,zero,1
0x80003250:  e02e              sd                      a1,0(sp)
0x80003252:  ffffd097          auipc                   ra,-3                   # 0x80000252
0x80003256:  7fc080e7          jalr                    ra,ra,2044

----------------
IN: _RNvXsF_NtNtCs4Hpn15vVByi_4core4iter5rangejNtB5_4Step18backward_uncheckedCsb0QcX9fjLSJ_6tritan
0x80000a4e:  7179              addi                    sp,sp,-48
0x80000a50:  f406              sd                      ra,40(sp)
0x80000a52:  e42e              sd                      a1,8(sp)
0x80000a54:  e82a              sd                      a0,16(sp)
0x80000a56:  ec2a              sd                      a0,24(sp)
0x80000a58:  f02e              sd                      a1,32(sp)
0x80000a5a:  a009              j                       2                       # 0x80000a5c

----------------
IN: _RNvXsF_NtNtCs4Hpn15vVByi_4core4iter5rangejNtB5_4Step18backward_uncheckedCsb0QcX9fjLSJ_6tritan
0x80000a5c:  65a2              ld                      a1,8(sp)
0x80000a5e:  6542              ld                      a0,16(sp)
0x80000a60:  0000a617          auipc                   a2,10                   # 0x8000aa60
0x80000a64:  72060613          addi                    a2,a2,1824
0x80000a68:  00002097          auipc                   ra,2                    # 0x80002a68
0x80000a6c:  554080e7          jalr                    ra,ra,1364

----------------
IN: _RNvNvMs9_NtCs4Hpn15vVByi_4core3numj13unchecked_sub18precondition_checkCsb0QcX9fjLSJ_6tritan
0x80002fbc:  7179              addi                    sp,sp,-48
0x80002fbe:  e432              sd                      a2,8(sp)
0x80002fc0:  e82a              sd                      a0,16(sp)
0x80002fc2:  ec2e              sd                      a1,24(sp)
0x80002fc4:  00b56563          bgtu                    a1,a0,10                # 0x80002fce

----------------
IN: _RNvNvMs9_NtCs4Hpn15vVByi_4core3numj13unchecked_sub18precondition_checkCsb0QcX9fjLSJ_6tritan
0x80002fc8:  a009              j                       2                       # 0x80002fca

----------------
IN: _RNvNvMs9_NtCs4Hpn15vVByi_4core3numj13unchecked_sub18precondition_checkCsb0QcX9fjLSJ_6tritan
0x80002fca:  6145              addi                    sp,sp,48
0x80002fcc:  8082              ret                     

----------------
IN: _RNvXsF_NtNtCs4Hpn15vVByi_4core4iter5rangejNtB5_4Step18backward_uncheckedCsb0QcX9fjLSJ_6tritan
0x80000a70:  a009              j                       2                       # 0x80000a72

----------------
IN: _RNvXsF_NtNtCs4Hpn15vVByi_4core4iter5rangejNtB5_4Step18backward_uncheckedCsb0QcX9fjLSJ_6tritan
0x80000a72:  6542              ld                      a0,16(sp)
0x80000a74:  65a2              ld                      a1,8(sp)
0x80000a76:  8d0d              sub                     a0,a0,a1
0x80000a78:  70a2              ld                      ra,40(sp)
0x80000a7a:  6145              addi                    sp,sp,48
0x80000a7c:  8082              ret                     

----------------
IN: _RNvXs3_NtNtCs4Hpn15vVByi_4core4iter5rangeINtNtNtB9_3ops5range5RangejENtB5_17RangeIteratorImpl14spec_next_backCsb0QcX9fjLSJ_6tritan
0x8000325a:  65a2              ld                      a1,8(sp)
0x8000325c:  862a              mv                      a2,a0
0x8000325e:  6502              ld                      a0,0(sp)
0x80003260:  e590              sd                      a2,8(a1)
0x80003262:  658c              ld                      a1,8(a1)
0x80003264:  ec2e              sd                      a1,24(sp)
0x80003266:  e82a              sd                      a0,16(sp)
0x80003268:  a009              j                       2                       # 0x8000326a

----------------
IN: _RNvMCsd5aZ26uNDBs_22buddy_system_allocatorINtB2_4HeapKj20_E5allocCsb0QcX9fjLSJ_6tritan
0x80003e76:  a009              j                       2                       # 0x80003e78

----------------
IN: _RNvMCsd5aZ26uNDBs_22buddy_system_allocatorINtB2_4HeapKj20_E5allocCsb0QcX9fjLSJ_6tritan
0x80003e78:  6512              ld                      a0,256(sp)
0x80003e7a:  ecaa              sd                      a0,88(sp)
0x80003e7c:  e6aa              sd                      a0,328(sp)
0x80003e7e:  02000593          addi                    a1,zero,32
0x80003e82:  0cb56763          bgtu                    a1,a0,206               # 0x80003f50

----------------
IN: _RNvMCsd5aZ26uNDBs_22buddy_system_allocatorINtB2_4HeapKj20_E5allocCsb0QcX9fjLSJ_6tritan
0x80003f50:  650a              ld                      a0,128(sp)
0x80003f52:  65e6              ld                      a1,88(sp)
0x80003f54:  058e              slli                    a1,a1,3
0x80003f56:  952e              add                     a0,a0,a1
0x80003f58:  00001097          auipc                   ra,1                    # 0x80004f58
0x80003f5c:  41c080e7          jalr                    ra,ra,1052

----------------
IN: _RNvMCsd5aZ26uNDBs_22buddy_system_allocatorINtB2_4HeapKj20_E5allocCsb0QcX9fjLSJ_6tritan
0x80003f60:  e62a              sd                      a0,264(sp)
0x80003f62:  ea2e              sd                      a1,272(sp)
0x80003f64:  6532              ld                      a0,264(sp)
0x80003f66:  8905              andi                    a0,a0,1
0x80003f68:  ed09              bnez                    a0,26                   # 0x80003f82

----------------
IN: _RNvMCsd5aZ26uNDBs_22buddy_system_allocatorINtB2_4HeapKj20_E5allocCsb0QcX9fjLSJ_6tritan
0x80003f82:  6566              ld                      a0,88(sp)
0x80003f84:  65d2              ld                      a1,272(sp)
0x80003f86:  f82e              sd                      a1,48(sp)
0x80003f88:  eaae              sd                      a1,336(sp)
0x80003f8a:  fff50593          addi                    a1,a0,-1
0x80003f8e:  fc2e              sd                      a1,56(sp)
0x80003f90:  c919              beqz                    a0,22                   # 0x80003fa6

----------------
IN: _RNvMCsd5aZ26uNDBs_22buddy_system_allocatorINtB2_4HeapKj20_E5allocCsb0QcX9fjLSJ_6tritan
0x80003f92:  a021              j                       8                       # 0x80003f9a

----------------
IN: _RNvMCsd5aZ26uNDBs_22buddy_system_allocatorINtB2_4HeapKj20_E5allocCsb0QcX9fjLSJ_6tritan
0x80003f9a:  7562              ld                      a0,56(sp)
0x80003f9c:  02000593          addi                    a1,zero,32
0x80003fa0:  00b56b63          bgtu                    a1,a0,22                # 0x80003fb6

----------------
IN: _RNvMCsd5aZ26uNDBs_22buddy_system_allocatorINtB2_4HeapKj20_E5allocCsb0QcX9fjLSJ_6tritan
0x80003fb6:  6566              ld                      a0,88(sp)
0x80003fb8:  75c2              ld                      a1,48(sp)
0x80003fba:  660a              ld                      a2,128(sp)
0x80003fbc:  76e2              ld                      a3,56(sp)
0x80003fbe:  068e              slli                    a3,a3,3
0x80003fc0:  9636              add                     a2,a2,a3
0x80003fc2:  ec32              sd                      a2,24(sp)
0x80003fc4:  f02e              sd                      a1,32(sp)
0x80003fc6:  fff50593          addi                    a1,a0,-1
0x80003fca:  f42e              sd                      a1,40(sp)
0x80003fcc:  c11d              beqz                    a0,38                   # 0x80003ff2

----------------
IN: _RNvMCsd5aZ26uNDBs_22buddy_system_allocatorINtB2_4HeapKj20_E5allocCsb0QcX9fjLSJ_6tritan
0x80003fce:  a821              j                       24                      # 0x80003fe6

----------------
IN: _RNvMCsd5aZ26uNDBs_22buddy_system_allocatorINtB2_4HeapKj20_E5allocCsb0QcX9fjLSJ_6tritan
0x80003fe6:  7522              ld                      a0,40(sp)
0x80003fe8:  04000593          addi                    a1,zero,64
0x80003fec:  00b56b63          bgtu                    a1,a0,22                # 0x80004002

----------------
IN: _RNvMCsd5aZ26uNDBs_22buddy_system_allocatorINtB2_4HeapKj20_E5allocCsb0QcX9fjLSJ_6tritan
0x80004002:  7582              ld                      a1,32(sp)
0x80004004:  7622              ld                      a2,40(sp)
0x80004006:  4505              addi                    a0,zero,1
0x80004008:  00c51533          sll                     a0,a0,a2
0x8000400c:  952e              add                     a0,a0,a1
0x8000400e:  e82a              sd                      a0,16(sp)
0x80004010:  02b56763          bgtu                    a1,a0,46                # 0x8000403e

----------------
IN: _RNvMCsd5aZ26uNDBs_22buddy_system_allocatorINtB2_4HeapKj20_E5allocCsb0QcX9fjLSJ_6tritan
0x80004014:  a809              j                       18                      # 0x80004026

----------------
IN: _RNvMCsd5aZ26uNDBs_22buddy_system_allocatorINtB2_4HeapKj20_E5allocCsb0QcX9fjLSJ_6tritan
0x80004026:  65c2              ld                      a1,16(sp)
0x80004028:  6562              ld                      a0,24(sp)
0x8000402a:  00001097          auipc                   ra,1                    # 0x8000502a
0x8000402e:  380080e7          jalr                    ra,ra,896

----------------
IN: _RNvMs_NtCsd5aZ26uNDBs_22buddy_system_allocator11linked_listNtB4_10LinkedList4push
0x800053aa:  1141              addi                    sp,sp,-16
0x800053ac:  e02a              sd                      a0,0(sp)
0x800053ae:  e42e              sd                      a1,8(sp)
0x800053b0:  6110              ld                      a2,0(a0)
0x800053b2:  e190              sd                      a2,0(a1)
0x800053b4:  e10c              sd                      a1,0(a0)
0x800053b6:  0141              addi                    sp,sp,16
0x800053b8:  8082              ret                     

----------------
IN: _RNvMCsd5aZ26uNDBs_22buddy_system_allocatorINtB2_4HeapKj20_E5allocCsb0QcX9fjLSJ_6tritan
0x80004032:  6566              ld                      a0,88(sp)
0x80004034:  fff50593          addi                    a1,a0,-1
0x80004038:  e42e              sd                      a1,8(sp)
0x8000403a:  c105              beqz                    a0,32                   # 0x8000405a

----------------
IN: _RNvMCsd5aZ26uNDBs_22buddy_system_allocatorINtB2_4HeapKj20_E5allocCsb0QcX9fjLSJ_6tritan
0x8000403c:  a809              j                       18                      # 0x8000404e

----------------
IN: _RNvMCsd5aZ26uNDBs_22buddy_system_allocatorINtB2_4HeapKj20_E5allocCsb0QcX9fjLSJ_6tritan
0x8000404e:  6522              ld                      a0,8(sp)
0x80004050:  02000593          addi                    a1,zero,32
0x80004054:  00b56b63          bgtu                    a1,a0,22                # 0x8000406a

----------------
IN: _RNvMCsd5aZ26uNDBs_22buddy_system_allocatorINtB2_4HeapKj20_E5allocCsb0QcX9fjLSJ_6tritan
0x8000406a:  75c2              ld                      a1,48(sp)
0x8000406c:  650a              ld                      a0,128(sp)
0x8000406e:  6622              ld                      a2,8(sp)
0x80004070:  060e              slli                    a2,a2,3
0x80004072:  9532              add                     a0,a0,a2
0x80004074:  00001097          auipc                   ra,1                    # 0x80005074
0x80004078:  336080e7          jalr                    ra,ra,822

----------------
IN: _RNvMCsd5aZ26uNDBs_22buddy_system_allocatorINtB2_4HeapKj20_E5allocCsb0QcX9fjLSJ_6tritan
0x8000407c:  b3d5              j                       -540                    # 0x80003e60

----------------
IN: main
0x80000e00:  0000a617          auipc                   a2,10                   # 0x8000ae00
0x80000e04:  4d060613          addi                    a2,a2,1232
0x80000e08:  0000a697          auipc                   a3,10                   # 0x8000ae08
0x80000e0c:  4e068713          addi                    a4,a3,1248
0x80000e10:  46cd              addi                    a3,zero,19
0x80000e12:  00002097          auipc                   ra,2                    # 0x80002e12
0x80000e16:  960080e7          jalr                    ra,ra,-1696

----------------
IN: main
0x80000e1a:  85aa              mv                      a1,a0
0x80000e1c:  e92e              sd                      a1,144(sp)
0x80000e1e:  ebaa              sd                      a0,464(sp)
0x80000e20:  00001097          auipc                   ra,1                    # 0x80001e20
0x80000e24:  1f4080e7          jalr                    ra,ra,500

----------------
IN: main
0x80000e28:  0000a617          auipc                   a2,10                   # 0x8000ae28
0x80000e2c:  4d860613          addi                    a2,a2,1240
0x80000e30:  0000a697          auipc                   a3,10                   # 0x8000ae30
0x80000e34:  4e868713          addi                    a4,a3,1256
0x80000e38:  46dd              addi                    a3,zero,23
0x80000e3a:  00002097          auipc                   ra,2                    # 0x80002e3a
0x80000e3e:  938080e7          jalr                    ra,ra,-1736

----------------
IN: main
0x80000e42:  666a              ld                      a2,152(sp)
0x80000e44:  768a              ld                      a3,160(sp)
0x80000e46:  85aa              mv                      a1,a0
0x80000e48:  752a              ld                      a0,168(sp)
0x80000e4a:  872e              mv                      a4,a1
0x80000e4c:  f93a              sd                      a4,176(sp)
0x80000e4e:  efae              sd                      a1,472(sp)
0x80000e50:  f3aa              sd                      a0,480(sp)
0x80000e52:  020005b7          lui                     a1,8192
0x80000e56:  15fd              addi                    a1,a1,-1
0x80000e58:  05b6              slli                    a1,a1,13
0x80000e5a:  4719              addi                    a4,zero,6
0x80000e5c:  00001097          auipc                   ra,1                    # 0x80001e5c
0x80000e60:  2d2080e7          jalr                    ra,ra,722

----------------
IN: _RNvNtCsb0QcX9fjLSJ_6tritan6kalloc8mappages
0x8000212e:  7131              addi                    sp,sp,-192
0x80002130:  fd06              sd                      ra,184(sp)
0x80002132:  ec3a              sd                      a4,24(sp)
0x80002134:  f02a              sd                      a0,32(sp)
0x80002136:  e0aa              sd                      a0,64(sp)
0x80002138:  e4ae              sd                      a1,72(sp)
0x8000213a:  e8b2              sd                      a2,80(sp)
0x8000213c:  ecb6              sd                      a3,88(sp)
0x8000213e:  f0ba              sd                      a4,96(sp)
0x80002140:  757d              lui                     a0,-1
0x80002142:  00a5f733          and                     a4,a1,a0
0x80002146:  f83a              sd                      a4,48(sp)
0x80002148:  ed2e              sd                      a1,152(sp)
0x8000214a:  f136              sd                      a3,160(sp)
0x8000214c:  95b6              add                     a1,a1,a3
0x8000214e:  f52e              sd                      a1,168(sp)
0x80002150:  4685              addi                    a3,zero,1
0x80002152:  f936              sd                      a3,176(sp)
0x80002154:  15fd              addi                    a1,a1,-1
0x80002156:  8de9              and                     a1,a1,a0
0x80002158:  f42e              sd                      a1,40(sp)
0x8000215a:  f4ae              sd                      a1,104(sp)
0x8000215c:  8d71              and                     a0,a0,a2
0x8000215e:  fc2a              sd                      a0,56(sp)
0x80002160:  a009              j                       2                       # 0x80002162

----------------
IN: _RNvNtCsb0QcX9fjLSJ_6tritan6kalloc8mappages
0x80002162:  7502              ld                      a0,32(sp)
0x80002164:  75c2              ld                      a1,48(sp)
0x80002166:  4605              addi                    a2,zero,1
0x80002168:  00000097          auipc                   ra,0                    # 0x80002168
0x8000216c:  bb6080e7          jalr                    ra,ra,-1098

----------------
IN: _RNvNtCsb0QcX9fjLSJ_6tritan6kalloc4walk
0x80001d1e:  7115              addi                    sp,sp,-224
0x80001d20:  ed86              sd                      ra,216(sp)
0x80001d22:  e4ae              sd                      a1,72(sp)
0x80001d24:  86b2              mv                      a3,a2
0x80001d26:  e8b6              sd                      a3,80(sp)
0x80001d28:  e12a              sd                      a0,128(sp)
0x80001d2a:  e52e              sd                      a1,136(sp)
0x80001d2c:  08c109a3          sb                      a2,147(sp)
0x80001d30:  f4aa              sd                      a0,104(sp)
0x80001d32:  4505              addi                    a0,zero,1
0x80001d34:  458d              addi                    a1,zero,3
0x80001d36:  00001097          auipc                   ra,1                    # 0x80002d36
0x80001d3a:  66e080e7          jalr                    ra,ra,1646

----------------
IN: _RNvYINtNtNtCs4Hpn15vVByi_4core3ops5range5RangelENtNtNtNtB9_4iter6traits8iterator8Iterator3revCsb0QcX9fjLSJ_6tritan
0x800033a4:  1141              addi                    sp,sp,-16
0x800033a6:  c42a              sw                      a0,8(sp)
0x800033a8:  c62e              sw                      a1,12(sp)
0x800033aa:  0141              addi                    sp,sp,16
0x800033ac:  8082              ret                     

----------------
IN: _RNvNtCsb0QcX9fjLSJ_6tritan6kalloc4walk
0x80001d3e:  00001097          auipc                   ra,1                    # 0x80002d3e
0x80001d42:  c06080e7          jalr                    ra,ra,-1018

----------------
IN: _RNvXNtNtNtCs4Hpn15vVByi_4core4iter6traits7collectINtNtNtB6_8adapters3rev3RevINtNtNtB8_3ops5range5RangelEENtB2_12IntoIterator9into_iterCsb0QcX9fjLSJ_6tritan
0x80002944:  1141              addi                    sp,sp,-16
0x80002946:  c42a              sw                      a0,8(sp)
0x80002948:  c62e              sw                      a1,12(sp)
0x8000294a:  0141              addi                    sp,sp,16
0x8000294c:  8082              ret                     

----------------
IN: _RNvNtCsb0QcX9fjLSJ_6tritan6kalloc4walk
0x80001d46:  d8aa              sw                      a0,112(sp)
0x80001d48:  daae              sw                      a1,116(sp)
0x80001d4a:  a009              j                       2                       # 0x80001d4c

----------------
IN: _RNvNtCsb0QcX9fjLSJ_6tritan6kalloc4walk
0x80001d4c:  1888              addi                    a0,sp,112
0x80001d4e:  00001097          auipc                   ra,1                    # 0x80002d4e
0x80001d52:  c28080e7          jalr                    ra,ra,-984

----------------
IN: _RNvXs_NtNtNtCs4Hpn15vVByi_4core4iter8adapters3revINtB4_3RevINtNtNtBa_3ops5range5RangelEENtNtNtB8_6traits8iterator8Iterator4nextCsb0QcX9fjLSJ_6tritan
0x80002976:  1141              addi                    sp,sp,-16
0x80002978:  e406              sd                      ra,8(sp)
0x8000297a:  e02a              sd                      a0,0(sp)
0x8000297c:  00001097          auipc                   ra,1                    # 0x8000397c
0x80002980:  958080e7          jalr                    ra,ra,-1704

----------------
IN: _RNvXs5_NtNtCs4Hpn15vVByi_4core4iter5rangeINtNtNtB9_3ops5range5RangelENtNtNtB7_6traits12double_ended19DoubleEndedIterator9next_backCsb0QcX9fjLSJ_6tritan
0x800032d4:  1141              addi                    sp,sp,-16
0x800032d6:  e406              sd                      ra,8(sp)
0x800032d8:  e02a              sd                      a0,0(sp)
0x800032da:  00000097          auipc                   ra,0                    # 0x800032da
0x800032de:  f9a080e7          jalr                    ra,ra,-102

----------------
IN: _RNvXs3_NtNtCs4Hpn15vVByi_4core4iter5rangeINtNtNtB9_3ops5range5RangelENtB5_17RangeIteratorImpl14spec_next_backCsb0QcX9fjLSJ_6tritan
0x80003274:  7139              addi                    sp,sp,-64
0x80003276:  fc06              sd                      ra,56(sp)
0x80003278:  85aa              mv                      a1,a0
0x8000327a:  e82e              sd                      a1,16(sp)
0x8000327c:  f02e              sd                      a1,32(sp)
0x8000327e:  00458513          addi                    a0,a1,4
0x80003282:  f42e              sd                      a1,40(sp)
0x80003284:  f82a              sd                      a0,48(sp)
0x80003286:  4188              lw                      a0,0(a1)
0x80003288:  41cc              lw                      a1,4(a1)
0x8000328a:  00b54663          bgt                     a1,a0,12                # 0x80003296

----------------
IN: _RNvXs3_NtNtCs4Hpn15vVByi_4core4iter5rangeINtNtNtB9_3ops5range5RangelENtB5_17RangeIteratorImpl14spec_next_backCsb0QcX9fjLSJ_6tritan
0x80003296:  6542              ld                      a0,16(sp)
0x80003298:  4148              lw                      a0,4(a0)
0x8000329a:  4585              addi                    a1,zero,1
0x8000329c:  e42e              sd                      a1,8(sp)
0x8000329e:  ffffd097          auipc                   ra,-3                   # 0x8000029e
0x800032a2:  74c080e7          jalr                    ra,ra,1868

----------------
IN: _RNvXsC_NtNtCs4Hpn15vVByi_4core4iter5rangelNtB5_4Step18backward_uncheckedCsb0QcX9fjLSJ_6tritan
0x800009ea:  7139              addi                    sp,sp,-64
0x800009ec:  fc06              sd                      ra,56(sp)
0x800009ee:  ce2a              sw                      a0,28(sp)
0x800009f0:  f02e              sd                      a1,32(sp)
0x800009f2:  d42e              sw                      a1,40(sp)
0x800009f4:  0005869b          sext.w                  a3,a1
0x800009f8:  40d50633          sub                     a2,a0,a3
0x800009fc:  9d15              subw                    a0,a0,a3
0x800009fe:  e42a              sd                      a0,8(sp)
0x80000a00:  8d31              xor                     a0,a0,a2
0x80000a02:  00a03533          snez                    a0,a0
0x80000a06:  d632              sw                      a2,44(sp)
0x80000a08:  01f5d59b          srliw                   a1,a1,31
0x80000a0c:  00b54633          xor                     a2,a0,a1
0x80000a10:  02c109a3          sb                      a2,51(sp)
0x80000a14:  00b51c63          bne                     a0,a1,24                # 0x80000a2c

----------------
IN: _RNvXsC_NtNtCs4Hpn15vVByi_4core4iter5rangelNtB5_4Step18backward_uncheckedCsb0QcX9fjLSJ_6tritan
0x80000a18:  a009              j                       2                       # 0x80000a1a

----------------
IN: _RNvXsC_NtNtCs4Hpn15vVByi_4core4iter5rangelNtB5_4Step18backward_uncheckedCsb0QcX9fjLSJ_6tritan
0x80000a1a:  6522              ld                      a0,8(sp)
0x80000a1c:  cc2a              sw                      a0,24(sp)
0x80000a1e:  4505              addi                    a0,zero,1
0x80000a20:  ca2a              sw                      a0,20(sp)
0x80000a22:  4562              lw                      a0,24(sp)
0x80000a24:  da2a              sw                      a0,52(sp)
0x80000a26:  70e2              ld                      ra,56(sp)
0x80000a28:  6121              addi                    sp,sp,64
0x80000a2a:  8082              ret                     

----------------
IN: _RNvXs3_NtNtCs4Hpn15vVByi_4core4iter5rangeINtNtNtB9_3ops5range5RangelENtB5_17RangeIteratorImpl14spec_next_backCsb0QcX9fjLSJ_6tritan
0x800032a6:  65c2              ld                      a1,16(sp)
0x800032a8:  862a              mv                      a2,a0
0x800032aa:  6522              ld                      a0,8(sp)
0x800032ac:  c1d0              sw                      a2,4(a1)
0x800032ae:  41cc              lw                      a1,4(a1)
0x800032b0:  ce2e              sw                      a1,28(sp)
0x800032b2:  cc2a              sw                      a0,24(sp)
0x800032b4:  a009              j                       2                       # 0x800032b6

----------------
IN: _RNvXs3_NtNtCs4Hpn15vVByi_4core4iter5rangeINtNtNtB9_3ops5range5RangelENtB5_17RangeIteratorImpl14spec_next_backCsb0QcX9fjLSJ_6tritan
0x800032b6:  4562              lw                      a0,24(sp)
0x800032b8:  45f2              lw                      a1,28(sp)
0x800032ba:  70e2              ld                      ra,56(sp)
0x800032bc:  6121              addi                    sp,sp,64
0x800032be:  8082              ret                     

----------------
IN: _RNvXs5_NtNtCs4Hpn15vVByi_4core4iter5rangeINtNtNtB9_3ops5range5RangelENtNtNtB7_6traits12double_ended19DoubleEndedIterator9next_backCsb0QcX9fjLSJ_6tritan
0x800032e2:  60a2              ld                      ra,8(sp)
0x800032e4:  0141              addi                    sp,sp,16
0x800032e6:  8082              ret                     

----------------
IN: _RNvXs_NtNtNtCs4Hpn15vVByi_4core4iter8adapters3revINtB4_3RevINtNtNtBa_3ops5range5RangelEENtNtNtB8_6traits8iterator8Iterator4nextCsb0QcX9fjLSJ_6tritan
0x80002984:  60a2              ld                      ra,8(sp)
0x80002986:  0141              addi                    sp,sp,16
0x80002988:  8082              ret                     

----------------
IN: _RNvNtCsb0QcX9fjLSJ_6tritan6kalloc4walk
0x80001d56:  dcaa              sw                      a0,120(sp)
0x80001d58:  deae              sw                      a1,124(sp)
0x80001d5a:  07816503          lwu                     a0,120(sp)
0x80001d5e:  8905              andi                    a0,a0,1
0x80001d60:  cd09              beqz                    a0,26                   # 0x80001d7a

----------------
IN: _RNvNtCsb0QcX9fjLSJ_6tritan6kalloc4walk
0x80001d62:  a009              j                       2                       # 0x80001d64

----------------
IN: _RNvNtCsb0QcX9fjLSJ_6tritan6kalloc4walk
0x80001d64:  5676              lw                      a2,124(sp)
0x80001d66:  cb32              sw                      a2,148(sp)
0x80001d68:  00361513          slli                    a0,a2,3
0x80001d6c:  00c505b3          add                     a1,a0,a2
0x80001d70:  e0ae              sd                      a1,64(sp)
0x80001d72:  9d31              addw                    a0,a0,a2
0x80001d74:  02b51c63          bne                     a0,a1,56                # 0x80001dac

----------------
IN: _RNvNtCsb0QcX9fjLSJ_6tritan6kalloc4walk
0x80001d78:  a015              j                       36                      # 0x80001d9c

----------------
IN: _RNvNtCsb0QcX9fjLSJ_6tritan6kalloc4walk
0x80001d9c:  6586              ld                      a1,64(sp)
0x80001d9e:  00c5851b          addiw                   a0,a1,12
0x80001da2:  fc2a              sd                      a0,56(sp)
0x80001da4:  2581              sext.w                  a1,a1
0x80001da6:  02b54263          bgt                     a1,a0,36                # 0x80001dca

----------------
IN: _RNvNtCsb0QcX9fjLSJ_6tritan6kalloc4walk
0x80001daa:  a809              j                       18                      # 0x80001dbc

----------------
IN: _RNvNtCsb0QcX9fjLSJ_6tritan6kalloc4walk
0x80001dbc:  7562              ld                      a0,56(sp)
0x80001dbe:  2501              sext.w                  a0,a0
0x80001dc0:  04000593          addi                    a1,zero,64
0x80001dc4:  00b56b63          bgtu                    a1,a0,22                # 0x80001dda

----------------
IN: _RNvNtCsb0QcX9fjLSJ_6tritan6kalloc4walk
0x80001dda:  6526              ld                      a0,72(sp)
0x80001ddc:  75e2              ld                      a1,56(sp)
0x80001dde:  00b55533          srl                     a0,a0,a1
0x80001de2:  1ff57593          andi                    a1,a0,511
0x80001de6:  ed2e              sd                      a1,152(sp)
0x80001de8:  7526              ld                      a0,104(sp)
0x80001dea:  fd2a              sd                      a0,184(sp)
0x80001dec:  e1ae              sd                      a1,192(sp)
0x80001dee:  058e              slli                    a1,a1,3
0x80001df0:  952e              add                     a0,a0,a1
0x80001df2:  f42a              sd                      a0,40(sp)
0x80001df4:  85aa              mv                      a1,a0
0x80001df6:  f82e              sd                      a1,48(sp)
0x80001df8:  f12a              sd                      a0,160(sp)
0x80001dfa:  891d              andi                    a0,a0,7
0x80001dfc:  c911              beqz                    a0,20                   # 0x80001e10

----------------
IN: _RNvNtCsb0QcX9fjLSJ_6tritan6kalloc4walk
0x80001e10:  7542              ld                      a0,48(sp)
0x80001e12:  ed01              bnez                    a0,24                   # 0x80001e2a

----------------
IN: _RNvNtCsb0QcX9fjLSJ_6tritan6kalloc4walk
0x80001e2a:  7542              ld                      a0,48(sp)
0x80001e2c:  6108              ld                      a0,0(a0)
0x80001e2e:  f02a              sd                      a0,32(sp)
0x80001e30:  f52a              sd                      a0,168(sp)
0x80001e32:  8905              andi                    a0,a0,1
0x80001e34:  ed11              bnez                    a0,28                   # 0x80001e50

----------------
IN: _RNvNtCsb0QcX9fjLSJ_6tritan6kalloc4walk
0x80001e50:  7502              ld                      a0,32(sp)
0x80001e52:  8129              srli                    a0,a0,10
0x80001e54:  0532              slli                    a0,a0,12
0x80001e56:  f4aa              sd                      a0,104(sp)
0x80001e58:  bdd5              j                       -268                    # 0x80001d4c

----------------
IN: _RNvXs3_NtNtCs4Hpn15vVByi_4core4iter5rangeINtNtNtB9_3ops5range5RangelENtB5_17RangeIteratorImpl14spec_next_backCsb0QcX9fjLSJ_6tritan
0x8000328e:  a009              j                       2                       # 0x80003290

----------------
IN: _RNvXs3_NtNtCs4Hpn15vVByi_4core4iter5rangeINtNtNtB9_3ops5range5RangelENtB5_17RangeIteratorImpl14spec_next_backCsb0QcX9fjLSJ_6tritan
0x80003290:  4501              mv                      a0,zero
0x80003292:  cc2a              sw                      a0,24(sp)
0x80003294:  a00d              j                       34                      # 0x800032b6

----------------
IN: _RNvNtCsb0QcX9fjLSJ_6tritan6kalloc4walk
0x80001d7a:  65a6              ld                      a1,72(sp)
0x80001d7c:  7526              ld                      a0,104(sp)
0x80001d7e:  15ae              slli                    a1,a1,43
0x80001d80:  91dd              srli                    a1,a1,55
0x80001d82:  e5aa              sd                      a0,200(sp)
0x80001d84:  e9ae              sd                      a1,208(sp)
0x80001d86:  058e              slli                    a1,a1,3
0x80001d88:  952e              add                     a0,a0,a1
0x80001d8a:  f0aa              sd                      a0,96(sp)
0x80001d8c:  4505              addi                    a0,zero,1
0x80001d8e:  ecaa              sd                      a0,88(sp)
0x80001d90:  a009              j                       2                       # 0x80001d92

----------------
IN: _RNvNtCsb0QcX9fjLSJ_6tritan6kalloc4walk
0x80001d92:  6566              ld                      a0,88(sp)
0x80001d94:  7586              ld                      a1,96(sp)
0x80001d96:  60ee              ld                      ra,216(sp)
0x80001d98:  612d              addi                    sp,sp,224
0x80001d9a:  8082              ret                     

----------------
IN: _RNvNtCsb0QcX9fjLSJ_6tritan6kalloc8mappages
0x80002170:  00009617          auipc                   a2,9                    # 0x8000b170
0x80002174:  77860613          addi                    a2,a2,1912
0x80002178:  00009697          auipc                   a3,9                    # 0x8000b178
0x8000217c:  78868713          addi                    a4,a3,1928
0x80002180:  46d5              addi                    a3,zero,21
0x80002182:  00000097          auipc                   ra,0                    # 0x80002182
0x80002186:  650080e7          jalr                    ra,ra,1616

----------------
IN: _RNvMNtCs4Hpn15vVByi_4core6optionINtB2_6OptionOyE6expectCsb0QcX9fjLSJ_6tritan
0x800027d2:  7139              addi                    sp,sp,-64
0x800027d4:  e03a              sd                      a4,0(sp)
0x800027d6:  e436              sd                      a3,8(sp)
0x800027d8:  e832              sd                      a2,16(sp)
0x800027da:  ec2a              sd                      a0,24(sp)
0x800027dc:  f02e              sd                      a1,32(sp)
0x800027de:  f432              sd                      a2,40(sp)
0x800027e0:  f836              sd                      a3,48(sp)
0x800027e2:  6562              ld                      a0,24(sp)
0x800027e4:  4585              addi                    a1,zero,1
0x800027e6:  00b51763          bne                     a0,a1,14                # 0x800027f4

----------------
IN: _RNvMNtCs4Hpn15vVByi_4core6optionINtB2_6OptionOyE6expectCsb0QcX9fjLSJ_6tritan
0x800027ea:  a009              j                       2                       # 0x800027ec

----------------
IN: _RNvMNtCs4Hpn15vVByi_4core6optionINtB2_6OptionOyE6expectCsb0QcX9fjLSJ_6tritan
0x800027ec:  7502              ld                      a0,32(sp)
0x800027ee:  fc2a              sd                      a0,56(sp)
0x800027f0:  6121              addi                    sp,sp,64
0x800027f2:  8082              ret                     

----------------
IN: _RNvNtCsb0QcX9fjLSJ_6tritan6kalloc8mappages
0x8000218a:  6662              ld                      a2,24(sp)
0x8000218c:  85aa              mv                      a1,a0
0x8000218e:  e02e              sd                      a1,0(sp)
0x80002190:  f8aa              sd                      a0,112(sp)
0x80002192:  75e2              ld                      a1,56(sp)
0x80002194:  81b1              srli                    a1,a1,12
0x80002196:  05aa              slli                    a1,a1,10
0x80002198:  8dd1              or                      a1,a1,a2
0x8000219a:  0415e593          ori                     a1,a1,65
0x8000219e:  e42e              sd                      a1,8(sp)
0x800021a0:  85aa              mv                      a1,a0
0x800021a2:  e82e              sd                      a1,16(sp)
0x800021a4:  891d              andi                    a0,a0,7
0x800021a6:  e509              bnez                    a0,10                   # 0x800021b0

----------------
IN: _RNvNtCsb0QcX9fjLSJ_6tritan6kalloc8mappages
0x800021a8:  a009              j                       2                       # 0x800021aa

----------------
IN: _RNvNtCsb0QcX9fjLSJ_6tritan6kalloc8mappages
0x800021aa:  6502              ld                      a0,0(sp)
0x800021ac:  ed01              bnez                    a0,24                   # 0x800021c4

----------------
IN: _RNvNtCsb0QcX9fjLSJ_6tritan6kalloc8mappages
0x800021c4:  75a2              ld                      a1,40(sp)
0x800021c6:  6602              ld                      a2,0(sp)
0x800021c8:  6522              ld                      a0,8(sp)
0x800021ca:  08056513          ori                     a0,a0,128
0x800021ce:  e208              sd                      a0,0(a2)
0x800021d0:  7542              ld                      a0,48(sp)
0x800021d2:  02b50763          beq                     a0,a1,46                # 0x80002200

----------------
IN: _RNvNtCsb0QcX9fjLSJ_6tritan6kalloc8mappages
0x80002200:  70ea              ld                      ra,184(sp)
0x80002202:  6129              addi                    sp,sp,192
0x80002204:  8082              ret                     

----------------
IN: main
0x80000e64:  00001097          auipc                   ra,1                    # 0x80001e64
0x80000e68:  3a2080e7          jalr                    ra,ra,930

----------------
IN: _RNvNtCsb0QcX9fjLSJ_6tritan6kalloc9uvmcreate
0x80002206:  7139              addi                    sp,sp,-64
0x80002208:  fc06              sd                      ra,56(sp)
0x8000220a:  00000097          auipc                   ra,0                    # 0x8000220a
0x8000220e:  e0a080e7          jalr                    ra,ra,-502

----------------
IN: _RNvNtCsb0QcX9fjLSJ_6tritan6kalloc9uvmcreate
0x80002212:  00009617          auipc                   a2,9                    # 0x8000b212
0x80002216:  71e60613          addi                    a2,a2,1822
0x8000221a:  00009697          auipc                   a3,9                    # 0x8000b21a
0x8000221e:  72e68713          addi                    a4,a3,1838
0x80002222:  46cd              addi                    a3,zero,19
0x80002224:  00000097          auipc                   ra,0                    # 0x80002224
0x80002228:  54e080e7          jalr                    ra,ra,1358

----------------
IN: _RNvNtCsb0QcX9fjLSJ_6tritan6kalloc9uvmcreate
0x8000222c:  e82a              sd                      a0,16(sp)
0x8000222e:  85aa              mv                      a1,a0
0x80002230:  e42e              sd                      a1,8(sp)
0x80002232:  f42a              sd                      a0,40(sp)
0x80002234:  00007597          auipc                   a1,7                    # 0x80009234
0x80002238:  dcc58613          addi                    a2,a1,-564
0x8000223c:  040005b7          lui                     a1,16384
0x80002240:  15fd              addi                    a1,a1,-1
0x80002242:  05b2              slli                    a1,a1,12
0x80002244:  6685              lui                     a3,1
0x80002246:  ec36              sd                      a3,24(sp)
0x80002248:  4729              addi                    a4,zero,10
0x8000224a:  00000097          auipc                   ra,0                    # 0x8000224a
0x8000224e:  ee4080e7          jalr                    ra,ra,-284

----------------
IN: _RNvNtCsb0QcX9fjLSJ_6tritan6kalloc4walk
0x80001e36:  a809              j                       18                      # 0x80001e48

----------------
IN: _RNvNtCsb0QcX9fjLSJ_6tritan6kalloc4walk
0x80001e48:  6546              ld                      a0,80(sp)
0x80001e4a:  8905              andi                    a0,a0,1
0x80001e4c:  e911              bnez                    a0,20                   # 0x80001e60

----------------
IN: _RNvNtCsb0QcX9fjLSJ_6tritan6kalloc4walk
0x80001e60:  00000097          auipc                   ra,0                    # 0x80001e60
0x80001e64:  1b4080e7          jalr                    ra,ra,436

----------------
IN: _RNvNtCsb0QcX9fjLSJ_6tritan6kalloc4walk
0x80001e68:  0000a617          auipc                   a2,10                   # 0x8000be68
0x80001e6c:  9f060613          addi                    a2,a2,-1552
0x80001e70:  0000a697          auipc                   a3,10                   # 0x8000be70
0x80001e74:  a0068713          addi                    a4,a3,-1536
0x80001e78:  46cd              addi                    a3,zero,19
0x80001e7a:  00001097          auipc                   ra,1                    # 0x80002e7a
0x80001e7e:  8f8080e7          jalr                    ra,ra,-1800

----------------
IN: _RNvNtCsb0QcX9fjLSJ_6tritan6kalloc4walk
0x80001e82:  85aa              mv                      a1,a0
0x80001e84:  7542              ld                      a0,48(sp)
0x80001e86:  862e              mv                      a2,a1
0x80001e88:  e432              sd                      a2,8(sp)
0x80001e8a:  f92e              sd                      a1,176(sp)
0x80001e8c:  81b1              srli                    a1,a1,12
0x80001e8e:  05aa              slli                    a1,a1,10
0x80001e90:  e82e              sd                      a1,16(sp)
0x80001e92:  85aa              mv                      a1,a0
0x80001e94:  ec2e              sd                      a1,24(sp)
0x80001e96:  891d              andi                    a0,a0,7
0x80001e98:  e509              bnez                    a0,10                   # 0x80001ea2

----------------
IN: _RNvNtCsb0QcX9fjLSJ_6tritan6kalloc4walk
0x80001e9a:  a009              j                       2                       # 0x80001e9c

----------------
IN: _RNvNtCsb0QcX9fjLSJ_6tritan6kalloc4walk
0x80001e9c:  7542              ld                      a0,48(sp)
0x80001e9e:  ed01              bnez                    a0,24                   # 0x80001eb6

----------------
IN: _RNvNtCsb0QcX9fjLSJ_6tritan6kalloc4walk
0x80001eb6:  6522              ld                      a0,8(sp)
0x80001eb8:  7642              ld                      a2,48(sp)
0x80001eba:  65c2              ld                      a1,16(sp)
0x80001ebc:  0015e593          ori                     a1,a1,1
0x80001ec0:  e20c              sd                      a1,0(a2)
0x80001ec2:  f4aa              sd                      a0,104(sp)
0x80001ec4:  b561              j                       -376                    # 0x80001d4c

----------------
IN: _RNvNtCsb0QcX9fjLSJ_6tritan6kalloc9uvmcreate
0x80002252:  6542              ld                      a0,16(sp)
0x80002254:  66e2              ld                      a3,24(sp)
0x80002256:  10000637          lui                     a2,65536
0x8000225a:  4719              addi                    a4,zero,6
0x8000225c:  85b2              mv                      a1,a2
0x8000225e:  00000097          auipc                   ra,0                    # 0x8000225e
0x80002262:  ed0080e7          jalr                    ra,ra,-304

----------------
IN: _RNvNtCsb0QcX9fjLSJ_6tritan6kalloc9uvmcreate
0x80002266:  4505              addi                    a0,zero,1
0x80002268:  057e              slli                    a0,a0,31
0x8000226a:  f82a              sd                      a0,48(sp)
0x8000226c:  00100537          lui                     a0,256
0x80002270:  f02a              sd                      a0,32(sp)
0x80002272:  4501              mv                      a0,zero
0x80002274:  e911              bnez                    a0,20                   # 0x80002288

----------------
IN: _RNvNtCsb0QcX9fjLSJ_6tritan6kalloc9uvmcreate
0x80002276:  a009              j                       2                       # 0x80002278

----------------
IN: _RNvNtCsb0QcX9fjLSJ_6tritan6kalloc9uvmcreate
0x80002278:  7582              ld                      a1,32(sp)
0x8000227a:  00559513          slli                    a0,a1,5
0x8000227e:  e02a              sd                      a0,0(sp)
0x80002280:  8115              srli                    a0,a0,5
0x80002282:  02b51a63          bne                     a0,a1,52                # 0x800022b6

----------------
IN: _RNvNtCsb0QcX9fjLSJ_6tritan6kalloc9uvmcreate
0x80002286:  a809              j                       18                      # 0x80002298

----------------
IN: _RNvNtCsb0QcX9fjLSJ_6tritan6kalloc9uvmcreate
0x80002298:  6522              ld                      a0,8(sp)
0x8000229a:  6682              ld                      a3,0(sp)
0x8000229c:  4585              addi                    a1,zero,1
0x8000229e:  01f59613          slli                    a2,a1,31
0x800022a2:  4739              addi                    a4,zero,14
0x800022a4:  85b2              mv                      a1,a2
0x800022a6:  00000097          auipc                   ra,0                    # 0x800022a6
0x800022aa:  e88080e7          jalr                    ra,ra,-376

----------------
IN: _RNvNtCsb0QcX9fjLSJ_6tritan6kalloc8mappages
0x800021d6:  a809              j                       18                      # 0x800021e8

----------------
IN: _RNvNtCsb0QcX9fjLSJ_6tritan6kalloc8mappages
0x800021e8:  7542              ld                      a0,48(sp)
0x800021ea:  e52a              sd                      a0,136(sp)
0x800021ec:  6585              lui                     a1,1
0x800021ee:  e92e              sd                      a1,144(sp)
0x800021f0:  952e              add                     a0,a0,a1
0x800021f2:  f82a              sd                      a0,48(sp)
0x800021f4:  7562              ld                      a0,56(sp)
0x800021f6:  fcaa              sd                      a0,120(sp)
0x800021f8:  e12e              sd                      a1,128(sp)
0x800021fa:  952e              add                     a0,a0,a1
0x800021fc:  fc2a              sd                      a0,56(sp)
0x800021fe:  b795              j                       -156                    # 0x80002162

----------------
IN: _RNvNtCsb0QcX9fjLSJ_6tritan6kalloc9uvmcreate
0x800022ae:  6522              ld                      a0,8(sp)
0x800022b0:  70e2              ld                      ra,56(sp)
0x800022b2:  6121              addi                    sp,sp,64
0x800022b4:  8082              ret                     

----------------
IN: main
0x80000e6c:  75ea              ld                      a1,184(sp)
0x80000e6e:  862a              mv                      a2,a0
0x80000e70:  e1b2              sd                      a2,192(sp)
0x80000e72:  f7aa              sd                      a0,488(sp)
0x80000e74:  8131              srli                    a0,a0,12
0x80000e76:  8d4d              or                      a0,a0,a1
0x80000e78:  e2aa              sd                      a0,320(sp)
0x80000e7a:  00023517          auipc                   a0,35                   # 0x80023e7a
0x80000e7e:  1a650513          addi                    a0,a0,422
0x80000e82:  26a13c23          sd                      a0,632(sp)
0x80000e86:  28a13823          sd                      a0,656(sp)
0x80000e8a:  a009              j                       2                       # 0x80000e8c

----------------
IN: main
0x80000e8c:  00023517          auipc                   a0,35                   # 0x80023e8c
0x80000e90:  19450513          addi                    a0,a0,404
0x80000e94:  2ca13023          sd                      a0,704(sp)
0x80000e98:  4605              addi                    a2,zero,1
0x80000e9a:  4689              addi                    a3,zero,2
0x80000e9c:  4701              mv                      a4,zero
0x80000e9e:  85ba              mv                      a1,a4
0x80000ea0:  00001097          auipc                   ra,1                    # 0x80001ea0
0x80000ea4:  97e080e7          jalr                    ra,ra,-1666

----------------
IN: main
0x80000ea8:  8905              andi                    a0,a0,1
0x80000eaa:  2aa10f23          sb                      a0,702(sp)
0x80000eae:  2ab10fa3          sb                      a1,703(sp)
0x80000eb2:  2be10513          addi                    a0,sp,702
0x80000eb6:  00003097          auipc                   ra,3                    # 0x80003eb6
0x80000eba:  a94080e7          jalr                    ra,ra,-1388

----------------
IN: main
0x80000ebe:  e511              bnez                    a0,12                   # 0x80000eca

----------------
IN: main
0x80000eca:  00023517          auipc                   a0,35                   # 0x80023eca
0x80000ece:  15650593          addi                    a1,a0,342
0x80000ed2:  00858513          addi                    a0,a1,8
0x80000ed6:  2ca13823          sd                      a0,720(sp)
0x80000eda:  2ab13423          sd                      a1,680(sp)
0x80000ede:  2aa13823          sd                      a0,688(sp)
0x80000ee2:  a009              j                       2                       # 0x80000ee4

----------------
IN: main
0x80000ee4:  2a813583          ld                      a1,680(sp)
0x80000ee8:  2b013503          ld                      a0,688(sp)
0x80000eec:  28b13023          sd                      a1,640(sp)
0x80000ef0:  28a13423          sd                      a0,648(sp)
0x80000ef4:  28013503          ld                      a0,640(sp)
0x80000ef8:  e505              bnez                    a0,40                   # 0x80000f20

----------------
IN: main
0x80000f20:  28013583          ld                      a1,640(sp)
0x80000f24:  28813503          ld                      a0,648(sp)
0x80000f28:  28b13c23          sd                      a1,664(sp)
0x80000f2c:  2aa13023          sd                      a0,672(sp)
0x80000f30:  e6ae              sd                      a1,328(sp)
0x80000f32:  eaaa              sd                      a0,336(sp)
0x80000f34:  02a8              addi                    a0,sp,328
0x80000f36:  ecaa              sd                      a0,88(sp)
0x80000f38:  00002097          auipc                   ra,2                    # 0x80002f38
0x80000f3c:  5dc080e7          jalr                    ra,ra,1500

----------------
IN: _RNvXsa_NtCsek73zhQAbPJ_4spin5mutexINtB5_10MutexGuardjENtNtNtCs4Hpn15vVByi_4core3ops5deref8DerefMut9deref_mutCsb0QcX9fjLSJ_6tritan
0x80003514:  1141              addi                    sp,sp,-16
0x80003516:  e406              sd                      ra,8(sp)
0x80003518:  e02a              sd                      a0,0(sp)
0x8000351a:  00000097          auipc                   ra,0                    # 0x8000351a
0x8000351e:  506080e7          jalr                    ra,ra,1286

----------------
IN: _RNvXsc_NtNtCsek73zhQAbPJ_4spin5mutex4spinINtB5_14SpinMutexGuardjENtNtNtCs4Hpn15vVByi_4core3ops5deref8DerefMut9deref_mutCsb0QcX9fjLSJ_6tritan
0x80003a20:  1141              addi                    sp,sp,-16
0x80003a22:  e42a              sd                      a0,8(sp)
0x80003a24:  6508              ld                      a0,8(a0)
0x80003a26:  0141              addi                    sp,sp,16
0x80003a28:  8082              ret                     

----------------
IN: _RNvXsa_NtCsek73zhQAbPJ_4spin5mutexINtB5_10MutexGuardjENtNtNtCs4Hpn15vVByi_4core3ops5deref8DerefMut9deref_mutCsb0QcX9fjLSJ_6tritan
0x80003522:  60a2              ld                      ra,8(sp)
0x80003524:  0141              addi                    sp,sp,16
0x80003526:  8082              ret                     

----------------
IN: main
0x80000f40:  862a              mv                      a2,a0
0x80000f42:  6566              ld                      a0,88(sp)
0x80000f44:  6596              ld                      a1,320(sp)
0x80000f46:  e20c              sd                      a1,0(a2)
0x80000f48:  00002097          auipc                   ra,2                    # 0x80002f48
0x80000f4c:  912080e7          jalr                    ra,ra,-1774

----------------
IN: _RINvNtCs4Hpn15vVByi_4core3ptr13drop_in_placeINtNtCsek73zhQAbPJ_4spin5mutex10MutexGuardjEECsb0QcX9fjLSJ_6tritan
0x8000285a:  1141              addi                    sp,sp,-16
0x8000285c:  e406              sd                      ra,8(sp)
0x8000285e:  e02a              sd                      a0,0(sp)
0x80002860:  00000097          auipc                   ra,0                    # 0x80002860
0x80002864:  04a080e7          jalr                    ra,ra,74

----------------
IN: _RINvNtCs4Hpn15vVByi_4core3ptr13drop_in_placeINtNtNtCsek73zhQAbPJ_4spin5mutex4spin14SpinMutexGuardjEECsb0QcX9fjLSJ_6tritan
0x800028aa:  1141              addi                    sp,sp,-16
0x800028ac:  e406              sd                      ra,8(sp)
0x800028ae:  e02a              sd                      a0,0(sp)
0x800028b0:  00000097          auipc                   ra,0                    # 0x800028b0
0x800028b4:  058080e7          jalr                    ra,ra,88

----------------
IN: _RNvXsd_NtNtCsek73zhQAbPJ_4spin5mutex4spinINtB5_14SpinMutexGuardjENtNtNtCs4Hpn15vVByi_4core3ops4drop4Drop4dropCsb0QcX9fjLSJ_6tritan
0x80002908:  1141              addi                    sp,sp,-16
0x8000290a:  e406              sd                      ra,8(sp)
0x8000290c:  e02a              sd                      a0,0(sp)
0x8000290e:  6108              ld                      a0,0(a0)
0x80002910:  4581              mv                      a1,zero
0x80002912:  4605              addi                    a2,zero,1
0x80002914:  fffff097          auipc                   ra,-1                   # 0x80001914
0x80002918:  128080e7          jalr                    ra,ra,296

----------------
IN: _RNvXsd_NtNtCsek73zhQAbPJ_4spin5mutex4spinINtB5_14SpinMutexGuardjENtNtNtCs4Hpn15vVByi_4core3ops4drop4Drop4dropCsb0QcX9fjLSJ_6tritan
0x8000291c:  60a2              ld                      ra,8(sp)
0x8000291e:  0141              addi                    sp,sp,16
0x80002920:  8082              ret                     

----------------
IN: _RINvNtCs4Hpn15vVByi_4core3ptr13drop_in_placeINtNtNtCsek73zhQAbPJ_4spin5mutex4spin14SpinMutexGuardjEECsb0QcX9fjLSJ_6tritan
0x800028b8:  60a2              ld                      ra,8(sp)
0x800028ba:  0141              addi                    sp,sp,16
0x800028bc:  8082              ret                     

----------------
IN: _RINvNtCs4Hpn15vVByi_4core3ptr13drop_in_placeINtNtCsek73zhQAbPJ_4spin5mutex10MutexGuardjEECsb0QcX9fjLSJ_6tritan
0x80002868:  60a2              ld                      ra,8(sp)
0x8000286a:  0141              addi                    sp,sp,16
0x8000286c:  8082              ret                     

----------------
IN: main
0x80000f50:  652a              ld                      a0,136(sp)
0x80000f52:  24a13023          sd                      a0,576(sp)
0x80000f56:  4581              mv                      a1,zero
0x80000f58:  f0ae              sd                      a1,96(sp)
0x80000f5a:  24b107a3          sb                      a1,591(sp)
0x80000f5e:  6605              lui                     a2,1
0x80000f60:  f4b2              sd                      a2,104(sp)
0x80000f62:  24c13823          sd                      a2,592(sp)
0x80000f66:  22b10fa3          sb                      a1,575(sp)
0x80000f6a:  23f14603          lbu                     a2,575(sp)
0x80000f6e:  0000a597          auipc                   a1,10                   # 0x8000af6e
0x80000f72:  29258693          addi                    a3,a1,658
0x80000f76:  4585              addi                    a1,zero,1
0x80000f78:  00003097          auipc                   ra,3                    # 0x80003f78
0x80000f7c:  818080e7          jalr                    ra,ra,-2024

----------------
IN: main
0x80000f80:  7586              ld                      a1,96(sp)
0x80000f82:  7626              ld                      a2,104(sp)
0x80000f84:  652a              ld                      a0,136(sp)
0x80000f86:  00007097          auipc                   ra,7                    # 0x80007f86
0x80000f8a:  050080e7          jalr                    ra,ra,80

----------------
IN: main
0x80000f8e:  652a              ld                      a0,136(sp)
0x80000f90:  85aa              mv                      a1,a0
0x80000f92:  f8ae              sd                      a1,112(sp)
0x80000f94:  891d              andi                    a0,a0,7
0x80000f96:  c911              beqz                    a0,20                   # 0x80000faa

----------------
IN: main
0x80000faa:  652a              ld                      a0,136(sp)
0x80000fac:  ed01              bnez                    a0,24                   # 0x80000fc4

----------------
IN: main
0x80000fc4:  65ca              ld                      a1,144(sp)
0x80000fc6:  650a              ld                      a0,128(sp)
0x80000fc8:  662a              ld                      a2,136(sp)
0x80000fca:  e208              sd                      a0,0(a2)
0x80000fcc:  6505              lui                     a0,1
0x80000fce:  952e              add                     a0,a0,a1
0x80000fd0:  e8aa              sd                      a0,80(sp)
0x80000fd2:  02b56163          bgtu                    a1,a0,34                # 0x80000ff4

----------------
IN: main
0x80000fd6:  a809              j                       18                      # 0x80000fe8

----------------
IN: main
0x80000fe8:  652a              ld                      a0,136(sp)
0x80000fea:  85aa              mv                      a1,a0
0x80000fec:  e4ae              sd                      a1,72(sp)
0x80000fee:  891d              andi                    a0,a0,7
0x80000ff0:  c911              beqz                    a0,20                   # 0x80001004

----------------
IN: main
0x80001004:  652a              ld                      a0,136(sp)
0x80001006:  ed01              bnez                    a0,24                   # 0x8000101e

----------------
IN: main
0x8000101e:  652a              ld                      a0,136(sp)
0x80001020:  65c6              ld                      a1,80(sp)
0x80001022:  e50c              sd                      a1,8(a0)
0x80001024:  85aa              mv                      a1,a0
0x80001026:  e0ae              sd                      a1,64(sp)
0x80001028:  891d              andi                    a0,a0,7
0x8000102a:  c911              beqz                    a0,20                   # 0x8000103e

----------------
IN: main
0x8000103e:  652a              ld                      a0,136(sp)
0x80001040:  ed01              bnez                    a0,24                   # 0x80001058

----------------
IN: main
0x80001058:  652a              ld                      a0,136(sp)
0x8000105a:  00000597          auipc                   a1,0                    # 0x8000105a
0x8000105e:  25e58593          addi                    a1,a1,606
0x80001062:  e90c              sd                      a1,16(a0)
0x80001064:  85aa              mv                      a1,a0
0x80001066:  fc2e              sd                      a1,56(sp)
0x80001068:  891d              andi                    a0,a0,7
0x8000106a:  c911              beqz                    a0,20                   # 0x8000107e

----------------
IN: main
0x8000107e:  652a              ld                      a0,136(sp)
0x80001080:  ed01              bnez                    a0,24                   # 0x80001098

----------------
IN: main
0x80001098:  652a              ld                      a0,136(sp)
0x8000109a:  6585              lui                     a1,1
0x8000109c:  f10c              sd                      a1,32(a0)
0x8000109e:  85aa              mv                      a1,a0
0x800010a0:  f82e              sd                      a1,48(sp)
0x800010a2:  891d              andi                    a0,a0,7
0x800010a4:  c911              beqz                    a0,20                   # 0x800010b8

----------------
IN: main
0x800010b8:  652a              ld                      a0,136(sp)
0x800010ba:  ed01              bnez                    a0,24                   # 0x800010d2

----------------
IN: main
0x800010d2:  652a              ld                      a0,136(sp)
0x800010d4:  6596              ld                      a1,320(sp)
0x800010d6:  f50c              sd                      a1,40(a0)
0x800010d8:  4585              addi                    a1,zero,1
0x800010da:  05fe              slli                    a1,a1,31
0x800010dc:  fbae              sd                      a1,496(sp)
0x800010de:  85aa              mv                      a1,a0
0x800010e0:  f42e              sd                      a1,40(sp)
0x800010e2:  891d              andi                    a0,a0,7
0x800010e4:  c911              beqz                    a0,20                   # 0x800010f8

----------------
IN: main
0x800010f8:  652a              ld                      a0,136(sp)
0x800010fa:  ed01              bnez                    a0,24                   # 0x80001112

----------------
IN: main
0x80001112:  662a              ld                      a2,136(sp)
0x80001114:  650e              ld                      a0,192(sp)
0x80001116:  4585              addi                    a1,zero,1
0x80001118:  e82e              sd                      a1,16(sp)
0x8000111a:  05fe              slli                    a1,a1,31
0x8000111c:  e22c              sd                      a1,64(a2)
0x8000111e:  00000597          auipc                   a1,0                    # 0x8000111e
0x80001122:  41258613          addi                    a2,a1,1042
0x80001126:  6685              lui                     a3,1
0x80001128:  e036              sd                      a3,0(sp)
0x8000112a:  85b6              mv                      a1,a3
0x8000112c:  00001097          auipc                   ra,1                    # 0x8000212c
0x80001130:  b48080e7          jalr                    ra,ra,-1208

----------------
IN: _RNvNtCsb0QcX9fjLSJ_6tritan6kalloc10uvmmapcode
0x80001c74:  7159              addi                    sp,sp,-112
0x80001c76:  f486              sd                      ra,104(sp)
0x80001c78:  e436              sd                      a3,8(sp)
0x80001c7a:  e832              sd                      a2,16(sp)
0x80001c7c:  ec2e              sd                      a1,24(sp)
0x80001c7e:  f02a              sd                      a0,32(sp)
0x80001c80:  f42a              sd                      a0,40(sp)
0x80001c82:  f82e              sd                      a1,48(sp)
0x80001c84:  fc32              sd                      a2,56(sp)
0x80001c86:  e0b6              sd                      a3,64(sp)
0x80001c88:  6505              lui                     a0,1
0x80001c8a:  06d56963          bgtu                    a3,a0,114               # 0x80001cfc

----------------
IN: _RNvNtCsb0QcX9fjLSJ_6tritan6kalloc10uvmmapcode
0x80001c8e:  a009              j                       2                       # 0x80001c90

----------------
IN: _RNvNtCsb0QcX9fjLSJ_6tritan6kalloc10uvmmapcode
0x80001c90:  00000097          auipc                   ra,0                    # 0x80001c90
0x80001c94:  384080e7          jalr                    ra,ra,900

----------------
IN: _RNvNtCsb0QcX9fjLSJ_6tritan6kalloc10uvmmapcode
0x80001c98:  0000a617          auipc                   a2,10                   # 0x8000bc98
0x80001c9c:  af060613          addi                    a2,a2,-1296
0x80001ca0:  0000a697          auipc                   a3,10                   # 0x8000bca0
0x80001ca4:  b0868713          addi                    a4,a3,-1272
0x80001ca8:  46e5              addi                    a3,zero,25
0x80001caa:  00001097          auipc                   ra,1                    # 0x80002caa
0x80001cae:  ac8080e7          jalr                    ra,ra,-1336

----------------
IN: _RNvNtCsb0QcX9fjLSJ_6tritan6kalloc10uvmmapcode
0x80001cb2:  6722              ld                      a4,8(sp)
0x80001cb4:  85aa              mv                      a1,a0
0x80001cb6:  6542              ld                      a0,16(sp)
0x80001cb8:  e02e              sd                      a1,0(sp)
0x80001cba:  e4ae              sd                      a1,72(sp)
0x80001cbc:  e8aa              sd                      a0,80(sp)
0x80001cbe:  ecae              sd                      a1,88(sp)
0x80001cc0:  f0ba              sd                      a4,96(sp)
0x80001cc2:  0000a617          auipc                   a2,10                   # 0x8000bcc2
0x80001cc6:  aae60793          addi                    a5,a2,-1362
0x80001cca:  4685              addi                    a3,zero,1
0x80001ccc:  8636              mv                      a2,a3
0x80001cce:  00002097          auipc                   ra,2                    # 0x80003cce
0x80001cd2:  b58080e7          jalr                    ra,ra,-1192

----------------
IN: _RNvNvNtCs4Hpn15vVByi_4core3ptr19copy_nonoverlapping18precondition_checkCsb0QcX9fjLSJ_6tritan
0x80003826:  7175              addi                    sp,sp,-144
0x80003828:  e506              sd                      ra,136(sp)
0x8000382a:  e43e              sd                      a5,8(sp)
0x8000382c:  e83a              sd                      a4,16(sp)
0x8000382e:  ec36              sd                      a3,24(sp)
0x80003830:  f032              sd                      a2,32(sp)
0x80003832:  f42e              sd                      a1,40(sp)
0x80003834:  f82a              sd                      a0,48(sp)
0x80003836:  e0aa              sd                      a0,64(sp)
0x80003838:  e4ae              sd                      a1,72(sp)
0x8000383a:  e8b2              sd                      a2,80(sp)
0x8000383c:  ecb6              sd                      a3,88(sp)
0x8000383e:  f0ba              sd                      a4,96(sp)
0x80003840:  e711              bnez                    a4,12                   # 0x8000384c

----------------
IN: _RNvNvNtCs4Hpn15vVByi_4core3ptr19copy_nonoverlapping18precondition_checkCsb0QcX9fjLSJ_6tritan
0x8000384c:  7502              ld                      a0,32(sp)
0x8000384e:  00153513          seqz                    a0,a0
0x80003852:  02a10fa3          sb                      a0,63(sp)
0x80003856:  a009              j                       2                       # 0x80003858

----------------
IN: _RNvNvNtCs4Hpn15vVByi_4core3ptr19copy_nonoverlapping18precondition_checkCsb0QcX9fjLSJ_6tritan
0x80003858:  65e2              ld                      a1,24(sp)
0x8000385a:  7542              ld                      a0,48(sp)
0x8000385c:  03f14603          lbu                     a2,63(sp)
0x80003860:  e032              sd                      a2,0(sp)
0x80003862:  06c107a3          sb                      a2,111(sp)
0x80003866:  00001097          auipc                   ra,1                    # 0x80004866
0x8000386a:  218080e7          jalr                    ra,ra,536

----------------
IN: _RNvNvNtCs4Hpn15vVByi_4core3ptr19copy_nonoverlapping18precondition_checkCsb0QcX9fjLSJ_6tritan
0x8000386e:  e119              bnez                    a0,6                    # 0x80003874

----------------
IN: _RNvNvNtCs4Hpn15vVByi_4core3ptr19copy_nonoverlapping18precondition_checkCsb0QcX9fjLSJ_6tritan
0x80003874:  6502              ld                      a0,0(sp)
0x80003876:  8905              andi                    a0,a0,1
0x80003878:  e511              bnez                    a0,12                   # 0x80003884

----------------
IN: _RNvNvNtCs4Hpn15vVByi_4core3ptr19copy_nonoverlapping18precondition_checkCsb0QcX9fjLSJ_6tritan
0x8000387a:  a011              j                       4                       # 0x8000387e

----------------
IN: _RNvNvNtCs4Hpn15vVByi_4core3ptr19copy_nonoverlapping18precondition_checkCsb0QcX9fjLSJ_6tritan
0x8000387e:  7542              ld                      a0,48(sp)
0x80003880:  e119              bnez                    a0,6                    # 0x80003886

----------------
IN: _RNvNvNtCs4Hpn15vVByi_4core3ptr19copy_nonoverlapping18precondition_checkCsb0QcX9fjLSJ_6tritan
0x80003886:  65e2              ld                      a1,24(sp)
0x80003888:  7522              ld                      a0,40(sp)
0x8000388a:  f8aa              sd                      a0,112(sp)
0x8000388c:  00001097          auipc                   ra,1                    # 0x8000488c
0x80003890:  1f2080e7          jalr                    ra,ra,498

----------------
IN: _RNvNvNtCs4Hpn15vVByi_4core3ptr19copy_nonoverlapping18precondition_checkCsb0QcX9fjLSJ_6tritan
0x80003894:  e501              bnez                    a0,8                    # 0x8000389c

----------------
IN: _RNvNvNtCs4Hpn15vVByi_4core3ptr19copy_nonoverlapping18precondition_checkCsb0QcX9fjLSJ_6tritan
0x8000389c:  03f14503          lbu                     a0,63(sp)
0x800038a0:  8905              andi                    a0,a0,1
0x800038a2:  e511              bnez                    a0,12                   # 0x800038ae

----------------
IN: _RNvNvNtCs4Hpn15vVByi_4core3ptr19copy_nonoverlapping18precondition_checkCsb0QcX9fjLSJ_6tritan
0x800038a4:  a011              j                       4                       # 0x800038a8

----------------
IN: _RNvNvNtCs4Hpn15vVByi_4core3ptr19copy_nonoverlapping18precondition_checkCsb0QcX9fjLSJ_6tritan
0x800038a8:  7522              ld                      a0,40(sp)
0x800038aa:  e119              bnez                    a0,6                    # 0x800038b0

----------------
IN: _RNvNvNtCs4Hpn15vVByi_4core3ptr19copy_nonoverlapping18precondition_checkCsb0QcX9fjLSJ_6tritan
0x800038b0:  66c2              ld                      a3,16(sp)
0x800038b2:  7602              ld                      a2,32(sp)
0x800038b4:  75a2              ld                      a1,40(sp)
0x800038b6:  7542              ld                      a0,48(sp)
0x800038b8:  00001097          auipc                   ra,1                    # 0x800048b8
0x800038bc:  bbe080e7          jalr                    ra,ra,-1090

----------------
IN: _RNvNvNtCs4Hpn15vVByi_4core9ub_checks23maybe_is_nonoverlapping7runtimeCsb0QcX9fjLSJ_6tritan
0x80004476:  7119              addi                    sp,sp,-128
0x80004478:  fc2a              sd                      a0,56(sp)
0x8000447a:  e0ae              sd                      a1,64(sp)
0x8000447c:  e4b2              sd                      a2,72(sp)
0x8000447e:  e8b6              sd                      a3,80(sp)
0x80004480:  872a              mv                      a4,a0
0x80004482:  e43a              sd                      a4,8(sp)
0x80004484:  ecaa              sd                      a0,88(sp)
0x80004486:  852e              mv                      a0,a1
0x80004488:  e82a              sd                      a0,16(sp)
0x8000448a:  f0ae              sd                      a1,96(sp)
0x8000448c:  02d605b3          mul                     a1,a2,a3
0x80004490:  ec2e              sd                      a1,24(sp)
0x80004492:  02d63533          mulhu                   a0,a2,a3
0x80004496:  00a03633          snez                    a2,a0
0x8000449a:  06c107a3          sb                      a2,111(sp)
0x8000449e:  f8ae              sd                      a1,112(sp)
0x800044a0:  ed11              bnez                    a0,28                   # 0x800044bc

----------------
IN: _RNvNvNtCs4Hpn15vVByi_4core9ub_checks23maybe_is_nonoverlapping7runtimeCsb0QcX9fjLSJ_6tritan
0x800044a2:  a009              j                       2                       # 0x800044a4

----------------
IN: _RNvNvNtCs4Hpn15vVByi_4core9ub_checks23maybe_is_nonoverlapping7runtimeCsb0QcX9fjLSJ_6tritan
0x800044a4:  6522              ld                      a0,8(sp)
0x800044a6:  65c2              ld                      a1,16(sp)
0x800044a8:  6662              ld                      a2,24(sp)
0x800044aa:  f432              sd                      a2,40(sp)
0x800044ac:  4605              addi                    a2,zero,1
0x800044ae:  f032              sd                      a2,32(sp)
0x800044b0:  7622              ld                      a2,40(sp)
0x800044b2:  e032              sd                      a2,0(sp)
0x800044b4:  fcb2              sd                      a2,120(sp)
0x800044b6:  02b56263          bgtu                    a1,a0,36                # 0x800044da

----------------
IN: _RNvNvNtCs4Hpn15vVByi_4core9ub_checks23maybe_is_nonoverlapping7runtimeCsb0QcX9fjLSJ_6tritan
0x800044da:  6542              ld                      a0,16(sp)
0x800044dc:  65a2              ld                      a1,8(sp)
0x800044de:  8d0d              sub                     a0,a0,a1
0x800044e0:  f82a              sd                      a0,48(sp)
0x800044e2:  a009              j                       2                       # 0x800044e4

----------------
IN: _RNvNvNtCs4Hpn15vVByi_4core9ub_checks23maybe_is_nonoverlapping7runtimeCsb0QcX9fjLSJ_6tritan
0x800044e4:  6582              ld                      a1,0(sp)
0x800044e6:  7542              ld                      a0,48(sp)
0x800044e8:  00b53533          sltu                    a0,a0,a1
0x800044ec:  00154513          xori                    a0,a0,1
0x800044f0:  6109              addi                    sp,sp,128
0x800044f2:  8082              ret                     

----------------
IN: _RNvNvNtCs4Hpn15vVByi_4core3ptr19copy_nonoverlapping18precondition_checkCsb0QcX9fjLSJ_6tritan
0x800038c0:  e115              bnez                    a0,36                   # 0x800038e4

----------------
IN: _RNvNvNtCs4Hpn15vVByi_4core3ptr19copy_nonoverlapping18precondition_checkCsb0QcX9fjLSJ_6tritan
0x800038e4:  60aa              ld                      ra,136(sp)
0x800038e6:  6149              addi                    sp,sp,144
0x800038e8:  8082              ret                     

----------------
IN: _RNvNtCsb0QcX9fjLSJ_6tritan6kalloc10uvmmapcode
0x80001cd6:  65c2              ld                      a1,16(sp)
0x80001cd8:  6622              ld                      a2,8(sp)
0x80001cda:  6502              ld                      a0,0(sp)
0x80001cdc:  00006097          auipc                   ra,6                    # 0x80007cdc
0x80001ce0:  148080e7          jalr                    ra,ra,328

----------------
IN: memcpy
0x80007e24:  00000317          auipc                   t1,0                    # 0x80007e24
0x80007e28:  00830067          jalr                    zero,t1,8

----------------
IN: _RNvNtCsaZoY0aM7whV_17compiler_builtins3mem6memcpy
0x80007e2c:  1141              addi                    sp,sp,-16
0x80007e2e:  46c1              addi                    a3,zero,16
0x80007e30:  06d66263          bgtu                    a3,a2,100               # 0x80007e94

----------------
IN: _RNvNtCsaZoY0aM7whV_17compiler_builtins3mem6memcpy
0x80007e34:  40a006b3          neg                     a3,a0
0x80007e38:  0076f813          andi                    a6,a3,7
0x80007e3c:  01050e33          add                     t3,a0,a6
0x80007e40:  01c57d63          bleu                    t3,a0,26                # 0x80007e5a

----------------
IN: _RNvNtCsaZoY0aM7whV_17compiler_builtins3mem6memcpy
0x80007e5a:  95c2              add                     a1,a1,a6
0x80007e5c:  41060f33          sub                     t5,a2,a6
0x80007e60:  ff8f7793          andi                    a5,t5,-8
0x80007e64:  0075f813          andi                    a6,a1,7
0x80007e68:  00fe06b3          add                     a3,t3,a5
0x80007e6c:  04081363          bnez                    a6,70                   # 0x80007eb2

----------------
IN: _RNvNtCsaZoY0aM7whV_17compiler_builtins3mem6memcpy
0x80007e70:  00de7a63          bleu                    a3,t3,20                # 0x80007e84

----------------
IN: _RNvNtCsaZoY0aM7whV_17compiler_builtins3mem6memcpy
0x80007e74:  872e              mv                      a4,a1
0x80007e76:  6310              ld                      a2,0(a4)
0x80007e78:  00ce3023          sd                      a2,0(t3)
0x80007e7c:  0e21              addi                    t3,t3,8
0x80007e7e:  0721              addi                    a4,a4,8
0x80007e80:  fede6be3          bgtu                    a3,t3,-10               # 0x80007e76

----------------
IN: _RNvNtCsaZoY0aM7whV_17compiler_builtins3mem6memcpy
0x80007e76:  6310              ld                      a2,0(a4)
0x80007e78:  00ce3023          sd                      a2,0(t3)
0x80007e7c:  0e21              addi                    t3,t3,8
0x80007e7e:  0721              addi                    a4,a4,8
0x80007e80:  fede6be3          bgtu                    a3,t3,-10               # 0x80007e76

----------------
IN: _RNvNtCsaZoY0aM7whV_17compiler_builtins3mem6memcpy
0x80007e84:  95be              add                     a1,a1,a5
0x80007e86:  007f7613          andi                    a2,t5,7
0x80007e8a:  00c68733          add                     a4,a3,a2
0x80007e8e:  00e6e863          bgtu                    a4,a3,16                # 0x80007e9e

----------------
IN: _RNvNtCsaZoY0aM7whV_17compiler_builtins3mem6memcpy
0x80007e92:  a831              j                       28                      # 0x80007eae

----------------
IN: _RNvNtCsaZoY0aM7whV_17compiler_builtins3mem6memcpy
0x80007eae:  0141              addi                    sp,sp,16
0x80007eb0:  8082              ret                     

----------------
IN: _RNvNtCsb0QcX9fjLSJ_6tritan6kalloc10uvmmapcode
0x80001ce4:  65e2              ld                      a1,24(sp)
0x80001ce6:  6602              ld                      a2,0(sp)
0x80001ce8:  7502              ld                      a0,32(sp)
0x80001cea:  6685              lui                     a3,1
0x80001cec:  4769              addi                    a4,zero,26
0x80001cee:  00000097          auipc                   ra,0                    # 0x80001cee
0x80001cf2:  440080e7          jalr                    ra,ra,1088

----------------
IN: _RNvNtCsb0QcX9fjLSJ_6tritan6kalloc10uvmmapcode
0x80001cf6:  70a6              ld                      ra,104(sp)
0x80001cf8:  6165              addi                    sp,sp,112
0x80001cfa:  8082              ret                     

----------------
IN: main
0x80001134:  764a              ld                      a2,176(sp)
0x80001136:  650e              ld                      a0,192(sp)
0x80001138:  6682              ld                      a3,0(sp)
0x8000113a:  7ffff5b7          lui                     a1,524287
0x8000113e:  4759              addi                    a4,zero,22
0x80001140:  00001097          auipc                   ra,1                    # 0x80002140
0x80001144:  fee080e7          jalr                    ra,ra,-18

----------------
IN: main
0x80001148:  650e              ld                      a0,192(sp)
0x8000114a:  662a              ld                      a2,136(sp)
0x8000114c:  6682              ld                      a3,0(sp)
0x8000114e:  020005b7          lui                     a1,8192
0x80001152:  15fd              addi                    a1,a1,-1
0x80001154:  05b6              slli                    a1,a1,13
0x80001156:  f02e              sd                      a1,32(sp)
0x80001158:  4719              addi                    a4,zero,6
0x8000115a:  00001097          auipc                   ra,1                    # 0x8000215a
0x8000115e:  fd4080e7          jalr                    ra,ra,-44

----------------
IN: main
0x80001162:  028c              addi                    a1,sp,320
0x80001164:  ffae              sd                      a1,504(sp)
0x80001166:  12a8              addi                    a0,sp,360
0x80001168:  00001097          auipc                   ra,1                    # 0x80002168
0x8000116c:  56c080e7          jalr                    ra,ra,1388

----------------
IN: _RINvMNtNtCs4Hpn15vVByi_4core3fmt2rtNtB3_8Argument13new_lower_hexjECsb0QcX9fjLSJ_6tritan
0x800026d4:  1101              addi                    sp,sp,-32
0x800026d6:  e02e              sd                      a1,0(sp)
0x800026d8:  85aa              mv                      a1,a0
0x800026da:  6502              ld                      a0,0(sp)
0x800026dc:  ec2a              sd                      a0,24(sp)
0x800026de:  e42a              sd                      a0,8(sp)
0x800026e0:  00005517          auipc                   a0,5                    # 0x800076e0
0x800026e4:  caa50513          addi                    a0,a0,-854
0x800026e8:  e82a              sd                      a0,16(sp)
0x800026ea:  6542              ld                      a0,16(sp)
0x800026ec:  e588              sd                      a0,8(a1)
0x800026ee:  6522              ld                      a0,8(sp)
0x800026f0:  e188              sd                      a0,0(a1)
0x800026f2:  6105              addi                    sp,sp,32
0x800026f4:  8082              ret                     

----------------
IN: main
0x80001170:  7556              ld                      a0,368(sp)
0x80001172:  f2aa              sd                      a0,352(sp)
0x80001174:  7536              ld                      a0,360(sp)
0x80001176:  eeaa              sd                      a0,344(sp)
0x80001178:  0000a517          auipc                   a0,10                   # 0x8000b178
0x8000117c:  26050513          addi                    a0,a0,608
0x80001180:  0aac              addi                    a1,sp,344
0x80001182:  00002097          auipc                   ra,2                    # 0x80003182
0x80001186:  e8a080e7          jalr                    ra,ra,-374

----------------
IN: _RINvMs2_NtCs4Hpn15vVByi_4core3fmtNtB6_9Arguments3newKj2e_Kj1_ECsb0QcX9fjLSJ_6tritan
0x8000300c:  1141              addi                    sp,sp,-16
0x8000300e:  e02a              sd                      a0,0(sp)
0x80003010:  e42e              sd                      a1,8(sp)
0x80003012:  0141              addi                    sp,sp,16
0x80003014:  8082              ret                     

----------------
IN: main
0x8000118a:  00003097          auipc                   ra,3                    # 0x8000418a
0x8000118e:  3a2080e7          jalr                    ra,ra,930

----------------
IN: _RNvMs4_NtCs4Hpn15vVByi_4core3fmtNtB5_9Arguments23as_statically_known_strCsb0QcX9fjLSJ_6tritan
0x80001b2c:  0000a517          auipc                   a0,10                   # 0x8000bb2c
0x80001b30:  bb450513          addi                    a0,a0,-1100
0x80001b34:  610c              ld                      a1,0(a0)
0x80001b36:  6508              ld                      a0,8(a0)
0x80001b38:  f42e              sd                      a1,40(sp)
0x80001b3a:  f82a              sd                      a0,48(sp)
0x80001b3c:  a02d              j                       42                      # 0x80001b66

----------------
IN: _RNvNtCs4Hpn15vVByi_4core3fmt5write
0x80006162:  00064483          lbu                     s1,0(a2)
0x80006166:  18048163          beqz                    s1,386                  # 0x800062e8

----------------
IN: _RNvNtCs4Hpn15vVByi_4core3fmt5write
0x8000616a:  4c81              mv                      s9,zero
0x8000616c:  01893b03          ld                      s6,24(s2)
0x80006170:  08000b93          addi                    s7,zero,128
0x80006174:  0c000c13          addi                    s8,zero,192
0x80006178:  60000d37          lui                     s10,393216
0x8000617c:  020d0d13          addi                    s10,s10,32
0x80006180:  a805              j                       48                      # 0x800061b0

----------------
IN: _RNvNtCs4Hpn15vVByi_4core3fmt5write
0x800061b0:  03849513          slli                    a0,s1,56
0x800061b4:  00160a93          addi                    s5,a2,1
0x800061b8:  00054a63          bltz                    a0,20                   # 0x800061cc

----------------
IN: _RNvNtCs4Hpn15vVByi_4core3fmt5write
0x800061bc:  8552              mv                      a0,s4
0x800061be:  85d6              mv                      a1,s5
0x800061c0:  8626              mv                      a2,s1
0x800061c2:  9b02              jalr                    ra,s6,0

----------------
IN: _RNvNtCs4Hpn15vVByi_4core3fmt5write
0x800061c4:  12051463          bnez                    a0,296                  # 0x800062ec

----------------
IN: _RNvNtCs4Hpn15vVByi_4core3fmt5write
0x800061c8:  9aa6              add                     s5,s5,s1
0x800061ca:  bff1              j                       -36                     # 0x800061a6

----------------
IN: _RNvNtCs4Hpn15vVByi_4core3fmt5write
0x800061a6:  000ac483          lbu                     s1,0(s5)
0x800061aa:  8656              mv                      a2,s5
0x800061ac:  12048e63          beqz                    s1,316                  # 0x800062e8

----------------
IN: _RNvNtCs4Hpn15vVByi_4core3fmt5write
0x800061cc:  05748b63          beq                     s1,s7,86                # 0x80006222

----------------
IN: _RNvNtCs4Hpn15vVByi_4core3fmt5write
0x800061d0:  fb8489e3          beq                     s1,s8,-78               # 0x80006182

----------------
IN: _RNvNtCs4Hpn15vVByi_4core3fmt5write
0x800061d4:  0014f513          andi                    a0,s1,1
0x800061d8:  85ea              mv                      a1,s10
0x800061da:  c115              beqz                    a0,36                   # 0x800061fe

----------------
IN: _RNvNtCs4Hpn15vVByi_4core3fmt5write
0x800061dc:  00264503          lbu                     a0,2(a2)
0x800061e0:  00164583          lbu                     a1,1(a2)
0x800061e4:  00364683          lbu                     a3,3(a2)
0x800061e8:  00464703          lbu                     a4,4(a2)
0x800061ec:  0522              slli                    a0,a0,8
0x800061ee:  8d4d              or                      a0,a0,a1
0x800061f0:  06c2              slli                    a3,a3,16
0x800061f2:  0762              slli                    a4,a4,24
0x800061f4:  00d765b3          or                      a1,a4,a3
0x800061f8:  8dc9              or                      a1,a1,a0
0x800061fa:  00560a93          addi                    s5,a2,5
0x800061fe:  0024f513          andi                    a0,s1,2
0x80006202:  e121              bnez                    a0,64                   # 0x80006242

----------------
IN: _RNvNtCs4Hpn15vVByi_4core3fmt5write
0x80006204:  4601              mv                      a2,zero
0x80006206:  0044f513          andi                    a0,s1,4
0x8000620a:  c531              beqz                    a0,76                   # 0x80006256

----------------
IN: _RNvNtCs4Hpn15vVByi_4core3fmt5write
0x80006256:  4681              mv                      a3,zero
0x80006258:  0084f513          andi                    a0,s1,8
0x8000625c:  c909              beqz                    a0,18                   # 0x8000626e

----------------
IN: _RNvNtCs4Hpn15vVByi_4core3fmt5write
0x8000626e:  0104f513          andi                    a0,s1,16
0x80006272:  ed15              bnez                    a0,60                   # 0x800062ae

----------------
IN: _RNvNtCs4Hpn15vVByi_4core3fmt5write
0x80006274:  0204f513          andi                    a0,s1,32
0x80006278:  c509              beqz                    a0,10                   # 0x80006282

----------------
IN: _RNvNtCs4Hpn15vVByi_4core3fmt5write
0x80006282:  004c9513          slli                    a0,s9,4
0x80006286:  00a98733          add                     a4,s3,a0
0x8000628a:  6308              ld                      a0,0(a4)
0x8000628c:  6718              ld                      a4,8(a4)
0x8000628e:  f9443423          sd                      s4,-120(s0)
0x80006292:  f9243823          sd                      s2,-112(s0)
0x80006296:  f8b42c23          sw                      a1,-104(s0)
0x8000629a:  f8c41e23          sh                      a2,-100(s0)
0x8000629e:  f8d41f23          sh                      a3,-98(s0)
0x800062a2:  f8840593          addi                    a1,s0,-120
0x800062a6:  9702              jalr                    ra,a4,0

----------------
IN: _RNvXsC_NtNtCs4Hpn15vVByi_4core3fmt3numyNtB7_8LowerHex3fmt
0x8000738a:  1101              addi                    sp,sp,-32
0x8000738c:  ec06              sd                      ra,24(sp)
0x8000738e:  e822              sd                      s0,16(sp)
0x80007390:  1000              addi                    s0,sp,32
0x80007392:  882e              mv                      a6,a1
0x80007394:  4781              mv                      a5,zero
0x80007396:  6108              ld                      a0,0(a0)
0x80007398:  fef40593          addi                    a1,s0,-17
0x8000739c:  00004617          auipc                   a2,4                    # 0x8000b39c
0x800073a0:  35460613          addi                    a2,a2,852
0x800073a4:  00f57693          andi                    a3,a0,15
0x800073a8:  96b2              add                     a3,a3,a2
0x800073aa:  0006c683          lbu                     a3,0(a3)
0x800073ae:  8111              srli                    a0,a0,4
0x800073b0:  0785              addi                    a5,a5,1
0x800073b2:  00d58023          sb                      a3,0(a1)
0x800073b6:  15fd              addi                    a1,a1,-1
0x800073b8:  f575              bnez                    a0,-20                  # 0x800073a4

----------------
IN: _RNvXsC_NtNtCs4Hpn15vVByi_4core3fmt3numyNtB7_8LowerHex3fmt
0x800073a4:  00f57693          andi                    a3,a0,15
0x800073a8:  96b2              add                     a3,a3,a2
0x800073aa:  0006c683          lbu                     a3,0(a3)
0x800073ae:  8111              srli                    a0,a0,4
0x800073b0:  0785              addi                    a5,a5,1
0x800073b2:  00d58023          sb                      a3,0(a1)
0x800073b6:  15fd              addi                    a1,a1,-1
0x800073b8:  f575              bnez                    a0,-20                  # 0x800073a4

----------------
IN: _RNvXsC_NtNtCs4Hpn15vVByi_4core3fmt3numyNtB7_8LowerHex3fmt
0x800073ba:  fe040513          addi                    a0,s0,-32
0x800073be:  8d1d              sub                     a0,a0,a5
0x800073c0:  01050713          addi                    a4,a0,16
0x800073c4:  00007517          auipc                   a0,7                    # 0x8000e3c4
0x800073c8:  4585              addi                    a1,zero,1
0x800073ca:  a9650613          addi                    a2,a0,-1386
0x800073ce:  4689              addi                    a3,zero,2
0x800073d0:  8542              mv                      a0,a6
0x800073d2:  ffffe097          auipc                   ra,-2                   # 0x800053d2
0x800073d6:  5d8080e7          jalr                    ra,ra,1496

----------------
IN: _RNvMsa_NtCs4Hpn15vVByi_4core3fmtNtB5_9Formatter12pad_integral
0x800059aa:  7119              addi                    sp,sp,-128
0x800059ac:  fc86              sd                      ra,120(sp)
0x800059ae:  f8a2              sd                      s0,112(sp)
0x800059b0:  f4a6              sd                      s1,104(sp)
0x800059b2:  f0ca              sd                      s2,96(sp)
0x800059b4:  ecce              sd                      s3,88(sp)
0x800059b6:  e8d2              sd                      s4,80(sp)
0x800059b8:  e4d6              sd                      s5,72(sp)
0x800059ba:  e0da              sd                      s6,64(sp)
0x800059bc:  fc5e              sd                      s7,56(sp)
0x800059be:  f862              sd                      s8,48(sp)
0x800059c0:  f466              sd                      s9,40(sp)
0x800059c2:  f06a              sd                      s10,32(sp)
0x800059c4:  ec6e              sd                      s11,24(sp)
0x800059c6:  0100              addi                    s0,sp,128
0x800059c8:  89be              mv                      s3,a5
0x800059ca:  8d3a              mv                      s10,a4
0x800059cc:  8a36              mv                      s4,a3
0x800059ce:  8ab2              mv                      s5,a2
0x800059d0:  8baa              mv                      s7,a0
0x800059d2:  01052c03          lw                      s8,16(a0)
0x800059d6:  cdad              beqz                    a1,122                  # 0x80005a50

----------------
IN: _RNvMsa_NtCs4Hpn15vVByi_4core3fmtNtB5_9Formatter12pad_integral
0x800059d8:  00200537          lui                     a0,512
0x800059dc:  00ac7533          and                     a0,s8,a0
0x800059e0:  00110b37          lui                     s6,272
0x800059e4:  c119              beqz                    a0,6                    # 0x800059ea

----------------
IN: _RNvMsa_NtCs4Hpn15vVByi_4core3fmtNtB5_9Formatter12pad_integral
0x800059ea:  01555c93          srli                    s9,a0,21
0x800059ee:  028c1513          slli                    a0,s8,40
0x800059f2:  9cce              add                     s9,s9,s3
0x800059f4:  06055663          bgez                    a0,108                  # 0x80005a60

----------------
IN: _RNvMsa_NtCs4Hpn15vVByi_4core3fmtNtB5_9Formatter12pad_integral
0x800059f8:  02000513          addi                    a0,zero,32
0x800059fc:  0aaa7863          bleu                    a0,s4,176               # 0x80005aac

----------------
IN: _RNvMsa_NtCs4Hpn15vVByi_4core3fmtNtB5_9Formatter12pad_integral
0x80005a00:  4501              mv                      a0,zero
0x80005a02:  000a0f63          beqz                    s4,30                   # 0x80005a20

----------------
IN: _RNvMsa_NtCs4Hpn15vVByi_4core3fmtNtB5_9Formatter12pad_integral
0x80005a06:  014a85b3          add                     a1,s5,s4
0x80005a0a:  8656              mv                      a2,s5
0x80005a0c:  00060683          lb                      a3,0(a2)
0x80005a10:  0605              addi                    a2,a2,1
0x80005a12:  fc06a693          slti                    a3,a3,-64
0x80005a16:  0016c693          xori                    a3,a3,1
0x80005a1a:  9536              add                     a0,a0,a3
0x80005a1c:  feb618e3          bne                     a2,a1,-16               # 0x80005a0c

----------------
IN: _RNvMsa_NtCs4Hpn15vVByi_4core3fmtNtB5_9Formatter12pad_integral
0x80005a0c:  00060683          lb                      a3,0(a2)
0x80005a10:  0605              addi                    a2,a2,1
0x80005a12:  fc06a693          slti                    a3,a3,-64
0x80005a16:  0016c693          xori                    a3,a3,1
0x80005a1a:  9536              add                     a0,a0,a3
0x80005a1c:  feb618e3          bne                     a2,a1,-16               # 0x80005a0c

----------------
IN: _RNvMsa_NtCs4Hpn15vVByi_4core3fmtNtB5_9Formatter12pad_integral
0x80005a20:  9caa              add                     s9,s9,a0
0x80005a22:  014bd903          lhu                     s2,20(s7)
0x80005a26:  052cf263          bleu                    s2,s9,68                # 0x80005a6a

----------------
IN: _RNvMsa_NtCs4Hpn15vVByi_4core3fmtNtB5_9Formatter12pad_integral
0x80005a6a:  000bbc03          ld                      s8,0(s7)
0x80005a6e:  008bb483          ld                      s1,8(s7)
0x80005a72:  8562              mv                      a0,s8
0x80005a74:  85a6              mv                      a1,s1
0x80005a76:  865a              mv                      a2,s6
0x80005a78:  86d6              mv                      a3,s5
0x80005a7a:  8752              mv                      a4,s4
0x80005a7c:  00001097          auipc                   ra,1                    # 0x80006a7c
0x80005a80:  616080e7          jalr                    ra,ra,1558

----------------
IN: _RNvNvMsa_NtCs4Hpn15vVByi_4core3fmtNtB7_9Formatter12pad_integral12write_prefix
0x80007092:  7179              addi                    sp,sp,-48
0x80007094:  f406              sd                      ra,40(sp)
0x80007096:  f022              sd                      s0,32(sp)
0x80007098:  ec26              sd                      s1,24(sp)
0x8000709a:  e84a              sd                      s2,16(sp)
0x8000709c:  e44e              sd                      s3,8(sp)
0x8000709e:  e052              sd                      s4,0(sp)
0x800070a0:  1800              addi                    s0,sp,48
0x800070a2:  893a              mv                      s2,a4
0x800070a4:  8a36              mv                      s4,a3
0x800070a6:  89ae              mv                      s3,a1
0x800070a8:  001105b7          lui                     a1,272
0x800070ac:  00b60c63          beq                     a2,a1,24                # 0x800070c4

----------------
IN: _RNvNvMsa_NtCs4Hpn15vVByi_4core3fmtNtB7_9Formatter12pad_integral12write_prefix
0x800070c4:  000a0e63          beqz                    s4,28                   # 0x800070e0

----------------
IN: _RNvNvMsa_NtCs4Hpn15vVByi_4core3fmtNtB7_9Formatter12pad_integral12write_prefix
0x800070c8:  0189b783          ld                      a5,24(s3)
0x800070cc:  85d2              mv                      a1,s4
0x800070ce:  864a              mv                      a2,s2
0x800070d0:  70a2              ld                      ra,40(sp)
0x800070d2:  7402              ld                      s0,32(sp)
0x800070d4:  64e2              ld                      s1,24(sp)
0x800070d6:  6942              ld                      s2,16(sp)
0x800070d8:  69a2              ld                      s3,8(sp)
0x800070da:  6a02              ld                      s4,0(sp)
0x800070dc:  6145              addi                    sp,sp,48
0x800070de:  8782              jr                      a5

----------------
IN: _RNvMsa_NtCs4Hpn15vVByi_4core3fmtNtB5_9Formatter12pad_integral
0x80005a84:  ed75              bnez                    a0,252                  # 0x80005b80

----------------
IN: _RNvMsa_NtCs4Hpn15vVByi_4core3fmtNtB5_9Formatter12pad_integral
0x80005a86:  6c9c              ld                      a5,24(s1)
0x80005a88:  8562              mv                      a0,s8
0x80005a8a:  85ea              mv                      a1,s10
0x80005a8c:  864e              mv                      a2,s3
0x80005a8e:  70e6              ld                      ra,120(sp)
0x80005a90:  7446              ld                      s0,112(sp)
0x80005a92:  74a6              ld                      s1,104(sp)
0x80005a94:  7906              ld                      s2,96(sp)
0x80005a96:  69e6              ld                      s3,88(sp)
0x80005a98:  6a46              ld                      s4,80(sp)
0x80005a9a:  6aa6              ld                      s5,72(sp)
0x80005a9c:  6b06              ld                      s6,64(sp)
0x80005a9e:  7be2              ld                      s7,56(sp)
0x80005aa0:  7c42              ld                      s8,48(sp)
0x80005aa2:  7ca2              ld                      s9,40(sp)
0x80005aa4:  7d02              ld                      s10,32(sp)
0x80005aa6:  6de2              ld                      s11,24(sp)
0x80005aa8:  6109              addi                    sp,sp,128
0x80005aaa:  8782              jr                      a5

----------------
IN: _RNvXsC_NtNtCs4Hpn15vVByi_4core3fmt3numyNtB7_8LowerHex3fmt
0x800073da:  60e2              ld                      ra,24(sp)
0x800073dc:  6442              ld                      s0,16(sp)
0x800073de:  6105              addi                    sp,sp,32
0x800073e0:  8082              ret                     

----------------
IN: _RNvNtCs4Hpn15vVByi_4core3fmt5write
0x800062a8:  ee050ee3          beqz                    a0,-260                 # 0x800061a4

----------------
IN: _RNvNtCs4Hpn15vVByi_4core3fmt5write
0x800061a4:  0c85              addi                    s9,s9,1
0x800061a6:  000ac483          lbu                     s1,0(s5)
0x800061aa:  8656              mv                      a2,s5
0x800061ac:  12048e63          beqz                    s1,316                  # 0x800062e8

----------------
IN: _RNvNtCs4Hpn15vVByi_4core3fmt5write
0x800062e8:  4501              mv                      a0,zero
0x800062ea:  a011              j                       4                       # 0x800062ee

----------------
IN: _RNvNtCs4Hpn15vVByi_4core3fmt5write
0x800062ee:  70e6              ld                      ra,120(sp)
0x800062f0:  7446              ld                      s0,112(sp)
0x800062f2:  74a6              ld                      s1,104(sp)
0x800062f4:  7906              ld                      s2,96(sp)
0x800062f6:  69e6              ld                      s3,88(sp)
0x800062f8:  6a46              ld                      s4,80(sp)
0x800062fa:  6aa6              ld                      s5,72(sp)
0x800062fc:  6b06              ld                      s6,64(sp)
0x800062fe:  7be2              ld                      s7,56(sp)
0x80006300:  7c42              ld                      s8,48(sp)
0x80006302:  7ca2              ld                      s9,40(sp)
0x80006304:  7d02              ld                      s10,32(sp)
0x80006306:  6109              addi                    sp,sp,128
0x80006308:  8082              ret                     

----------------
IN: main
0x80001192:  fffff097          auipc                   ra,-1                   # 0x80000192
0x80001196:  f3e080e7          jalr                    ra,ra,-194

----------------
IN: _RNvNtNtCs5h6NZYnWsRP_5riscv8register7sstatus4readCsb0QcX9fjLSJ_6tritan
0x800000d0:  7159              addi                    sp,sp,-112
0x800000d2:  10002573          csrrs                   a0,sstatus,zero

----------------
IN: _RNvNtNtCs5h6NZYnWsRP_5riscv8register7sstatus4readCsb0QcX9fjLSJ_6tritan
0x800000d6:  f4aa              sd                      a0,104(sp)
0x800000d8:  7526              ld                      a0,104(sp)
0x800000da:  ec2a              sd                      a0,24(sp)
0x800000dc:  4599              addi                    a1,zero,6
0x800000de:  e82e              sd                      a1,16(sp)
0x800000e0:  6542              ld                      a0,16(sp)
0x800000e2:  04b50063          beq                     a0,a1,64                # 0x80000122

----------------
IN: _RNvNtNtCs5h6NZYnWsRP_5riscv8register7sstatus4readCsb0QcX9fjLSJ_6tritan
0x80000122:  6562              ld                      a0,24(sp)
0x80000124:  f0aa              sd                      a0,96(sp)
0x80000126:  e42a              sd                      a0,8(sp)
0x80000128:  6522              ld                      a0,8(sp)
0x8000012a:  6165              addi                    sp,sp,112
0x8000012c:  8082              ret                     

----------------
IN: main
0x8000119a:  20a13023          sd                      a0,512(sp)
0x8000119e:  20013503          ld                      a0,512(sp)
0x800011a2:  feaa              sd                      a0,376(sp)
0x800011a4:  1aa8              addi                    a0,sp,376
0x800011a6:  e42a              sd                      a0,8(sp)
0x800011a8:  4581              mv                      a1,zero
0x800011aa:  ec2e              sd                      a1,24(sp)
0x800011ac:  fffff097          auipc                   ra,-1                   # 0x800001ac
0x800011b0:  ec0080e7          jalr                    ra,ra,-320

----------------
IN: _RNvMsn_NtNtCs5h6NZYnWsRP_5riscv8register7sstatusNtB5_7Sstatus7set_sppCsb0QcX9fjLSJ_6tritan
0x8000006c:  7179              addi                    sp,sp,-48
0x8000006e:  f406              sd                      ra,40(sp)
0x80000070:  e02e              sd                      a1,0(sp)
0x80000072:  85aa              mv                      a1,a0
0x80000074:  6502              ld                      a0,0(sp)
0x80000076:  e82e              sd                      a1,16(sp)
0x80000078:  ec2e              sd                      a1,24(sp)
0x8000007a:  f02a              sd                      a0,32(sp)
0x8000007c:  618c              ld                      a1,0(a1)
0x8000007e:  e42e              sd                      a1,8(sp)
0x80000080:  0000b597          auipc                   a1,11                   # 0x8000b080
0x80000084:  b1058593          addi                    a1,a1,-1264
0x80000088:  00001097          auipc                   ra,1                    # 0x80001088
0x8000008c:  a50080e7          jalr                    ra,ra,-1456

----------------
IN: _RNvXs1_NtCs4Hpn15vVByi_4core7convertNtNtNtCs5h6NZYnWsRP_5riscv8register7sstatus3SPPINtB5_4IntojE4intoCsb0QcX9fjLSJ_6tritan
0x80000ad8:  1141              addi                    sp,sp,-16
0x80000ada:  e406              sd                      ra,8(sp)
0x80000adc:  e02a              sd                      a0,0(sp)
0x80000ade:  00004097          auipc                   ra,4                    # 0x80004ade
0x80000ae2:  f28080e7          jalr                    ra,ra,-216

----------------
IN: _RNvXs9_NtNtCs5h6NZYnWsRP_5riscv8register7sstatusjINtNtCs4Hpn15vVByi_4core7convert4FromNtB5_3SPPE4from
0x80004a06:  1141              addi                    sp,sp,-16
0x80004a08:  e406              sd                      ra,8(sp)
0x80004a0a:  e02a              sd                      a0,0(sp)
0x80004a0c:  00000097          auipc                   ra,0                    # 0x80004a0c
0x80004a10:  f92080e7          jalr                    ra,ra,-110

----------------
IN: _RNvMs7_NtNtCs5h6NZYnWsRP_5riscv8register7sstatusNtB5_3SPP10into_usize
0x8000499e:  1141              addi                    sp,sp,-16
0x800049a0:  e42a              sd                      a0,8(sp)
0x800049a2:  0141              addi                    sp,sp,16
0x800049a4:  8082              ret                     

----------------
IN: _RNvXs9_NtNtCs5h6NZYnWsRP_5riscv8register7sstatusjINtNtCs4Hpn15vVByi_4core7convert4FromNtB5_3SPPE4from
0x80004a14:  60a2              ld                      ra,8(sp)
0x80004a16:  0141              addi                    sp,sp,16
0x80004a18:  8082              ret                     

----------------
IN: _RNvXs1_NtCs4Hpn15vVByi_4core7convertNtNtNtCs5h6NZYnWsRP_5riscv8register7sstatus3SPPINtB5_4IntojE4intoCsb0QcX9fjLSJ_6tritan
0x80000ae6:  60a2              ld                      ra,8(sp)
0x80000ae8:  0141              addi                    sp,sp,16
0x80000aea:  8082              ret                     

----------------
IN: _RNvMsn_NtNtCs5h6NZYnWsRP_5riscv8register7sstatusNtB5_7Sstatus7set_sppCsb0QcX9fjLSJ_6tritan
0x80000090:  86aa              mv                      a3,a0
0x80000092:  6522              ld                      a0,8(sp)
0x80000094:  45a1              addi                    a1,zero,8
0x80000096:  4605              addi                    a2,zero,1
0x80000098:  00003097          auipc                   ra,3                    # 0x80003098
0x8000009c:  390080e7          jalr                    ra,ra,912

----------------
IN: _RNvNtCs5h6NZYnWsRP_5riscv4bits9bf_insertCsb0QcX9fjLSJ_6tritan
0x80003428:  711d              addi                    sp,sp,-96
0x8000342a:  ec36              sd                      a3,24(sp)
0x8000342c:  f032              sd                      a2,32(sp)
0x8000342e:  f42e              sd                      a1,40(sp)
0x80003430:  f82a              sd                      a0,48(sp)
0x80003432:  fc2a              sd                      a0,56(sp)
0x80003434:  e0ae              sd                      a1,64(sp)
0x80003436:  e4b2              sd                      a2,72(sp)
0x80003438:  e8b6              sd                      a3,80(sp)
0x8000343a:  03f00513          addi                    a0,zero,63
0x8000343e:  00c56c63          bgtu                    a2,a0,24                # 0x80003456

----------------
IN: _RNvNtCs5h6NZYnWsRP_5riscv4bits9bf_insertCsb0QcX9fjLSJ_6tritan
0x80003442:  a009              j                       2                       # 0x80003444

----------------
IN: _RNvNtCs5h6NZYnWsRP_5riscv4bits9bf_insertCsb0QcX9fjLSJ_6tritan
0x80003444:  7582              ld                      a1,32(sp)
0x80003446:  4505              addi                    a0,zero,1
0x80003448:  00b51533          sll                     a0,a0,a1
0x8000344c:  fff50593          addi                    a1,a0,-1
0x80003450:  e82e              sd                      a1,16(sp)
0x80003452:  c115              beqz                    a0,36                   # 0x80003476

----------------
IN: _RNvNtCs5h6NZYnWsRP_5riscv4bits9bf_insertCsb0QcX9fjLSJ_6tritan
0x80003454:  a809              j                       18                      # 0x80003466

----------------
IN: _RNvNtCs5h6NZYnWsRP_5riscv4bits9bf_insertCsb0QcX9fjLSJ_6tritan
0x80003466:  7522              ld                      a0,40(sp)
0x80003468:  65c2              ld                      a1,16(sp)
0x8000346a:  ecae              sd                      a1,88(sp)
0x8000346c:  04000593          addi                    a1,zero,64
0x80003470:  00b56b63          bgtu                    a1,a0,22                # 0x80003486

----------------
IN: _RNvNtCs5h6NZYnWsRP_5riscv4bits9bf_insertCsb0QcX9fjLSJ_6tritan
0x80003486:  7522              ld                      a0,40(sp)
0x80003488:  65e2              ld                      a1,24(sp)
0x8000348a:  6642              ld                      a2,16(sp)
0x8000348c:  76c2              ld                      a3,48(sp)
0x8000348e:  00a61733          sll                     a4,a2,a0
0x80003492:  fff74713          not                     a4,a4
0x80003496:  8ef9              and                     a3,a3,a4
0x80003498:  e036              sd                      a3,0(sp)
0x8000349a:  8df1              and                     a1,a1,a2
0x8000349c:  e42e              sd                      a1,8(sp)
0x8000349e:  04000593          addi                    a1,zero,64
0x800034a2:  00b56b63          bgtu                    a1,a0,22                # 0x800034b8

----------------
IN: _RNvNtCs5h6NZYnWsRP_5riscv4bits9bf_insertCsb0QcX9fjLSJ_6tritan
0x800034b8:  6502              ld                      a0,0(sp)
0x800034ba:  65a2              ld                      a1,8(sp)
0x800034bc:  7622              ld                      a2,40(sp)
0x800034be:  00c595b3          sll                     a1,a1,a2
0x800034c2:  8d4d              or                      a0,a0,a1
0x800034c4:  6125              addi                    sp,sp,96
0x800034c6:  8082              ret                     

----------------
IN: _RNvMsn_NtNtCs5h6NZYnWsRP_5riscv8register7sstatusNtB5_7Sstatus7set_sppCsb0QcX9fjLSJ_6tritan
0x800000a0:  65c2              ld                      a1,16(sp)
0x800000a2:  e188              sd                      a0,0(a1)
0x800000a4:  70a2              ld                      ra,40(sp)
0x800000a6:  6145              addi                    sp,sp,48
0x800000a8:  8082              ret                     

----------------
IN: main
0x800011b4:  6522              ld                      a0,8(sp)
0x800011b6:  65c2              ld                      a1,16(sp)
0x800011b8:  fffff097          auipc                   ra,-1                   # 0x800001b8
0x800011bc:  e8e080e7          jalr                    ra,ra,-370

----------------
IN: _RNvMsl_NtNtCs5h6NZYnWsRP_5riscv8register7sstatusNtB5_7Sstatus8set_spieCsb0QcX9fjLSJ_6tritan
0x80000046:  1101              addi                    sp,sp,-32
0x80000048:  ec06              sd                      ra,24(sp)
0x8000004a:  86ae              mv                      a3,a1
0x8000004c:  e02a              sd                      a0,0(sp)
0x8000004e:  e42a              sd                      a0,8(sp)
0x80000050:  00d10ba3          sb                      a3,23(sp)
0x80000054:  6108              ld                      a0,0(a0)
0x80000056:  4595              addi                    a1,zero,5
0x80000058:  4605              addi                    a2,zero,1
0x8000005a:  00003097          auipc                   ra,3                    # 0x8000305a
0x8000005e:  3ce080e7          jalr                    ra,ra,974

----------------
IN: _RNvMsl_NtNtCs5h6NZYnWsRP_5riscv8register7sstatusNtB5_7Sstatus8set_spieCsb0QcX9fjLSJ_6tritan
0x80000062:  6582              ld                      a1,0(sp)
0x80000064:  e188              sd                      a0,0(a1)
0x80000066:  60e2              ld                      ra,24(sp)
0x80000068:  6105              addi                    sp,sp,32
0x8000006a:  8082              ret                     

----------------
IN: main
0x800011c0:  7576              ld                      a0,376(sp)
0x800011c2:  e32a              sd                      a0,384(sp)
0x800011c4:  651a              ld                      a0,384(sp)
0x800011c6:  20a13423          sd                      a0,520(sp)
0x800011ca:  20813503          ld                      a0,520(sp)
0x800011ce:  fffff097          auipc                   ra,-1                   # 0x800001ce
0x800011d2:  f60080e7          jalr                    ra,ra,-160

----------------
IN: _RNvNtNtCs5h6NZYnWsRP_5riscv8register7sstatus5writeCsb0QcX9fjLSJ_6tritan
0x8000012e:  7159              addi                    sp,sp,-112
0x80000130:  e42a              sd                      a0,8(sp)
0x80000132:  6522              ld                      a0,8(sp)
0x80000134:  e02a              sd                      a0,0(sp)
0x80000136:  6502              ld                      a0,0(sp)
0x80000138:  fc2a              sd                      a0,56(sp)
0x8000013a:  f4aa              sd                      a0,104(sp)
0x8000013c:  10051073          csrrw                   zero,sstatus,a0

----------------
IN: _RNvNtNtCs5h6NZYnWsRP_5riscv8register7sstatus5writeCsb0QcX9fjLSJ_6tritan
0x80000140:  4599              addi                    a1,zero,6
0x80000142:  e82e              sd                      a1,16(sp)
0x80000144:  6542              ld                      a0,16(sp)
0x80000146:  04b50063          beq                     a0,a1,64                # 0x80000186

----------------
IN: _RNvNtNtCs5h6NZYnWsRP_5riscv8register7sstatus5writeCsb0QcX9fjLSJ_6tritan
0x80000186:  6165              addi                    sp,sp,112
0x80000188:  8082              ret                     

----------------
IN: main
0x800011d6:  65e2              ld                      a1,24(sp)
0x800011d8:  04000537          lui                     a0,16384
0x800011dc:  157d              addi                    a0,a0,-1
0x800011de:  0532              slli                    a0,a0,12
0x800011e0:  00003097          auipc                   ra,3                    # 0x800041e0
0x800011e4:  f16080e7          jalr                    ra,ra,-234

----------------
IN: _RNvMNtNtCs5h6NZYnWsRP_5riscv8register5stvecNtB2_5Stvec3newCsb0QcX9fjLSJ_6tritan
0x800040f6:  7119              addi                    sp,sp,-128
0x800040f8:  fc86              sd                      ra,120(sp)
0x800040fa:  862e              mv                      a2,a1
0x800040fc:  85aa              mv                      a1,a0
0x800040fe:  f82e              sd                      a1,48(sp)
0x80004100:  fc32              sd                      a2,56(sp)
0x80004102:  0028              addi                    a0,sp,8
0x80004104:  00000097          auipc                   ra,0                    # 0x80004104
0x80004108:  060080e7          jalr                    ra,ra,96

----------------
IN: _RNvMNtNtCs5h6NZYnWsRP_5riscv8register5stvecNtB2_5Stvec7try_newCsb0QcX9fjLSJ_6tritan
0x80004164:  7111              addi                    sp,sp,-256
0x80004166:  fd86              sd                      ra,248(sp)
0x80004168:  e432              sd                      a2,8(sp)
0x8000416a:  ec2e              sd                      a1,24(sp)
0x8000416c:  e82a              sd                      a0,16(sp)
0x8000416e:  f92e              sd                      a1,176(sp)
0x80004170:  fd32              sd                      a2,184(sp)
0x80004172:  4501              mv                      a0,zero
0x80004174:  00001097          auipc                   ra,1                    # 0x80005174
0x80004178:  832080e7          jalr                    ra,ra,-1998

----------------
IN: _RNvMs_NtNtCs5h6NZYnWsRP_5riscv8register5stvecNtB4_5Stvec9from_bits
0x800049a6:  1141              addi                    sp,sp,-16
0x800049a8:  e42a              sd                      a0,8(sp)
0x800049aa:  e02a              sd                      a0,0(sp)
0x800049ac:  6502              ld                      a0,0(sp)
0x800049ae:  0141              addi                    sp,sp,16
0x800049b0:  8082              ret                     

----------------
IN: _RNvMNtNtCs5h6NZYnWsRP_5riscv8register5stvecNtB2_5Stvec7try_newCsb0QcX9fjLSJ_6tritan
0x8000417c:  6662              ld                      a2,24(sp)
0x8000417e:  e5aa              sd                      a0,200(sp)
0x80004180:  652e              ld                      a0,200(sp)
0x80004182:  f42a              sd                      a0,40(sp)
0x80004184:  08a8              addi                    a0,sp,88
0x80004186:  f02a              sd                      a0,32(sp)
0x80004188:  102c              addi                    a1,sp,40
0x8000418a:  00000097          auipc                   ra,0                    # 0x8000418a
0x8000418e:  f12080e7          jalr                    ra,ra,-238

----------------
IN: _RNvMNtNtCs5h6NZYnWsRP_5riscv8register5stvecNtB2_5Stvec15try_set_addressCsb0QcX9fjLSJ_6tritan
0x8000409c:  715d              addi                    sp,sp,-80
0x8000409e:  e032              sd                      a2,0(sp)
0x800040a0:  e42e              sd                      a1,8(sp)
0x800040a2:  e82a              sd                      a0,16(sp)
0x800040a4:  e0ae              sd                      a1,64(sp)
0x800040a6:  e4b2              sd                      a2,72(sp)
0x800040a8:  00367513          andi                    a0,a2,3
0x800040ac:  ed01              bnez                    a0,24                   # 0x800040c4

----------------
IN: _RNvMNtNtCs5h6NZYnWsRP_5riscv8register5stvecNtB2_5Stvec15try_set_addressCsb0QcX9fjLSJ_6tritan
0x800040ae:  a009              j                       2                       # 0x800040b0

----------------
IN: _RNvMNtNtCs5h6NZYnWsRP_5riscv8register5stvecNtB2_5Stvec15try_set_addressCsb0QcX9fjLSJ_6tritan
0x800040b0:  65c2              ld                      a1,16(sp)
0x800040b2:  6622              ld                      a2,8(sp)
0x800040b4:  6502              ld                      a0,0(sp)
0x800040b6:  6214              ld                      a3,0(a2)
0x800040b8:  8a8d              andi                    a3,a3,3
0x800040ba:  8d55              or                      a0,a0,a3
0x800040bc:  e208              sd                      a0,0(a2)
0x800040be:  4519              addi                    a0,zero,6
0x800040c0:  e188              sd                      a0,0(a1)
0x800040c2:  a805              j                       48                      # 0x800040f2

----------------
IN: _RNvMNtNtCs5h6NZYnWsRP_5riscv8register5stvecNtB2_5Stvec15try_set_addressCsb0QcX9fjLSJ_6tritan
0x800040f2:  6161              addi                    sp,sp,80
0x800040f4:  8082              ret                     

----------------
IN: _RNvMNtNtCs5h6NZYnWsRP_5riscv8register5stvecNtB2_5Stvec7try_newCsb0QcX9fjLSJ_6tritan
0x80004192:  7582              ld                      a1,32(sp)
0x80004194:  1808              addi                    a0,sp,48
0x80004196:  fffff097          auipc                   ra,-1                   # 0x80003196
0x8000419a:  7c6080e7          jalr                    ra,ra,1990

----------------
IN: _RNvXsp_NtCs4Hpn15vVByi_4core6resultINtB5_6ResultuNtNtCsoBFtlNyUFT_11riscv_types6result5ErrorENtNtNtB7_3ops9try_trait3Try6branchCsb0QcX9fjLSJ_6tritan
0x8000395c:  7159              addi                    sp,sp,-112
0x8000395e:  e42e              sd                      a1,8(sp)
0x80003960:  e82a              sd                      a0,16(sp)
0x80003962:  6188              ld                      a0,0(a1)
0x80003964:  4599              addi                    a1,zero,6
0x80003966:  04b50463          beq                     a0,a1,72                # 0x800039ae

----------------
IN: _RNvXsp_NtCs4Hpn15vVByi_4core6resultINtB5_6ResultuNtNtCsoBFtlNyUFT_11riscv_types6result5ErrorENtNtNtB7_3ops9try_trait3Try6branchCsb0QcX9fjLSJ_6tritan
0x800039ae:  65c2              ld                      a1,16(sp)
0x800039b0:  4519              addi                    a0,zero,6
0x800039b2:  e188              sd                      a0,0(a1)
0x800039b4:  a009              j                       2                       # 0x800039b6

----------------
IN: _RNvXsp_NtCs4Hpn15vVByi_4core6resultINtB5_6ResultuNtNtCsoBFtlNyUFT_11riscv_types6result5ErrorENtNtNtB7_3ops9try_trait3Try6branchCsb0QcX9fjLSJ_6tritan
0x800039b6:  6165              addi                    sp,sp,112
0x800039b8:  8082              ret                     

----------------
IN: _RNvMNtNtCs5h6NZYnWsRP_5riscv8register5stvecNtB2_5Stvec7try_newCsb0QcX9fjLSJ_6tritan
0x8000419e:  7542              ld                      a0,48(sp)
0x800041a0:  4599              addi                    a1,zero,6
0x800041a2:  04b50263          beq                     a0,a1,68                # 0x800041e6

----------------
IN: _RNvMNtNtCs5h6NZYnWsRP_5riscv8register5stvecNtB2_5Stvec7try_newCsb0QcX9fjLSJ_6tritan
0x800041e6:  65a2              ld                      a1,8(sp)
0x800041e8:  1028              addi                    a0,sp,40
0x800041ea:  00000097          auipc                   ra,0                    # 0x800041ea
0x800041ee:  01e080e7          jalr                    ra,ra,30

----------------
IN: _RNvMs8_NtNtCs5h6NZYnWsRP_5riscv8register5stvecNtB5_5Stvec13set_trap_modeCsb0QcX9fjLSJ_6tritan
0x80004208:  7179              addi                    sp,sp,-48
0x8000420a:  f406              sd                      ra,40(sp)
0x8000420c:  e02e              sd                      a1,0(sp)
0x8000420e:  85aa              mv                      a1,a0
0x80004210:  6502              ld                      a0,0(sp)
0x80004212:  e82e              sd                      a1,16(sp)
0x80004214:  ec2e              sd                      a1,24(sp)
0x80004216:  f02a              sd                      a0,32(sp)
0x80004218:  618c              ld                      a1,0(a1)
0x8000421a:  e42e              sd                      a1,8(sp)
0x8000421c:  00008597          auipc                   a1,8                    # 0x8000c21c
0x80004220:  75458593          addi                    a1,a1,1876
0x80004224:  ffffe097          auipc                   ra,-2                   # 0x80002224
0x80004228:  766080e7          jalr                    ra,ra,1894

----------------
IN: _RNvXs1_NtCs4Hpn15vVByi_4core7convertNtNtNtCs5h6NZYnWsRP_5riscv8register5mtvec8TrapModeINtB5_4IntojE4intoCsb0QcX9fjLSJ_6tritan
0x8000298a:  1141              addi                    sp,sp,-16
0x8000298c:  e406              sd                      ra,8(sp)
0x8000298e:  e02a              sd                      a0,0(sp)
0x80002990:  00002097          auipc                   ra,2                    # 0x80004990
0x80002994:  062080e7          jalr                    ra,ra,98

----------------
IN: _RNvXs9_NtNtCs5h6NZYnWsRP_5riscv8register5mtvecjINtNtCs4Hpn15vVByi_4core7convert4FromNtB5_8TrapModeE4from
0x800049f2:  1141              addi                    sp,sp,-16
0x800049f4:  e406              sd                      ra,8(sp)
0x800049f6:  e02a              sd                      a0,0(sp)
0x800049f8:  00000097          auipc                   ra,0                    # 0x800049f8
0x800049fc:  f9e080e7          jalr                    ra,ra,-98

----------------
IN: _RNvMs7_NtNtCs5h6NZYnWsRP_5riscv8register5mtvecNtB5_8TrapMode10into_usize
0x80004996:  1141              addi                    sp,sp,-16
0x80004998:  e42a              sd                      a0,8(sp)
0x8000499a:  0141              addi                    sp,sp,16
0x8000499c:  8082              ret                     

----------------
IN: _RNvXs9_NtNtCs5h6NZYnWsRP_5riscv8register5mtvecjINtNtCs4Hpn15vVByi_4core7convert4FromNtB5_8TrapModeE4from
0x80004a00:  60a2              ld                      ra,8(sp)
0x80004a02:  0141              addi                    sp,sp,16
0x80004a04:  8082              ret                     

----------------
IN: _RNvXs1_NtCs4Hpn15vVByi_4core7convertNtNtNtCs5h6NZYnWsRP_5riscv8register5mtvec8TrapModeINtB5_4IntojE4intoCsb0QcX9fjLSJ_6tritan
0x80002998:  60a2              ld                      ra,8(sp)
0x8000299a:  0141              addi                    sp,sp,16
0x8000299c:  8082              ret                     

----------------
IN: _RNvMs8_NtNtCs5h6NZYnWsRP_5riscv8register5stvecNtB5_5Stvec13set_trap_modeCsb0QcX9fjLSJ_6tritan
0x8000422c:  86aa              mv                      a3,a0
0x8000422e:  6522              ld                      a0,8(sp)
0x80004230:  4581              mv                      a1,zero
0x80004232:  4609              addi                    a2,zero,2
0x80004234:  fffff097          auipc                   ra,-1                   # 0x80003234
0x80004238:  1f4080e7          jalr                    ra,ra,500

----------------
IN: _RNvMs8_NtNtCs5h6NZYnWsRP_5riscv8register5stvecNtB5_5Stvec13set_trap_modeCsb0QcX9fjLSJ_6tritan
0x8000423c:  65c2              ld                      a1,16(sp)
0x8000423e:  e188              sd                      a0,0(a1)
0x80004240:  70a2              ld                      ra,40(sp)
0x80004242:  6145              addi                    sp,sp,48
0x80004244:  8082              ret                     

----------------
IN: _RNvMNtNtCs5h6NZYnWsRP_5riscv8register5stvecNtB2_5Stvec7try_newCsb0QcX9fjLSJ_6tritan
0x800041f2:  65c2              ld                      a1,16(sp)
0x800041f4:  7522              ld                      a0,40(sp)
0x800041f6:  f52a              sd                      a0,168(sp)
0x800041f8:  752a              ld                      a0,168(sp)
0x800041fa:  e588              sd                      a0,8(a1)
0x800041fc:  4519              addi                    a0,zero,6
0x800041fe:  e188              sd                      a0,0(a1)
0x80004200:  a009              j                       2                       # 0x80004202

----------------
IN: _RNvMNtNtCs5h6NZYnWsRP_5riscv8register5stvecNtB2_5Stvec7try_newCsb0QcX9fjLSJ_6tritan
0x80004202:  70ee              ld                      ra,248(sp)
0x80004204:  6111              addi                    sp,sp,256
0x80004206:  8082              ret                     

----------------
IN: _RNvMNtNtCs5h6NZYnWsRP_5riscv8register5stvecNtB2_5Stvec3newCsb0QcX9fjLSJ_6tritan
0x8000410c:  6522              ld                      a0,8(sp)
0x8000410e:  4599              addi                    a1,zero,6
0x80004110:  04b50063          beq                     a0,a1,64                # 0x80004150

----------------
IN: _RNvMNtNtCs5h6NZYnWsRP_5riscv8register5stvecNtB2_5Stvec3newCsb0QcX9fjLSJ_6tritan
0x80004150:  6542              ld                      a0,16(sp)
0x80004152:  e4aa              sd                      a0,72(sp)
0x80004154:  6526              ld                      a0,72(sp)
0x80004156:  e0aa              sd                      a0,64(sp)
0x80004158:  6506              ld                      a0,64(sp)
0x8000415a:  e02a              sd                      a0,0(sp)
0x8000415c:  6502              ld                      a0,0(sp)
0x8000415e:  70e6              ld                      ra,120(sp)
0x80004160:  6109              addi                    sp,sp,128
0x80004162:  8082              ret                     

----------------
IN: main
0x800011e8:  20a13823          sd                      a0,528(sp)
0x800011ec:  21013503          ld                      a0,528(sp)
0x800011f0:  e72a              sd                      a0,392(sp)
0x800011f2:  653a              ld                      a0,392(sp)
0x800011f4:  20a13c23          sd                      a0,536(sp)
0x800011f8:  21813503          ld                      a0,536(sp)
0x800011fc:  00003097          auipc                   ra,3                    # 0x800041fc
0x80001200:  04a080e7          jalr                    ra,ra,74

----------------
IN: _RNvNtNtCs5h6NZYnWsRP_5riscv8register5stvec5writeCsb0QcX9fjLSJ_6tritan
0x80004246:  7159              addi                    sp,sp,-112
0x80004248:  e42a              sd                      a0,8(sp)
0x8000424a:  6522              ld                      a0,8(sp)
0x8000424c:  e02a              sd                      a0,0(sp)
0x8000424e:  6502              ld                      a0,0(sp)
0x80004250:  fc2a              sd                      a0,56(sp)
0x80004252:  f4aa              sd                      a0,104(sp)
0x80004254:  10551073          csrrw                   zero,stvec,a0

----------------
IN: _RNvNtNtCs5h6NZYnWsRP_5riscv8register5stvec5writeCsb0QcX9fjLSJ_6tritan
0x80004258:  4599              addi                    a1,zero,6
0x8000425a:  e82e              sd                      a1,16(sp)
0x8000425c:  6542              ld                      a0,16(sp)
0x8000425e:  04b50063          beq                     a0,a1,64                # 0x8000429e

----------------
IN: _RNvNtNtCs5h6NZYnWsRP_5riscv8register5stvec5writeCsb0QcX9fjLSJ_6tritan
0x8000429e:  6165              addi                    sp,sp,112
0x800042a0:  8082              ret                     

----------------
IN: main
0x80001204:  7502              ld                      a0,32(sp)
0x80001206:  00001097          auipc                   ra,1                    # 0x80002206
0x8000120a:  9c2080e7          jalr                    ra,ra,-1598

----------------
IN: _RNvNtNtCs5h6NZYnWsRP_5riscv8register8sscratch5writeCsb0QcX9fjLSJ_6tritan
0x80001bc8:  7159              addi                    sp,sp,-112
0x80001bca:  e42a              sd                      a0,8(sp)
0x80001bcc:  fc2a              sd                      a0,56(sp)
0x80001bce:  f4aa              sd                      a0,104(sp)
0x80001bd0:  14051073          csrrw                   zero,sscratch,a0

----------------
IN: _RNvNtNtCs5h6NZYnWsRP_5riscv8register8sscratch5writeCsb0QcX9fjLSJ_6tritan
0x80001bd4:  4599              addi                    a1,zero,6
0x80001bd6:  e82e              sd                      a1,16(sp)
0x80001bd8:  6542              ld                      a0,16(sp)
0x80001bda:  04b50063          beq                     a0,a1,64                # 0x80001c1a

----------------
IN: _RNvNtNtCs5h6NZYnWsRP_5riscv8register8sscratch5writeCsb0QcX9fjLSJ_6tritan
0x80001c1a:  6165              addi                    sp,sp,112
0x80001c1c:  8082              ret                     

----------------
IN: main
0x8000120e:  0330000f          fence                   rw,rw
0x80001212:  12000073          sfence.vma              zero,zero
0x80001216:  00008517          auipc                   a0,8                    # 0x80009216
0x8000121a:  dea50593          addi                    a1,a0,-534
0x8000121e:  00008517          auipc                   a0,8                    # 0x8000921e
0x80001222:  e7a50513          addi                    a0,a0,-390
0x80001226:  02b56e63          bgtu                    a1,a0,60                # 0x80001262

----------------
IN: main
0x8000122a:  a809              j                       18                      # 0x8000123c

----------------
IN: main
0x8000123c:  00008517          auipc                   a0,8                    # 0x8000923c
0x80001240:  dc450593          addi                    a1,a0,-572
0x80001244:  00008517          auipc                   a0,8                    # 0x80009244
0x80001248:  e5450513          addi                    a0,a0,-428
0x8000124c:  8d0d              sub                     a0,a0,a1
0x8000124e:  22a13023          sd                      a0,544(sp)
0x80001252:  040005b7          lui                     a1,16384
0x80001256:  15fd              addi                    a1,a1,-1
0x80001258:  05b2              slli                    a1,a1,12
0x8000125a:  952e              add                     a0,a0,a1
0x8000125c:  04b56563          bgtu                    a1,a0,74                # 0x800012a6

----------------
IN: main
0x80001260:  a809              j                       18                      # 0x80001272

----------------
IN: main
0x80001272:  00008517          auipc                   a0,8                    # 0x80009272
0x80001276:  d8e50593          addi                    a1,a0,-626
0x8000127a:  00008517          auipc                   a0,8                    # 0x8000927a
0x8000127e:  e1e50513          addi                    a0,a0,-482
0x80001282:  8d0d              sub                     a0,a0,a1
0x80001284:  040005b7          lui                     a1,16384
0x80001288:  15fd              addi                    a1,a1,-1
0x8000128a:  05b2              slli                    a1,a1,12
0x8000128c:  00b50633          add                     a2,a0,a1
0x80001290:  22c13423          sd                      a2,552(sp)
0x80001294:  22c13823          sd                      a2,560(sp)
0x80001298:  6596              ld                      a1,320(sp)
0x8000129a:  02000537          lui                     a0,8192
0x8000129e:  157d              addi                    a0,a0,-1
0x800012a0:  0536              slli                    a0,a0,13
0x800012a2:  9602              jalr                    ra,a2,0

----------------
IN: 
0x3ffffff098:  18059073          csrrw                   zero,satp,a1

----------------
IN: 
0x3ffffff09c:  12000073          sfence.vma              zero,zero
0x3ffffff0a0:  02053283          ld                      t0,32(a0)
0x3ffffff0a4:  14129073          csrrw                   zero,sepc,t0

----------------
IN: 
0x3ffffff0a8:  14051073          csrrw                   zero,sscratch,a0

----------------
IN: 
0x3ffffff0ac:  03053083          ld                      ra,48(a0)
0x3ffffff0b0:  03853103          ld                      sp,56(a0)
0x3ffffff0b4:  04053183          ld                      gp,64(a0)
0x3ffffff0b8:  04853203          ld                      tp,72(a0)
0x3ffffff0bc:  05053283          ld                      t0,80(a0)
0x3ffffff0c0:  05853303          ld                      t1,88(a0)
0x3ffffff0c4:  06053383          ld                      t2,96(a0)
0x3ffffff0c8:  7520              ld                      s0,104(a0)
0x3ffffff0ca:  7924              ld                      s1,112(a0)
0x3ffffff0cc:  654c              ld                      a1,136(a0)
0x3ffffff0ce:  6950              ld                      a2,144(a0)
0x3ffffff0d0:  6d54              ld                      a3,152(a0)
0x3ffffff0d2:  7158              ld                      a4,160(a0)
0x3ffffff0d4:  755c              ld                      a5,168(a0)
0x3ffffff0d6:  0b053803          ld                      a6,176(a0)
0x3ffffff0da:  0b853883          ld                      a7,184(a0)
0x3ffffff0de:  0c053903          ld                      s2,192(a0)
0x3ffffff0e2:  0c853983          ld                      s3,200(a0)
0x3ffffff0e6:  0d053a03          ld                      s4,208(a0)
0x3ffffff0ea:  0d853a83          ld                      s5,216(a0)
0x3ffffff0ee:  0e053b03          ld                      s6,224(a0)
0x3ffffff0f2:  0e853b83          ld                      s7,232(a0)
0x3ffffff0f6:  0f053c03          ld                      s8,240(a0)
0x3ffffff0fa:  0f853c83          ld                      s9,248(a0)
0x3ffffff0fe:  10053d03          ld                      s10,256(a0)
0x3ffffff102:  10853d83          ld                      s11,264(a0)
0x3ffffff106:  11053e03          ld                      t3,272(a0)
0x3ffffff10a:  11853e83          ld                      t4,280(a0)
0x3ffffff10e:  12053f03          ld                      t5,288(a0)
0x3ffffff112:  12853f83          ld                      t6,296(a0)
0x3ffffff116:  6148              ld                      a0,128(a0)
0x3ffffff118:  10200073          sret                    

----------------
IN: 
0x00001000:  00000517          auipc                   a0,0                    # 0x1000
0x00001004:  01050513          addi                    a0,a0,16
0x00001008:  4889              addi                    a7,zero,2
0x0000100a:  00000073          ecall                   

riscv_cpu_do_interrupt: hart:0, async:0, cause:0000000000000008, epc:0x000000000000100a, tval:0x0000000000000000, desc=user_ecall
----------------
IN: 
0x3ffffff000:  14051573          csrrw                   a0,sscratch,a0

----------------
IN: 
0x3ffffff004:  02153823          sd                      ra,48(a0)
0x3ffffff008:  02253c23          sd                      sp,56(a0)
0x3ffffff00c:  04353023          sd                      gp,64(a0)
0x3ffffff010:  04453423          sd                      tp,72(a0)
0x3ffffff014:  04553823          sd                      t0,80(a0)
0x3ffffff018:  04653c23          sd                      t1,88(a0)
0x3ffffff01c:  06753023          sd                      t2,96(a0)
0x3ffffff020:  f520              sd                      s0,104(a0)
0x3ffffff022:  f924              sd                      s1,112(a0)
0x3ffffff024:  e54c              sd                      a1,136(a0)
0x3ffffff026:  e950              sd                      a2,144(a0)
0x3ffffff028:  ed54              sd                      a3,152(a0)
0x3ffffff02a:  f158              sd                      a4,160(a0)
0x3ffffff02c:  f55c              sd                      a5,168(a0)
0x3ffffff02e:  0b053823          sd                      a6,176(a0)
0x3ffffff032:  0b153c23          sd                      a7,184(a0)
0x3ffffff036:  0d253023          sd                      s2,192(a0)
0x3ffffff03a:  0d353423          sd                      s3,200(a0)
0x3ffffff03e:  0d453823          sd                      s4,208(a0)
0x3ffffff042:  0d553c23          sd                      s5,216(a0)
0x3ffffff046:  0f653023          sd                      s6,224(a0)
0x3ffffff04a:  0f753423          sd                      s7,232(a0)
0x3ffffff04e:  0f853823          sd                      s8,240(a0)
0x3ffffff052:  0f953c23          sd                      s9,248(a0)
0x3ffffff056:  11a53023          sd                      s10,256(a0)
0x3ffffff05a:  11b53423          sd                      s11,264(a0)
0x3ffffff05e:  11c53823          sd                      t3,272(a0)
0x3ffffff062:  11d53c23          sd                      t4,280(a0)
0x3ffffff066:  13e53023          sd                      t5,288(a0)
0x3ffffff06a:  13f53423          sd                      t6,296(a0)
0x3ffffff06e:  140022f3          csrrs                   t0,sscratch,zero

----------------
IN: 
0x3ffffff072:  08553023          sd                      t0,128(a0)
0x3ffffff076:  14102373          csrrs                   t1,sepc,zero

----------------
IN: 
0x3ffffff07a:  02653023          sd                      t1,32(a0)
0x3ffffff07e:  00053303          ld                      t1,0(a0)
0x3ffffff082:  00853103          ld                      sp,8(a0)
0x3ffffff086:  01053283          ld                      t0,16(a0)
0x3ffffff08a:  01853203          ld                      tp,24(a0)
0x3ffffff08e:  18031073          csrrw                   zero,satp,t1

----------------
IN: 
0x3ffffff092:  12000073          sfence.vma              zero,zero
0x3ffffff096:  8282              jr                      t0

----------------
IN: rust_trap_handler
0x800012b8:  7149              addi                    sp,sp,-368
0x800012ba:  f686              sd                      ra,360(sp)
0x800012bc:  f02a              sd                      a0,32(sp)
0x800012be:  e9aa              sd                      a0,208(sp)
0x800012c0:  85aa              mv                      a1,a0
0x800012c2:  f42e              sd                      a1,40(sp)
0x800012c4:  891d              andi                    a0,a0,7
0x800012c6:  e509              bnez                    a0,10                   # 0x800012d0

----------------
IN: rust_trap_handler
0x800012c8:  a009              j                       2                       # 0x800012ca

----------------
IN: rust_trap_handler
0x800012ca:  7502              ld                      a0,32(sp)
0x800012cc:  ed01              bnez                    a0,24                   # 0x800012e4

----------------
IN: rust_trap_handler
0x800012e4:  7502              ld                      a0,32(sp)
0x800012e6:  edaa              sd                      a0,216(sp)
0x800012e8:  00002097          auipc                   ra,2                    # 0x800032e8
0x800012ec:  44a080e7          jalr                    ra,ra,1098

----------------
IN: _RNvNtNtCs5h6NZYnWsRP_5riscv8register6scause4readCsb0QcX9fjLSJ_6tritan
0x80003732:  7159              addi                    sp,sp,-112
0x80003734:  14202573          csrrs                   a0,scause,zero

----------------
IN: _RNvNtNtCs5h6NZYnWsRP_5riscv8register6scause4readCsb0QcX9fjLSJ_6tritan
0x80003738:  f4aa              sd                      a0,104(sp)
0x8000373a:  7526              ld                      a0,104(sp)
0x8000373c:  ec2a              sd                      a0,24(sp)
0x8000373e:  4599              addi                    a1,zero,6
0x80003740:  e82e              sd                      a1,16(sp)
0x80003742:  6542              ld                      a0,16(sp)
0x80003744:  04b50063          beq                     a0,a1,64                # 0x80003784

----------------
IN: _RNvNtNtCs5h6NZYnWsRP_5riscv8register6scause4readCsb0QcX9fjLSJ_6tritan
0x80003784:  6562              ld                      a0,24(sp)
0x80003786:  f0aa              sd                      a0,96(sp)
0x80003788:  e42a              sd                      a0,8(sp)
0x8000378a:  6522              ld                      a0,8(sp)
0x8000378c:  6165              addi                    sp,sp,112
0x8000378e:  8082              ret                     

----------------
IN: rust_trap_handler
0x800012f0:  f1aa              sd                      a0,224(sp)
0x800012f2:  750e              ld                      a0,224(sp)
0x800012f4:  f82a              sd                      a0,48(sp)
0x800012f6:  1808              addi                    a0,sp,48
0x800012f8:  00002097          auipc                   ra,2                    # 0x800032f8
0x800012fc:  406080e7          jalr                    ra,ra,1030

----------------
IN: _RNvMNtNtCs5h6NZYnWsRP_5riscv8register6scauseNtB2_6Scause12is_interruptCsb0QcX9fjLSJ_6tritan
0x800036fe:  1141              addi                    sp,sp,-16
0x80003700:  e406              sd                      ra,8(sp)
0x80003702:  e02a              sd                      a0,0(sp)
0x80003704:  00000097          auipc                   ra,0                    # 0x80003704
0x80003708:  00e080e7          jalr                    ra,ra,14

----------------
IN: _RNvMs7_NtNtCs5h6NZYnWsRP_5riscv8register6scauseNtB5_6Scause9interruptCsb0QcX9fjLSJ_6tritan
0x80003712:  1141              addi                    sp,sp,-16
0x80003714:  e406              sd                      ra,8(sp)
0x80003716:  e02a              sd                      a0,0(sp)
0x80003718:  6108              ld                      a0,0(a0)
0x8000371a:  03f00593          addi                    a1,zero,63
0x8000371e:  4605              addi                    a2,zero,1
0x80003720:  00000097          auipc                   ra,0                    # 0x80003720
0x80003724:  c8e080e7          jalr                    ra,ra,-882

----------------
IN: _RNvNtCs5h6NZYnWsRP_5riscv4bits10bf_extractCsb0QcX9fjLSJ_6tritan
0x800033ae:  7139              addi                    sp,sp,-64
0x800033b0:  e432              sd                      a2,8(sp)
0x800033b2:  e82e              sd                      a1,16(sp)
0x800033b4:  ec2a              sd                      a0,24(sp)
0x800033b6:  f02a              sd                      a0,32(sp)
0x800033b8:  f42e              sd                      a1,40(sp)
0x800033ba:  f832              sd                      a2,48(sp)
0x800033bc:  03f00513          addi                    a0,zero,63
0x800033c0:  00c56c63          bgtu                    a2,a0,24                # 0x800033d8

----------------
IN: _RNvNtCs5h6NZYnWsRP_5riscv4bits10bf_extractCsb0QcX9fjLSJ_6tritan
0x800033c4:  a009              j                       2                       # 0x800033c6

----------------
IN: _RNvNtCs5h6NZYnWsRP_5riscv4bits10bf_extractCsb0QcX9fjLSJ_6tritan
0x800033c6:  65a2              ld                      a1,8(sp)
0x800033c8:  4505              addi                    a0,zero,1
0x800033ca:  00b51533          sll                     a0,a0,a1
0x800033ce:  fff50593          addi                    a1,a0,-1
0x800033d2:  e02e              sd                      a1,0(sp)
0x800033d4:  c115              beqz                    a0,36                   # 0x800033f8

----------------
IN: _RNvNtCs5h6NZYnWsRP_5riscv4bits10bf_extractCsb0QcX9fjLSJ_6tritan
0x800033d6:  a809              j                       18                      # 0x800033e8

----------------
IN: _RNvNtCs5h6NZYnWsRP_5riscv4bits10bf_extractCsb0QcX9fjLSJ_6tritan
0x800033e8:  6542              ld                      a0,16(sp)
0x800033ea:  6582              ld                      a1,0(sp)
0x800033ec:  fc2e              sd                      a1,56(sp)
0x800033ee:  04000593          addi                    a1,zero,64
0x800033f2:  00b56b63          bgtu                    a1,a0,22                # 0x80003408

----------------
IN: _RNvNtCs5h6NZYnWsRP_5riscv4bits10bf_extractCsb0QcX9fjLSJ_6tritan
0x80003408:  6582              ld                      a1,0(sp)
0x8000340a:  6562              ld                      a0,24(sp)
0x8000340c:  6642              ld                      a2,16(sp)
0x8000340e:  00c55533          srl                     a0,a0,a2
0x80003412:  8d6d              and                     a0,a0,a1
0x80003414:  6121              addi                    sp,sp,64
0x80003416:  8082              ret                     

----------------
IN: _RNvMs7_NtNtCs5h6NZYnWsRP_5riscv8register6scauseNtB5_6Scause9interruptCsb0QcX9fjLSJ_6tritan
0x80003728:  00a03533          snez                    a0,a0
0x8000372c:  60a2              ld                      ra,8(sp)
0x8000372e:  0141              addi                    sp,sp,16
0x80003730:  8082              ret                     

----------------
IN: _RNvMNtNtCs5h6NZYnWsRP_5riscv8register6scauseNtB2_6Scause12is_interruptCsb0QcX9fjLSJ_6tritan
0x8000370c:  60a2              ld                      ra,8(sp)
0x8000370e:  0141              addi                    sp,sp,16
0x80003710:  8082              ret                     

----------------
IN: rust_trap_handler
0x80001300:  e50d              bnez                    a0,42                   # 0x8000132a

----------------
IN: rust_trap_handler
0x80001302:  a809              j                       18                      # 0x80001314

----------------
IN: rust_trap_handler
0x80001314:  1808              addi                    a0,sp,48
0x80001316:  00003097          auipc                   ra,3                    # 0x80004316
0x8000131a:  69c080e7          jalr                    ra,ra,1692

----------------
IN: _RNvMs_NtNtCs5h6NZYnWsRP_5riscv8register6scauseNtB4_6Scause4bits
0x800049b2:  1141              addi                    sp,sp,-16
0x800049b4:  e42a              sd                      a0,8(sp)
0x800049b6:  6108              ld                      a0,0(a0)
0x800049b8:  0141              addi                    sp,sp,16
0x800049ba:  8082              ret                     

----------------
IN: rust_trap_handler
0x8000131e:  1552              slli                    a0,a0,52
0x80001320:  9151              srli                    a0,a0,52
0x80001322:  45a1              addi                    a1,zero,8
0x80001324:  08b50963          beq                     a0,a1,146               # 0x800013b6

----------------
IN: rust_trap_handler
0x800013b6:  7502              ld                      a0,32(sp)
0x800013b8:  710c              ld                      a1,32(a0)
0x800013ba:  00458513          addi                    a0,a1,4
0x800013be:  e82a              sd                      a0,16(sp)
0x800013c0:  0eb56063          bgtu                    a1,a0,224               # 0x800014a0

----------------
IN: rust_trap_handler
0x800013c4:  a009              j                       2                       # 0x800013c6

----------------
IN: rust_trap_handler
0x800013c6:  7502              ld                      a0,32(sp)
0x800013c8:  65c2              ld                      a1,16(sp)
0x800013ca:  f10c              sd                      a1,32(a0)
0x800013cc:  fffff097          auipc                   ra,-1                   # 0x800003cc
0x800013d0:  75a080e7          jalr                    ra,ra,1882

----------------
IN: _RNvCsb0QcX9fjLSJ_6tritan14handle_syscall
0x80000b26:  7175              addi                    sp,sp,-144
0x80000b28:  e506              sd                      ra,136(sp)
0x80000b2a:  e02a              sd                      a0,0(sp)
0x80000b2c:  f0aa              sd                      a0,96(sp)
0x80000b2e:  7d48              ld                      a0,184(a0)
0x80000b30:  e82a              sd                      a0,16(sp)
0x80000b32:  6542              ld                      a0,16(sp)
0x80000b34:  e42a              sd                      a0,8(sp)
0x80000b36:  4585              addi                    a1,zero,1
0x80000b38:  04b50163          beq                     a0,a1,66                # 0x80000b7a

----------------
IN: _RNvCsb0QcX9fjLSJ_6tritan14handle_syscall
0x80000b3c:  a009              j                       2                       # 0x80000b3e

----------------
IN: _RNvCsb0QcX9fjLSJ_6tritan14handle_syscall
0x80000b3e:  6522              ld                      a0,8(sp)
0x80000b40:  4589              addi                    a1,zero,2
0x80000b42:  06b50b63          beq                     a0,a1,118               # 0x80000bb8

----------------
IN: _RNvCsb0QcX9fjLSJ_6tritan14handle_syscall
0x80000bb8:  6502              ld                      a0,0(sp)
0x80000bba:  614c              ld                      a1,128(a0)
0x80000bbc:  fcae              sd                      a1,120(sp)
0x80000bbe:  7508              ld                      a0,40(a0)
0x80000bc0:  00003097          auipc                   ra,3                    # 0x80003bc0
0x80000bc4:  7e0080e7          jalr                    ra,ra,2016

----------------
IN: _RNvNtCsb0QcX9fjLSJ_6tritan7syscall16handle_print_str
0x800043a0:  7135              addi                    sp,sp,-160
0x800043a2:  ed06              sd                      ra,152(sp)
0x800043a4:  f42e              sd                      a1,40(sp)
0x800043a6:  f4aa              sd                      a0,104(sp)
0x800043a8:  f8ae              sd                      a1,112(sp)
0x800043aa:  0532              slli                    a0,a0,12
0x800043ac:  f82a              sd                      a0,48(sp)
0x800043ae:  fcaa              sd                      a0,120(sp)
0x800043b0:  4501              mv                      a0,zero
0x800043b2:  fc2a              sd                      a0,56(sp)
0x800043b4:  a009              j                       2                       # 0x800043b6

----------------
IN: _RNvNtCsb0QcX9fjLSJ_6tritan7syscall16handle_print_str
0x800043b6:  75a2              ld                      a1,40(sp)
0x800043b8:  7562              ld                      a0,56(sp)
0x800043ba:  952e              add                     a0,a0,a1
0x800043bc:  f02a              sd                      a0,32(sp)
0x800043be:  00b56e63          bgtu                    a1,a0,28                # 0x800043da

----------------
IN: _RNvNtCsb0QcX9fjLSJ_6tritan7syscall16handle_print_str
0x800043c2:  a009              j                       2                       # 0x800043c4

----------------
IN: _RNvNtCsb0QcX9fjLSJ_6tritan7syscall16handle_print_str
0x800043c4:  7582              ld                      a1,32(sp)
0x800043c6:  7542              ld                      a0,48(sp)
0x800043c8:  ffffe097          auipc                   ra,-2                   # 0x800023c8
0x800043cc:  efe080e7          jalr                    ra,ra,-258

----------------
IN: _RNvNtCsb0QcX9fjLSJ_6tritan6kalloc9walk_addr
0x800022c6:  712d              addi                    sp,sp,-288
0x800022c8:  ee06              sd                      ra,280(sp)
0x800022ca:  e4ae              sd                      a1,72(sp)
0x800022cc:  f92a              sd                      a0,176(sp)
0x800022ce:  fd2e              sd                      a1,184(sp)
0x800022d0:  f4aa              sd                      a0,104(sp)
0x800022d2:  e1ae              sd                      a1,192(sp)
0x800022d4:  0168              addi                    a0,sp,140
0x800022d6:  e8aa              sd                      a0,80(sp)
0x800022d8:  4585              addi                    a1,zero,1
0x800022da:  4609              addi                    a2,zero,2
0x800022dc:  00001097          auipc                   ra,1                    # 0x800032dc
0x800022e0:  f32080e7          jalr                    ra,ra,-206

----------------
IN: _RNvMs5_NtNtCs4Hpn15vVByi_4core3ops5rangeINtB5_14RangeInclusivelE3newCsb0QcX9fjLSJ_6tritan
0x8000320e:  1141              addi                    sp,sp,-16
0x80003210:  e02e              sd                      a1,0(sp)
0x80003212:  85aa              mv                      a1,a0
0x80003214:  6502              ld                      a0,0(sp)
0x80003216:  c42a              sw                      a0,8(sp)
0x80003218:  c632              sw                      a2,12(sp)
0x8000321a:  c188              sw                      a0,0(a1)
0x8000321c:  c1d0              sw                      a2,4(a1)
0x8000321e:  4501              mv                      a0,zero
0x80003220:  00a58423          sb                      a0,8(a1)
0x80003224:  0141              addi                    sp,sp,16
0x80003226:  8082              ret                     

----------------
IN: _RNvNtCsb0QcX9fjLSJ_6tritan6kalloc9walk_addr
0x800022e4:  65c6              ld                      a1,80(sp)
0x800022e6:  0108              addi                    a0,sp,128
0x800022e8:  ecaa              sd                      a0,88(sp)
0x800022ea:  00001097          auipc                   ra,1                    # 0x800032ea
0x800022ee:  098080e7          jalr                    ra,ra,152

----------------
IN: _RNvYINtNtNtCs4Hpn15vVByi_4core3ops5range14RangeInclusivelENtNtNtNtB9_4iter6traits8iterator8Iterator3revCsb0QcX9fjLSJ_6tritan
0x80003382:  1141              addi                    sp,sp,-16
0x80003384:  e42e              sd                      a1,8(sp)
0x80003386:  85aa              mv                      a1,a0
0x80003388:  6522              ld                      a0,8(sp)
0x8000338a:  4510              lw                      a2,8(a0)
0x8000338c:  c590              sw                      a2,8(a1)
0x8000338e:  4150              lw                      a2,4(a0)
0x80003390:  c1d0              sw                      a2,4(a1)
0x80003392:  4108              lw                      a0,0(a0)
0x80003394:  c188              sw                      a0,0(a1)
0x80003396:  0141              addi                    sp,sp,16
0x80003398:  8082              ret                     

----------------
IN: _RNvNtCsb0QcX9fjLSJ_6tritan6kalloc9walk_addr
0x800022f2:  65e6              ld                      a1,88(sp)
0x800022f4:  18c8              addi                    a0,sp,116
0x800022f6:  00000097          auipc                   ra,0                    # 0x800022f6
0x800022fa:  62c080e7          jalr                    ra,ra,1580

----------------
IN: _RNvXNtNtNtCs4Hpn15vVByi_4core4iter6traits7collectINtNtNtB6_8adapters3rev3RevINtNtNtB8_3ops5range14RangeInclusivelEENtB2_12IntoIterator9into_iterCsb0QcX9fjLSJ_6tritan
0x80002922:  1141              addi                    sp,sp,-16
0x80002924:  e42e              sd                      a1,8(sp)
0x80002926:  85aa              mv                      a1,a0
0x80002928:  6522              ld                      a0,8(sp)
0x8000292a:  4510              lw                      a2,8(a0)
0x8000292c:  c590              sw                      a2,8(a1)
0x8000292e:  4150              lw                      a2,4(a0)
0x80002930:  c1d0              sw                      a2,4(a1)
0x80002932:  4108              lw                      a0,0(a0)
0x80002934:  c188              sw                      a0,0(a1)
0x80002936:  0141              addi                    sp,sp,16
0x80002938:  8082              ret                     

----------------
IN: _RNvNtCsb0QcX9fjLSJ_6tritan6kalloc9walk_addr
0x800022fe:  5576              lw                      a0,124(sp)
0x80002300:  d12a              sw                      a0,160(sp)
0x80002302:  07816503          lwu                     a0,120(sp)
0x80002306:  1502              slli                    a0,a0,32
0x80002308:  07416583          lwu                     a1,116(sp)
0x8000230c:  8d4d              or                      a0,a0,a1
0x8000230e:  ed2a              sd                      a0,152(sp)
0x80002310:  a009              j                       2                       # 0x80002312

----------------
IN: _RNvNtCsb0QcX9fjLSJ_6tritan6kalloc9walk_addr
0x80002312:  0928              addi                    a0,sp,152
0x80002314:  00000097          auipc                   ra,0                    # 0x80002314
0x80002318:  63a080e7          jalr                    ra,ra,1594

----------------
IN: _RNvXs_NtNtNtCs4Hpn15vVByi_4core4iter8adapters3revINtB4_3RevINtNtNtBa_3ops5range14RangeInclusivelEENtNtNtB8_6traits8iterator8Iterator4nextCsb0QcX9fjLSJ_6tritan
0x8000294e:  1141              addi                    sp,sp,-16
0x80002950:  e406              sd                      ra,8(sp)
0x80002952:  e02a              sd                      a0,0(sp)
0x80002954:  00001097          auipc                   ra,1                    # 0x80003954
0x80002958:  a1a080e7          jalr                    ra,ra,-1510

----------------
IN: _RNvXse_NtNtCs4Hpn15vVByi_4core4iter5rangeINtNtNtB9_3ops5range14RangeInclusivelENtNtNtB7_6traits12double_ended19DoubleEndedIterator9next_backCsb0QcX9fjLSJ_6tritan
0x8000336e:  1141              addi                    sp,sp,-16
0x80003370:  e406              sd                      ra,8(sp)
0x80003372:  e02a              sd                      a0,0(sp)
0x80003374:  00000097          auipc                   ra,0                    # 0x80003374
0x80003378:  f74080e7          jalr                    ra,ra,-140

----------------
IN: _RNvXsc_NtNtCs4Hpn15vVByi_4core4iter5rangeINtNtNtB9_3ops5range14RangeInclusivelENtB5_26RangeInclusiveIteratorImpl14spec_next_backCsb0QcX9fjLSJ_6tritan
0x800032e8:  715d              addi                    sp,sp,-80
0x800032ea:  e486              sd                      ra,72(sp)
0x800032ec:  e02a              sd                      a0,0(sp)
0x800032ee:  ec2a              sd                      a0,24(sp)
0x800032f0:  00854503          lbu                     a0,8(a0)
0x800032f4:  8905              andi                    a0,a0,1
0x800032f6:  ed01              bnez                    a0,24                   # 0x8000330e

----------------
IN: _RNvXsc_NtNtCs4Hpn15vVByi_4core4iter5rangeINtNtNtB9_3ops5range14RangeInclusivelENtB5_26RangeInclusiveIteratorImpl14spec_next_backCsb0QcX9fjLSJ_6tritan
0x800032f8:  a009              j                       2                       # 0x800032fa

----------------
IN: _RNvXsc_NtNtCs4Hpn15vVByi_4core4iter5rangeINtNtNtB9_3ops5range14RangeInclusivelENtB5_26RangeInclusiveIteratorImpl14spec_next_backCsb0QcX9fjLSJ_6tritan
0x800032fa:  6502              ld                      a0,0(sp)
0x800032fc:  00450593          addi                    a1,a0,4
0x80003300:  f42a              sd                      a0,40(sp)
0x80003302:  f82e              sd                      a1,48(sp)
0x80003304:  410c              lw                      a1,0(a0)
0x80003306:  4148              lw                      a0,4(a0)
0x80003308:  02b54263          bgt                     a1,a0,36                # 0x8000332c

----------------
IN: _RNvXsc_NtNtCs4Hpn15vVByi_4core4iter5rangeINtNtNtB9_3ops5range14RangeInclusivelENtB5_26RangeInclusiveIteratorImpl14spec_next_backCsb0QcX9fjLSJ_6tritan
0x8000330c:  a011              j                       4                       # 0x80003310

----------------
IN: _RNvXsc_NtNtCs4Hpn15vVByi_4core4iter5rangeINtNtNtB9_3ops5range14RangeInclusivelENtB5_26RangeInclusiveIteratorImpl14spec_next_backCsb0QcX9fjLSJ_6tritan
0x80003310:  6582              ld                      a1,0(sp)
0x80003312:  00458513          addi                    a0,a1,4
0x80003316:  fc2e              sd                      a1,56(sp)
0x80003318:  e0aa              sd                      a0,64(sp)
0x8000331a:  4188              lw                      a0,0(a1)
0x8000331c:  41cc              lw                      a1,4(a1)
0x8000331e:  00b52633          slt                     a2,a0,a1
0x80003322:  02c101a3          sb                      a2,35(sp)
0x80003326:  00b54d63          bgt                     a1,a0,26                # 0x80003340

----------------
IN: _RNvXsc_NtNtCs4Hpn15vVByi_4core4iter5rangeINtNtNtB9_3ops5range14RangeInclusivelENtB5_26RangeInclusiveIteratorImpl14spec_next_backCsb0QcX9fjLSJ_6tritan
0x80003340:  6502              ld                      a0,0(sp)
0x80003342:  4148              lw                      a0,4(a0)
0x80003344:  4585              addi                    a1,zero,1
0x80003346:  ffffd097          auipc                   ra,-3                   # 0x80000346
0x8000334a:  6a4080e7          jalr                    ra,ra,1700

----------------
IN: _RNvXsc_NtNtCs4Hpn15vVByi_4core4iter5rangeINtNtNtB9_3ops5range14RangeInclusivelENtB5_26RangeInclusiveIteratorImpl14spec_next_backCsb0QcX9fjLSJ_6tritan
0x8000334e:  6582              ld                      a1,0(sp)
0x80003350:  d22a              sw                      a0,36(sp)
0x80003352:  41d0              lw                      a2,4(a1)
0x80003354:  ca32              sw                      a2,20(sp)
0x80003356:  c1c8              sw                      a0,4(a1)
0x80003358:  a009              j                       2                       # 0x8000335a

----------------
IN: _RNvXsc_NtNtCs4Hpn15vVByi_4core4iter5rangeINtNtNtB9_3ops5range14RangeInclusivelENtB5_26RangeInclusiveIteratorImpl14spec_next_backCsb0QcX9fjLSJ_6tritan
0x8000335a:  4552              lw                      a0,20(sp)
0x8000335c:  c82a              sw                      a0,16(sp)
0x8000335e:  4505              addi                    a0,zero,1
0x80003360:  c62a              sw                      a0,12(sp)
0x80003362:  a009              j                       2                       # 0x80003364

----------------
IN: _RNvXsc_NtNtCs4Hpn15vVByi_4core4iter5rangeINtNtNtB9_3ops5range14RangeInclusivelENtB5_26RangeInclusiveIteratorImpl14spec_next_backCsb0QcX9fjLSJ_6tritan
0x80003364:  4532              lw                      a0,12(sp)
0x80003366:  45c2              lw                      a1,16(sp)
0x80003368:  60a6              ld                      ra,72(sp)
0x8000336a:  6161              addi                    sp,sp,80
0x8000336c:  8082              ret                     

----------------
IN: _RNvXse_NtNtCs4Hpn15vVByi_4core4iter5rangeINtNtNtB9_3ops5range14RangeInclusivelENtNtNtB7_6traits12double_ended19DoubleEndedIterator9next_backCsb0QcX9fjLSJ_6tritan
0x8000337c:  60a2              ld                      ra,8(sp)
0x8000337e:  0141              addi                    sp,sp,16
0x80003380:  8082              ret                     

----------------
IN: _RNvXs_NtNtNtCs4Hpn15vVByi_4core4iter8adapters3revINtB4_3RevINtNtNtBa_3ops5range14RangeInclusivelEENtNtNtB8_6traits8iterator8Iterator4nextCsb0QcX9fjLSJ_6tritan
0x8000295c:  60a2              ld                      ra,8(sp)
0x8000295e:  0141              addi                    sp,sp,16
0x80002960:  8082              ret                     

----------------
IN: _RNvNtCsb0QcX9fjLSJ_6tritan6kalloc9walk_addr
0x8000231c:  d52a              sw                      a0,168(sp)
0x8000231e:  d72e              sw                      a1,172(sp)
0x80002320:  0a816503          lwu                     a0,168(sp)
0x80002324:  8905              andi                    a0,a0,1
0x80002326:  cd09              beqz                    a0,26                   # 0x80002340

----------------
IN: _RNvNtCsb0QcX9fjLSJ_6tritan6kalloc9walk_addr
0x80002328:  a009              j                       2                       # 0x8000232a

----------------
IN: _RNvNtCsb0QcX9fjLSJ_6tritan6kalloc9walk_addr
0x8000232a:  563a              lw                      a2,172(sp)
0x8000232c:  d3b2              sw                      a2,228(sp)
0x8000232e:  00361513          slli                    a0,a2,3
0x80002332:  00c505b3          add                     a1,a0,a2
0x80002336:  e0ae              sd                      a1,64(sp)
0x80002338:  9d31              addw                    a0,a0,a2
0x8000233a:  08b51863          bne                     a0,a1,144               # 0x800023ca

----------------
IN: _RNvNtCsb0QcX9fjLSJ_6tritan6kalloc9walk_addr
0x8000233e:  a8b5              j                       124                     # 0x800023ba

----------------
IN: _RNvNtCsb0QcX9fjLSJ_6tritan6kalloc9walk_addr
0x800023ba:  6586              ld                      a1,64(sp)
0x800023bc:  00c5851b          addiw                   a0,a1,12
0x800023c0:  f02a              sd                      a0,32(sp)
0x800023c2:  2581              sext.w                  a1,a1
0x800023c4:  02b54263          bgt                     a1,a0,36                # 0x800023e8

----------------
IN: _RNvNtCsb0QcX9fjLSJ_6tritan6kalloc9walk_addr
0x800023c8:  a809              j                       18                      # 0x800023da

----------------
IN: _RNvNtCsb0QcX9fjLSJ_6tritan6kalloc9walk_addr
0x800023da:  7502              ld                      a0,32(sp)
0x800023dc:  2501              sext.w                  a0,a0
0x800023de:  04000593          addi                    a1,zero,64
0x800023e2:  00b56b63          bgtu                    a1,a0,22                # 0x800023f8

----------------
IN: _RNvNtCsb0QcX9fjLSJ_6tritan6kalloc9walk_addr
0x800023f8:  6526              ld                      a0,72(sp)
0x800023fa:  7582              ld                      a1,32(sp)
0x800023fc:  00b55533          srl                     a0,a0,a1
0x80002400:  1ff57593          andi                    a1,a0,511
0x80002404:  f5ae              sd                      a1,232(sp)
0x80002406:  7526              ld                      a0,104(sp)
0x80002408:  fdaa              sd                      a0,248(sp)
0x8000240a:  e22e              sd                      a1,256(sp)
0x8000240c:  058e              slli                    a1,a1,3
0x8000240e:  952e              add                     a0,a0,a1
0x80002410:  e82a              sd                      a0,16(sp)
0x80002412:  85aa              mv                      a1,a0
0x80002414:  ec2e              sd                      a1,24(sp)
0x80002416:  891d              andi                    a0,a0,7
0x80002418:  c911              beqz                    a0,20                   # 0x8000242c

----------------
IN: _RNvNtCsb0QcX9fjLSJ_6tritan6kalloc9walk_addr
0x8000242c:  6562              ld                      a0,24(sp)
0x8000242e:  ed01              bnez                    a0,24                   # 0x80002446

----------------
IN: _RNvNtCsb0QcX9fjLSJ_6tritan6kalloc9walk_addr
0x80002446:  6562              ld                      a0,24(sp)
0x80002448:  6108              ld                      a0,0(a0)
0x8000244a:  e42a              sd                      a0,8(sp)
0x8000244c:  f9aa              sd                      a0,240(sp)
0x8000244e:  8905              andi                    a0,a0,1
0x80002450:  cd19              beqz                    a0,30                   # 0x8000246e

----------------
IN: _RNvNtCsb0QcX9fjLSJ_6tritan6kalloc9walk_addr
0x80002452:  a809              j                       18                      # 0x80002464

----------------
IN: _RNvNtCsb0QcX9fjLSJ_6tritan6kalloc9walk_addr
0x80002464:  6522              ld                      a0,8(sp)
0x80002466:  8129              srli                    a0,a0,10
0x80002468:  0532              slli                    a0,a0,12
0x8000246a:  f4aa              sd                      a0,104(sp)
0x8000246c:  b55d              j                       -346                    # 0x80002312

----------------
IN: _RNvXsc_NtNtCs4Hpn15vVByi_4core4iter5rangeINtNtNtB9_3ops5range14RangeInclusivelENtB5_26RangeInclusiveIteratorImpl14spec_next_backCsb0QcX9fjLSJ_6tritan
0x8000332a:  a021              j                       8                       # 0x80003332

----------------
IN: _RNvXsc_NtNtCs4Hpn15vVByi_4core4iter5rangeINtNtNtB9_3ops5range14RangeInclusivelENtB5_26RangeInclusiveIteratorImpl14spec_next_backCsb0QcX9fjLSJ_6tritan
0x80003332:  6502              ld                      a0,0(sp)
0x80003334:  4585              addi                    a1,zero,1
0x80003336:  00b50423          sb                      a1,8(a0)
0x8000333a:  4148              lw                      a0,4(a0)
0x8000333c:  ca2a              sw                      a0,20(sp)
0x8000333e:  a831              j                       28                      # 0x8000335a

----------------
IN: _RNvXsc_NtNtCs4Hpn15vVByi_4core4iter5rangeINtNtNtB9_3ops5range14RangeInclusivelENtB5_26RangeInclusiveIteratorImpl14spec_next_backCsb0QcX9fjLSJ_6tritan
0x8000330e:  a839              j                       30                      # 0x8000332c

----------------
IN: _RNvXsc_NtNtCs4Hpn15vVByi_4core4iter5rangeINtNtNtB9_3ops5range14RangeInclusivelENtB5_26RangeInclusiveIteratorImpl14spec_next_backCsb0QcX9fjLSJ_6tritan
0x8000332c:  4501              mv                      a0,zero
0x8000332e:  c62a              sw                      a0,12(sp)
0x80003330:  a815              j                       52                      # 0x80003364

----------------
IN: _RNvNtCsb0QcX9fjLSJ_6tritan6kalloc9walk_addr
0x80002340:  6526              ld                      a0,72(sp)
0x80002342:  152e              slli                    a0,a0,43
0x80002344:  03755593          srli                    a1,a0,55
0x80002348:  e5ae              sd                      a1,200(sp)
0x8000234a:  7526              ld                      a0,104(sp)
0x8000234c:  e62a              sd                      a0,264(sp)
0x8000234e:  ea2e              sd                      a1,272(sp)
0x80002350:  058e              slli                    a1,a1,3
0x80002352:  952e              add                     a0,a0,a1
0x80002354:  f82a              sd                      a0,48(sp)
0x80002356:  85aa              mv                      a1,a0
0x80002358:  fc2e              sd                      a1,56(sp)
0x8000235a:  891d              andi                    a0,a0,7
0x8000235c:  e509              bnez                    a0,10                   # 0x80002366

----------------
IN: _RNvNtCsb0QcX9fjLSJ_6tritan6kalloc9walk_addr
0x8000235e:  a009              j                       2                       # 0x80002360

----------------
IN: _RNvNtCsb0QcX9fjLSJ_6tritan6kalloc9walk_addr
0x80002360:  7562              ld                      a0,56(sp)
0x80002362:  ed01              bnez                    a0,24                   # 0x8000237a

----------------
IN: _RNvNtCsb0QcX9fjLSJ_6tritan6kalloc9walk_addr
0x8000237a:  7562              ld                      a0,56(sp)
0x8000237c:  6108              ld                      a0,0(a0)
0x8000237e:  f42a              sd                      a0,40(sp)
0x80002380:  e9aa              sd                      a0,208(sp)
0x80002382:  8905              andi                    a0,a0,1
0x80002384:  c505              beqz                    a0,40                   # 0x800023ac

----------------
IN: _RNvNtCsb0QcX9fjLSJ_6tritan6kalloc9walk_addr
0x80002386:  a809              j                       18                      # 0x80002398

----------------
IN: _RNvNtCsb0QcX9fjLSJ_6tritan6kalloc9walk_addr
0x80002398:  65a6              ld                      a1,72(sp)
0x8000239a:  7522              ld                      a0,40(sp)
0x8000239c:  8129              srli                    a0,a0,10
0x8000239e:  0532              slli                    a0,a0,12
0x800023a0:  15d2              slli                    a1,a1,52
0x800023a2:  91d1              srli                    a1,a1,52
0x800023a4:  8d4d              or                      a0,a0,a1
0x800023a6:  edaa              sd                      a0,216(sp)
0x800023a8:  f0aa              sd                      a0,96(sp)
0x800023aa:  a021              j                       8                       # 0x800023b2

----------------
IN: _RNvNtCsb0QcX9fjLSJ_6tritan6kalloc9walk_addr
0x800023b2:  7506              ld                      a0,96(sp)
0x800023b4:  60f2              ld                      ra,280(sp)
0x800023b6:  6115              addi                    sp,sp,288
0x800023b8:  8082              ret                     

----------------
IN: _RNvNtCsb0QcX9fjLSJ_6tritan7syscall16handle_print_str
0x800043d0:  85aa              mv                      a1,a0
0x800043d2:  ec2e              sd                      a1,24(sp)
0x800043d4:  e12a              sd                      a0,128(sp)
0x800043d6:  cd19              beqz                    a0,30                   # 0x800043f4

----------------
IN: _RNvNtCsb0QcX9fjLSJ_6tritan7syscall16handle_print_str
0x800043d8:  a809              j                       18                      # 0x800043ea

----------------
IN: _RNvNtCsb0QcX9fjLSJ_6tritan7syscall16handle_print_str
0x800043ea:  6562              ld                      a0,24(sp)
0x800043ec:  85aa              mv                      a1,a0
0x800043ee:  e82e              sd                      a1,16(sp)
0x800043f0:  e509              bnez                    a0,10                   # 0x800043fa

----------------
IN: _RNvNtCsb0QcX9fjLSJ_6tritan7syscall16handle_print_str
0x800043fa:  6542              ld                      a0,16(sp)
0x800043fc:  00054503          lbu                     a0,0(a0)
0x80004400:  e42a              sd                      a0,8(sp)
0x80004402:  08a107a3          sb                      a0,143(sp)
0x80004406:  d57d              beqz                    a0,-18                  # 0x800043f4

----------------
IN: _RNvNtCsb0QcX9fjLSJ_6tritan7syscall16handle_print_str
0x80004408:  a809              j                       18                      # 0x8000441a

----------------
IN: _RNvNtCsb0QcX9fjLSJ_6tritan7syscall16handle_print_str
0x8000441a:  6522              ld                      a0,8(sp)
0x8000441c:  0ff57513          andi                    a0,a0,255
0x80004420:  c2aa              sw                      a0,68(sp)
0x80004422:  00cc              addi                    a1,sp,68
0x80004424:  e92e              sd                      a1,144(sp)
0x80004426:  08a8              addi                    a0,sp,88
0x80004428:  ffffe097          auipc                   ra,-2                   # 0x80002428
0x8000442c:  28a080e7          jalr                    ra,ra,650

----------------
IN: _RINvMNtNtCs4Hpn15vVByi_4core3fmt2rtNtB3_8Argument11new_displaycECsb0QcX9fjLSJ_6tritan
0x800026b2:  1101              addi                    sp,sp,-32
0x800026b4:  e02e              sd                      a1,0(sp)
0x800026b6:  85aa              mv                      a1,a0
0x800026b8:  6502              ld                      a0,0(sp)
0x800026ba:  ec2a              sd                      a0,24(sp)
0x800026bc:  e42a              sd                      a0,8(sp)
0x800026be:  00005517          auipc                   a0,5                    # 0x800076be
0x800026c2:  64850513          addi                    a0,a0,1608
0x800026c6:  e82a              sd                      a0,16(sp)
0x800026c8:  6542              ld                      a0,16(sp)
0x800026ca:  e588              sd                      a0,8(a1)
0x800026cc:  6522              ld                      a0,8(sp)
0x800026ce:  e188              sd                      a0,0(a1)
0x800026d0:  6105              addi                    sp,sp,32
0x800026d2:  8082              ret                     

----------------
IN: _RNvNtCsb0QcX9fjLSJ_6tritan7syscall16handle_print_str
0x80004430:  7506              ld                      a0,96(sp)
0x80004432:  e8aa              sd                      a0,80(sp)
0x80004434:  6566              ld                      a0,88(sp)
0x80004436:  e4aa              sd                      a0,72(sp)
0x80004438:  00006517          auipc                   a0,6                    # 0x8000a438
0x8000443c:  ea250513          addi                    a0,a0,-350
0x80004440:  00ac              addi                    a1,sp,72
0x80004442:  00000097          auipc                   ra,0                    # 0x80004442
0x80004446:  792080e7          jalr                    ra,ra,1938

----------------
IN: _RINvMs2_NtCs4Hpn15vVByi_4core3fmtNtB6_9Arguments3newKj2_Kj1_ECscQj4IemQydr_4talc
0x80004bd4:  1141              addi                    sp,sp,-16
0x80004bd6:  e02a              sd                      a0,0(sp)
0x80004bd8:  e42e              sd                      a1,8(sp)
0x80004bda:  0141              addi                    sp,sp,16
0x80004bdc:  8082              ret                     

----------------
IN: _RNvNtCsb0QcX9fjLSJ_6tritan7syscall16handle_print_str
0x8000444a:  00000097          auipc                   ra,0                    # 0x8000444a
0x8000444e:  0e2080e7          jalr                    ra,ra,226

----------------
IN: _RNvNtCs4Hpn15vVByi_4core3fmt5write
0x80006182:  004c9513          slli                    a0,s9,4
0x80006186:  00a985b3          add                     a1,s3,a0
0x8000618a:  6188              ld                      a0,0(a1)
0x8000618c:  6590              ld                      a2,8(a1)
0x8000618e:  f9443423          sd                      s4,-120(s0)
0x80006192:  f9243823          sd                      s2,-112(s0)
0x80006196:  f9a43c23          sd                      s10,-104(s0)
0x8000619a:  f8840593          addi                    a1,s0,-120
0x8000619e:  9602              jalr                    ra,a2,0

----------------
IN: _RNvXsk_NtCs4Hpn15vVByi_4core3fmtcNtB5_7Display3fmt
0x80007d06:  86ae              mv                      a3,a1
0x80007d08:  0135c603          lbu                     a2,19(a1)
0x80007d0c:  410c              lw                      a1,0(a0)
0x80007d0e:  8a61              andi                    a2,a2,24
0x80007d10:  ce19              beqz                    a2,30                   # 0x80007d2e

----------------
IN: _RNvXsk_NtCs4Hpn15vVByi_4core3fmtcNtB5_7Display3fmt
0x80007d2e:  6690              ld                      a2,8(a3)
0x80007d30:  6288              ld                      a0,0(a3)
0x80007d32:  721c              ld                      a5,32(a2)
0x80007d34:  8782              jr                      a5

----------------
IN: _RNvYNtNtCsb0QcX9fjLSJ_6tritan7console4UartNtNtCs4Hpn15vVByi_4core3fmt5Write10write_charB6_
0x80003188:  711d              addi                    sp,sp,-96
0x8000318a:  ec86              sd                      ra,88(sp)
0x8000318c:  e42e              sd                      a1,8(sp)
0x8000318e:  85aa              mv                      a1,a0
0x80003190:  6522              ld                      a0,8(sp)
0x80003192:  e82e              sd                      a1,16(sp)
0x80003194:  f42e              sd                      a1,40(sp)
0x80003196:  da2a              sw                      a0,52(sp)
0x80003198:  4581              mv                      a1,zero
0x8000319a:  d22e              sw                      a1,36(sp)
0x8000319c:  104c              addi                    a1,sp,36
0x8000319e:  fc2e              sd                      a1,56(sp)
0x800031a0:  4611              addi                    a2,zero,4
0x800031a2:  e0b2              sd                      a2,64(sp)
0x800031a4:  00001097          auipc                   ra,1                    # 0x800041a4
0x800031a8:  554080e7          jalr                    ra,ra,1364

----------------
IN: _RNvNtNtCs4Hpn15vVByi_4core4char7methods15encode_utf8_rawCsb0QcX9fjLSJ_6tritan
0x800046f8:  715d              addi                    sp,sp,-80
0x800046fa:  e486              sd                      ra,72(sp)
0x800046fc:  e032              sd                      a2,0(sp)
0x800046fe:  e42e              sd                      a1,8(sp)
0x80004700:  86aa              mv                      a3,a0
0x80004702:  e836              sd                      a3,16(sp)
0x80004704:  d22a              sw                      a0,36(sp)
0x80004706:  f42e              sd                      a1,40(sp)
0x80004708:  f832              sd                      a2,48(sp)
0x8000470a:  08000593          addi                    a1,zero,128
0x8000470e:  00b56863          bgtu                    a1,a0,16                # 0x8000471e

----------------
IN: _RNvNtNtCs4Hpn15vVByi_4core4char7methods15encode_utf8_rawCsb0QcX9fjLSJ_6tritan
0x8000471e:  4505              addi                    a0,zero,1
0x80004720:  ec2a              sd                      a0,24(sp)
0x80004722:  a839              j                       30                      # 0x80004740

----------------
IN: _RNvNtNtCs4Hpn15vVByi_4core4char7methods15encode_utf8_rawCsb0QcX9fjLSJ_6tritan
0x80004740:  6502              ld                      a0,0(sp)
0x80004742:  fc2a              sd                      a0,56(sp)
0x80004744:  65e2              ld                      a1,24(sp)
0x80004746:  00b56d63          bgtu                    a1,a0,26                # 0x80004760

----------------
IN: _RNvNtNtCs4Hpn15vVByi_4core4char7methods15encode_utf8_rawCsb0QcX9fjLSJ_6tritan
0x8000474a:  a009              j                       2                       # 0x8000474c

----------------
IN: _RNvNtNtCs4Hpn15vVByi_4core4char7methods15encode_utf8_rawCsb0QcX9fjLSJ_6tritan
0x8000474c:  65a2              ld                      a1,8(sp)
0x8000474e:  6542              ld                      a0,16(sp)
0x80004750:  2501              sext.w                  a0,a0
0x80004752:  00000097          auipc                   ra,0                    # 0x80004752
0x80004756:  04a080e7          jalr                    ra,ra,74

----------------
IN: _RNvNtNtCs4Hpn15vVByi_4core4char7methods25encode_utf8_raw_uncheckedCsb0QcX9fjLSJ_6tritan
0x8000479c:  7119              addi                    sp,sp,-128
0x8000479e:  f02e              sd                      a1,32(sp)
0x800047a0:  862a              mv                      a2,a0
0x800047a2:  f432              sd                      a2,40(sp)
0x800047a4:  de2a              sw                      a0,60(sp)
0x800047a6:  e0ae              sd                      a1,64(sp)
0x800047a8:  4585              addi                    a1,zero,1
0x800047aa:  e4ae              sd                      a1,72(sp)
0x800047ac:  e8ae              sd                      a1,80(sp)
0x800047ae:  ecae              sd                      a1,88(sp)
0x800047b0:  4589              addi                    a1,zero,2
0x800047b2:  f0ae              sd                      a1,96(sp)
0x800047b4:  f4ae              sd                      a1,104(sp)
0x800047b6:  458d              addi                    a1,zero,3
0x800047b8:  f8ae              sd                      a1,112(sp)
0x800047ba:  08000593          addi                    a1,zero,128
0x800047be:  00b56863          bgtu                    a1,a0,16                # 0x800047ce

----------------
IN: _RNvNtNtCs4Hpn15vVByi_4core4char7methods25encode_utf8_raw_uncheckedCsb0QcX9fjLSJ_6tritan
0x800047ce:  7522              ld                      a0,40(sp)
0x800047d0:  7582              ld                      a1,32(sp)
0x800047d2:  4605              addi                    a2,zero,1
0x800047d4:  f832              sd                      a2,48(sp)
0x800047d6:  00a58023          sb                      a0,0(a1)
0x800047da:  a049              j                       130                     # 0x8000485c

----------------
IN: _RNvNtNtCs4Hpn15vVByi_4core4char7methods25encode_utf8_raw_uncheckedCsb0QcX9fjLSJ_6tritan
0x8000485c:  a825              j                       56                      # 0x80004894

----------------
IN: _RNvNtNtCs4Hpn15vVByi_4core4char7methods25encode_utf8_raw_uncheckedCsb0QcX9fjLSJ_6tritan
0x80004894:  6109              addi                    sp,sp,128
0x80004896:  8082              ret                     

----------------
IN: _RNvNtNtCs4Hpn15vVByi_4core4char7methods15encode_utf8_rawCsb0QcX9fjLSJ_6tritan
0x8000475a:  6522              ld                      a0,8(sp)
0x8000475c:  e0aa              sd                      a0,64(sp)
0x8000475e:  a829              j                       26                      # 0x80004778

----------------
IN: _RNvNtNtCs4Hpn15vVByi_4core4char7methods15encode_utf8_rawCsb0QcX9fjLSJ_6tritan
0x80004778:  6522              ld                      a0,8(sp)
0x8000477a:  66e2              ld                      a3,24(sp)
0x8000477c:  00008597          auipc                   a1,8                    # 0x8000c77c
0x80004780:  44c58713          addi                    a4,a1,1100
0x80004784:  4605              addi                    a2,zero,1
0x80004786:  85b2              mv                      a1,a2
0x80004788:  ffffe097          auipc                   ra,-2                   # 0x80002788
0x8000478c:  628080e7          jalr                    ra,ra,1576

----------------
IN: _RNvNvNtNtCs4Hpn15vVByi_4core5slice3raw18from_raw_parts_mut18precondition_checkCsb0QcX9fjLSJ_6tritan
0x80002db0:  7119              addi                    sp,sp,-128
0x80002db2:  fc86              sd                      ra,120(sp)
0x80002db4:  e43a              sd                      a4,8(sp)
0x80002db6:  e836              sd                      a3,16(sp)
0x80002db8:  ec32              sd                      a2,24(sp)
0x80002dba:  862e              mv                      a2,a1
0x80002dbc:  65e2              ld                      a1,24(sp)
0x80002dbe:  f032              sd                      a2,32(sp)
0x80002dc0:  f42a              sd                      a0,40(sp)
0x80002dc2:  fc2a              sd                      a0,56(sp)
0x80002dc4:  e0b2              sd                      a2,64(sp)
0x80002dc6:  e4ae              sd                      a1,72(sp)
0x80002dc8:  e8b6              sd                      a3,80(sp)
0x80002dca:  4601              mv                      a2,zero
0x80002dcc:  04c10fa3          sb                      a2,95(sp)
0x80002dd0:  f0aa              sd                      a0,96(sp)
0x80002dd2:  00002097          auipc                   ra,2                    # 0x80004dd2
0x80002dd6:  cac080e7          jalr                    ra,ra,-852

----------------
IN: _RNvNvNtNtCs4Hpn15vVByi_4core5slice3raw18from_raw_parts_mut18precondition_checkCsb0QcX9fjLSJ_6tritan
0x80002dda:  e119              bnez                    a0,6                    # 0x80002de0

----------------
IN: _RNvNvNtNtCs4Hpn15vVByi_4core5slice3raw18from_raw_parts_mut18precondition_checkCsb0QcX9fjLSJ_6tritan
0x80002de0:  7522              ld                      a0,40(sp)
0x80002de2:  e119              bnez                    a0,6                    # 0x80002de8

----------------
IN: _RNvNvNtNtCs4Hpn15vVByi_4core5slice3raw18from_raw_parts_mut18precondition_checkCsb0QcX9fjLSJ_6tritan
0x80002de8:  7502              ld                      a0,32(sp)
0x80002dea:  c115              beqz                    a0,36                   # 0x80002e0e

----------------
IN: _RNvNvNtNtCs4Hpn15vVByi_4core5slice3raw18from_raw_parts_mut18precondition_checkCsb0QcX9fjLSJ_6tritan
0x80002dec:  a025              j                       40                      # 0x80002e14

----------------
IN: _RNvNvNtNtCs4Hpn15vVByi_4core5slice3raw18from_raw_parts_mut18precondition_checkCsb0QcX9fjLSJ_6tritan
0x80002e14:  7582              ld                      a1,32(sp)
0x80002e16:  557d              addi                    a0,zero,-1
0x80002e18:  8105              srli                    a0,a0,1
0x80002e1a:  02b55533          divu                    a0,a0,a1
0x80002e1e:  f82a              sd                      a0,48(sp)
0x80002e20:  a009              j                       2                       # 0x80002e22

----------------
IN: _RNvNvNtNtCs4Hpn15vVByi_4core5slice3raw18from_raw_parts_mut18precondition_checkCsb0QcX9fjLSJ_6tritan
0x80002e22:  65c2              ld                      a1,16(sp)
0x80002e24:  7542              ld                      a0,48(sp)
0x80002e26:  00b57463          bleu                    a1,a0,8                 # 0x80002e2e

----------------
IN: _RNvNvNtNtCs4Hpn15vVByi_4core5slice3raw18from_raw_parts_mut18precondition_checkCsb0QcX9fjLSJ_6tritan
0x80002e2e:  70e6              ld                      ra,120(sp)
0x80002e30:  6109              addi                    sp,sp,128
0x80002e32:  8082              ret                     

----------------
IN: _RNvNtNtCs4Hpn15vVByi_4core4char7methods15encode_utf8_rawCsb0QcX9fjLSJ_6tritan
0x80004790:  a009              j                       2                       # 0x80004792

----------------
IN: _RNvNtNtCs4Hpn15vVByi_4core4char7methods15encode_utf8_rawCsb0QcX9fjLSJ_6tritan
0x80004792:  6522              ld                      a0,8(sp)
0x80004794:  65e2              ld                      a1,24(sp)
0x80004796:  60a6              ld                      ra,72(sp)
0x80004798:  6161              addi                    sp,sp,80
0x8000479a:  8082              ret                     

----------------
IN: _RNvYNtNtCsb0QcX9fjLSJ_6tritan7console4UartNtNtCs4Hpn15vVByi_4core3fmt5Write10write_charB6_
0x800031ac:  862a              mv                      a2,a0
0x800031ae:  6542              ld                      a0,16(sp)
0x800031b0:  ec32              sd                      a2,24(sp)
0x800031b2:  862e              mv                      a2,a1
0x800031b4:  65e2              ld                      a1,24(sp)
0x800031b6:  e4ae              sd                      a1,72(sp)
0x800031b8:  e8b2              sd                      a2,80(sp)
0x800031ba:  00001097          auipc                   ra,1                    # 0x800041ba
0x800031be:  472080e7          jalr                    ra,ra,1138

----------------
IN: _RNvYNtNtCsb0QcX9fjLSJ_6tritan7console4UartNtNtCs4Hpn15vVByi_4core3fmt5Write10write_charB6_
0x800031c2:  60e6              ld                      ra,88(sp)
0x800031c4:  6125              addi                    sp,sp,96
0x800031c6:  8082              ret                     

----------------
IN: _RNvNtCs4Hpn15vVByi_4core3fmt5write
0x800061a0:  14051663          bnez                    a0,332                  # 0x800062ec

----------------
IN: _RNvNtCsb0QcX9fjLSJ_6tritan7syscall16handle_print_str
0x80004452:  75e2              ld                      a1,56(sp)
0x80004454:  00158513          addi                    a0,a1,1
0x80004458:  e02a              sd                      a0,0(sp)
0x8000445a:  00b56663          bgtu                    a1,a0,12                # 0x80004466

----------------
IN: _RNvNtCsb0QcX9fjLSJ_6tritan7syscall16handle_print_str
0x8000445e:  a009              j                       2                       # 0x80004460

----------------
IN: _RNvNtCsb0QcX9fjLSJ_6tritan7syscall16handle_print_str
0x80004460:  6502              ld                      a0,0(sp)
0x80004462:  fc2a              sd                      a0,56(sp)
0x80004464:  bf89              j                       -174                    # 0x800043b6

----------------
IN: _RNvNtCsb0QcX9fjLSJ_6tritan7syscall16handle_print_str
0x800043f4:  60ea              ld                      ra,152(sp)
0x800043f6:  610d              addi                    sp,sp,160
0x800043f8:  8082              ret                     

----------------
IN: _RNvCsb0QcX9fjLSJ_6tritan14handle_syscall
0x80000bc8:  a009              j                       2                       # 0x80000bca

----------------
IN: _RNvCsb0QcX9fjLSJ_6tritan14handle_syscall
0x80000bca:  60aa              ld                      ra,136(sp)
0x80000bcc:  6149              addi                    sp,sp,144
0x80000bce:  8082              ret                     

----------------
IN: rust_trap_handler
0x800013d4:  00023517          auipc                   a0,35                   # 0x800243d4
0x800013d8:  c4c50513          addi                    a0,a0,-948
0x800013dc:  e62a              sd                      a0,264(sp)
0x800013de:  f22a              sd                      a0,288(sp)
0x800013e0:  a009              j                       2                       # 0x800013e2

----------------
IN: rust_trap_handler
0x800013e2:  00023517          auipc                   a0,35                   # 0x800243e2
0x800013e6:  c3e50513          addi                    a0,a0,-962
0x800013ea:  eaaa              sd                      a0,336(sp)
0x800013ec:  4605              addi                    a2,zero,1
0x800013ee:  4689              addi                    a3,zero,2
0x800013f0:  4701              mv                      a4,zero
0x800013f2:  85ba              mv                      a1,a4
0x800013f4:  00000097          auipc                   ra,0                    # 0x800013f4
0x800013f8:  42a080e7          jalr                    ra,ra,1066

----------------
IN: rust_trap_handler
0x800013fc:  8905              andi                    a0,a0,1
0x800013fe:  14a10723          sb                      a0,334(sp)
0x80001402:  14b107a3          sb                      a1,335(sp)
0x80001406:  14e10513          addi                    a0,sp,334
0x8000140a:  00002097          auipc                   ra,2                    # 0x8000340a
0x8000140e:  540080e7          jalr                    ra,ra,1344

----------------
IN: rust_trap_handler
0x80001412:  e509              bnez                    a0,10                   # 0x8000141c

----------------
IN: rust_trap_handler
0x8000141c:  00023517          auipc                   a0,35                   # 0x8002441c
0x80001420:  c0450593          addi                    a1,a0,-1020
0x80001424:  00858513          addi                    a0,a1,8
0x80001428:  f2aa              sd                      a0,352(sp)
0x8000142a:  fe2e              sd                      a1,312(sp)
0x8000142c:  e2aa              sd                      a0,320(sp)
0x8000142e:  a009              j                       2                       # 0x80001430

----------------
IN: rust_trap_handler
0x80001430:  75f2              ld                      a1,312(sp)
0x80001432:  6516              ld                      a0,320(sp)
0x80001434:  ea2e              sd                      a1,272(sp)
0x80001436:  ee2a              sd                      a0,280(sp)
0x80001438:  6552              ld                      a0,272(sp)
0x8000143a:  e11d              bnez                    a0,38                   # 0x80001460

----------------
IN: rust_trap_handler
0x80001460:  65d2              ld                      a1,272(sp)
0x80001462:  6572              ld                      a0,280(sp)
0x80001464:  f62e              sd                      a1,296(sp)
0x80001466:  fa2a              sd                      a0,304(sp)
0x80001468:  e1ae              sd                      a1,192(sp)
0x8000146a:  e5aa              sd                      a0,200(sp)
0x8000146c:  0188              addi                    a0,sp,192
0x8000146e:  e02a              sd                      a0,0(sp)
0x80001470:  00002097          auipc                   ra,2                    # 0x80003470
0x80001474:  068080e7          jalr                    ra,ra,104

----------------
IN: _RNvXs9_NtCsek73zhQAbPJ_4spin5mutexINtB5_10MutexGuardjENtNtNtCs4Hpn15vVByi_4core3ops5deref5Deref5derefCsb0QcX9fjLSJ_6tritan
0x800034d8:  1141              addi                    sp,sp,-16
0x800034da:  e406              sd                      ra,8(sp)
0x800034dc:  e02a              sd                      a0,0(sp)
0x800034de:  00000097          auipc                   ra,0                    # 0x800034de
0x800034e2:  524080e7          jalr                    ra,ra,1316

----------------
IN: _RNvXsb_NtNtCsek73zhQAbPJ_4spin5mutex4spinINtB5_14SpinMutexGuardjENtNtNtCs4Hpn15vVByi_4core3ops5deref5Deref5derefCsb0QcX9fjLSJ_6tritan
0x80003a02:  1141              addi                    sp,sp,-16
0x80003a04:  e42a              sd                      a0,8(sp)
0x80003a06:  6508              ld                      a0,8(a0)
0x80003a08:  0141              addi                    sp,sp,16
0x80003a0a:  8082              ret                     

----------------
IN: _RNvXs9_NtCsek73zhQAbPJ_4spin5mutexINtB5_10MutexGuardjENtNtNtCs4Hpn15vVByi_4core3ops5deref5Deref5derefCsb0QcX9fjLSJ_6tritan
0x800034e6:  60a2              ld                      ra,8(sp)
0x800034e8:  0141              addi                    sp,sp,16
0x800034ea:  8082              ret                     

----------------
IN: rust_trap_handler
0x80001478:  85aa              mv                      a1,a0
0x8000147a:  6502              ld                      a0,0(sp)
0x8000147c:  618c              ld                      a1,0(a1)
0x8000147e:  e42e              sd                      a1,8(sp)
0x80001480:  f5ae              sd                      a1,232(sp)
0x80001482:  00001097          auipc                   ra,1                    # 0x80002482
0x80001486:  3d8080e7          jalr                    ra,ra,984

----------------
IN: rust_trap_handler
0x8000148a:  00008517          auipc                   a0,8                    # 0x8000948a
0x8000148e:  b7650593          addi                    a1,a0,-1162
0x80001492:  00008517          auipc                   a0,8                    # 0x80009492
0x80001496:  c0650513          addi                    a0,a0,-1018
0x8000149a:  02b56d63          bgtu                    a1,a0,58                # 0x800014d4

----------------
IN: rust_trap_handler
0x8000149e:  a809              j                       18                      # 0x800014b0

----------------
IN: rust_trap_handler
0x800014b0:  00008517          auipc                   a0,8                    # 0x800094b0
0x800014b4:  b5050593          addi                    a1,a0,-1200
0x800014b8:  00008517          auipc                   a0,8                    # 0x800094b8
0x800014bc:  be050513          addi                    a0,a0,-1056
0x800014c0:  8d0d              sub                     a0,a0,a1
0x800014c2:  f9aa              sd                      a0,240(sp)
0x800014c4:  040005b7          lui                     a1,16384
0x800014c8:  15fd              addi                    a1,a1,-1
0x800014ca:  05b2              slli                    a1,a1,12
0x800014cc:  952e              add                     a0,a0,a1
0x800014ce:  04b56463          bgtu                    a1,a0,72                # 0x80001516

----------------
IN: rust_trap_handler
0x800014d2:  a809              j                       18                      # 0x800014e4

----------------
IN: rust_trap_handler
0x800014e4:  65a2              ld                      a1,8(sp)
0x800014e6:  00008517          auipc                   a0,8                    # 0x800094e6
0x800014ea:  b1a50613          addi                    a2,a0,-1254
0x800014ee:  00008517          auipc                   a0,8                    # 0x800094ee
0x800014f2:  baa50513          addi                    a0,a0,-1110
0x800014f6:  8d11              sub                     a0,a0,a2
0x800014f8:  04000637          lui                     a2,16384
0x800014fc:  167d              addi                    a2,a2,-1
0x800014fe:  0632              slli                    a2,a2,12
0x80001500:  962a              add                     a2,a2,a0
0x80001502:  fdb2              sd                      a2,248(sp)
0x80001504:  e232              sd                      a2,256(sp)
0x80001506:  02000537          lui                     a0,8192
0x8000150a:  157d              addi                    a0,a0,-1
0x8000150c:  0536              slli                    a0,a0,13
0x8000150e:  9602              jalr                    ra,a2,0

----------------
IN: 
0x0000100e:  a001              j                       0                       # 0x100e

